solid CATIA STL
  facet normal  0.000000e+000  -0.000000e+000  1.000000e+000
    outer loop
      vertex  2.288869e-001  9.697299e+000  1.650000e+001
      vertex  6.295760e-001  8.827578e+000  1.650000e+001
      vertex  2.730933e+000  9.307631e+000  1.650000e+001
    endloop
  endfacet
  facet normal  0.000000e+000  0.000000e+000  1.000000e+000
    outer loop
      vertex  6.295760e-001  8.827578e+000  1.650000e+001
      vertex  2.288869e-001  9.697299e+000  1.650000e+001
      vertex -1.882942e+000  8.647371e+000  1.650000e+001
    endloop
  endfacet
  facet normal  0.000000e+000  -0.000000e+000  1.000000e+000
    outer loop
      vertex -1.882942e+000  8.647371e+000  1.650000e+001
      vertex  2.288869e-001  9.697299e+000  1.650000e+001
      vertex -2.288758e+000  9.426112e+000  1.650000e+001
    endloop
  endfacet
  facet normal  0.000000e+000  0.000000e+000  1.000000e+000
    outer loop
      vertex -1.882942e+000  8.647371e+000  1.650000e+001
      vertex -2.288758e+000  9.426112e+000  1.650000e+001
      vertex -4.242916e+000  7.766606e+000  1.650000e+001
    endloop
  endfacet
  facet normal  0.000000e+000  -0.000000e+000  1.000000e+000
    outer loop
      vertex -4.242916e+000  7.766606e+000  1.650000e+001
      vertex -2.288758e+000  9.426112e+000  1.650000e+001
      vertex -4.650428e+000  8.512551e+000  1.650000e+001
    endloop
  endfacet
  facet normal  0.000000e+000  0.000000e+000  1.000000e+000
    outer loop
      vertex -4.242916e+000  7.766606e+000  1.650000e+001
      vertex -4.650428e+000  8.512551e+000  1.650000e+001
      vertex -6.259154e+000  6.256636e+000  1.650000e+001
    endloop
  endfacet
  facet normal  0.000000e+000  -0.000000e+000  1.000000e+000
    outer loop
      vertex -6.259154e+000  6.256636e+000  1.650000e+001
      vertex -4.650428e+000  8.512551e+000  1.650000e+001
      vertex -6.695179e+000  7.018873e+000  1.650000e+001
    endloop
  endfacet
  facet normal  0.000000e+000  0.000000e+000  1.000000e+000
    outer loop
      vertex -6.259154e+000  6.256636e+000  1.650000e+001
      vertex -6.695179e+000  7.018873e+000  1.650000e+001
      vertex -7.768312e+000  4.239791e+000  1.650000e+001
    endloop
  endfacet
  facet normal  0.000000e+000  -0.000000e+000  1.000000e+000
    outer loop
      vertex -7.768312e+000  4.239791e+000  1.650000e+001
      vertex -6.695179e+000  7.018873e+000  1.650000e+001
      vertex -8.283664e+000  5.046872e+000  1.650000e+001
    endloop
  endfacet
  facet normal  0.000000e+000  0.000000e+000  1.000000e+000
    outer loop
      vertex -7.768312e+000  4.239791e+000  1.650000e+001
      vertex -8.283664e+000  5.046872e+000  1.650000e+001
      vertex -8.648128e+000  1.879463e+000  1.650000e+001
    endloop
  endfacet
  facet normal  0.000000e+000  -0.000000e+000  1.000000e+000
    outer loop
      vertex -8.648128e+000  1.879463e+000  1.650000e+001
      vertex -8.283664e+000  5.046872e+000  1.650000e+001
      vertex -9.307631e+000  2.730933e+000  1.650000e+001
    endloop
  endfacet
  facet normal  0.000000e+000  0.000000e+000  1.000000e+000
    outer loop
      vertex -8.648128e+000  1.879463e+000  1.650000e+001
      vertex -9.307631e+000  2.730933e+000  1.650000e+001
      vertex -8.827324e+000 -6.331276e-001  1.650000e+001
    endloop
  endfacet
  facet normal  0.000000e+000  0.000000e+000  1.000000e+000
    outer loop
      vertex -8.827324e+000 -6.331276e-001  1.650000e+001
      vertex -9.307631e+000  2.730933e+000  1.650000e+001
      vertex -9.697299e+000  2.288869e-001  1.650000e+001
    endloop
  endfacet
  facet normal  0.000000e+000  0.000000e+000  1.000000e+000
    outer loop
      vertex -8.827324e+000 -6.331276e-001  1.650000e+001
      vertex -9.697299e+000  2.288869e-001  1.650000e+001
      vertex -8.291383e+000 -3.094426e+000  1.650000e+001
    endloop
  endfacet
  facet normal  0.000000e+000  0.000000e+000  1.000000e+000
    outer loop
      vertex -8.291383e+000 -3.094426e+000  1.650000e+001
      vertex -9.697299e+000  2.288869e-001  1.650000e+001
      vertex -9.426112e+000 -2.288758e+000  1.650000e+001
    endloop
  endfacet
  facet normal  0.000000e+000  0.000000e+000  1.000000e+000
    outer loop
      vertex -8.291383e+000 -3.094426e+000  1.650000e+001
      vertex -9.426112e+000 -2.288758e+000  1.650000e+001
      vertex -7.083723e+000 -5.305032e+000  1.650000e+001
    endloop
  endfacet
  facet normal  0.000000e+000  0.000000e+000  1.000000e+000
    outer loop
      vertex -7.083723e+000 -5.305032e+000  1.650000e+001
      vertex -9.426112e+000 -2.288758e+000  1.650000e+001
      vertex -8.512551e+000 -4.650428e+000  1.650000e+001
    endloop
  endfacet
  facet normal  0.000000e+000  0.000000e+000  1.000000e+000
    outer loop
      vertex -7.083723e+000 -5.305032e+000  1.650000e+001
      vertex -8.512551e+000 -4.650428e+000  1.650000e+001
      vertex -5.302182e+000 -7.085857e+000  1.650000e+001
    endloop
  endfacet
  facet normal  0.000000e+000  0.000000e+000  1.000000e+000
    outer loop
      vertex -5.302182e+000 -7.085857e+000  1.650000e+001
      vertex -8.512551e+000 -4.650428e+000  1.650000e+001
      vertex -7.018873e+000 -6.695179e+000  1.650000e+001
    endloop
  endfacet
  facet normal  0.000000e+000  0.000000e+000  1.000000e+000
    outer loop
      vertex -5.302182e+000 -7.085857e+000  1.650000e+001
      vertex -7.018873e+000 -6.695179e+000  1.650000e+001
      vertex -3.091090e+000 -8.292627e+000  1.650000e+001
    endloop
  endfacet
  facet normal  0.000000e+000  0.000000e+000  1.000000e+000
    outer loop
      vertex -3.091090e+000 -8.292627e+000  1.650000e+001
      vertex -7.018873e+000 -6.695179e+000  1.650000e+001
      vertex -5.046872e+000 -8.283664e+000  1.650000e+001
    endloop
  endfacet
  facet normal  0.000000e+000  0.000000e+000  1.000000e+000
    outer loop
      vertex -3.091090e+000 -8.292627e+000  1.650000e+001
      vertex -5.046872e+000 -8.283664e+000  1.650000e+001
      vertex -6.295760e-001 -8.827578e+000  1.650000e+001
    endloop
  endfacet
  facet normal  0.000000e+000  0.000000e+000  1.000000e+000
    outer loop
      vertex -6.295760e-001 -8.827578e+000  1.650000e+001
      vertex -5.046872e+000 -8.283664e+000  1.650000e+001
      vertex -2.730933e+000 -9.307631e+000  1.650000e+001
    endloop
  endfacet
  facet normal  -0.000000e+000  0.000000e+000  1.000000e+000
    outer loop
      vertex -6.295760e-001 -8.827578e+000  1.650000e+001
      vertex -2.730933e+000 -9.307631e+000  1.650000e+001
      vertex -2.288869e-001 -9.697299e+000  1.650000e+001
    endloop
  endfacet
  facet normal  0.000000e+000  -0.000000e+000  1.000000e+000
    outer loop
      vertex -6.295760e-001 -8.827578e+000  1.650000e+001
      vertex -2.288869e-001 -9.697299e+000  1.650000e+001
      vertex  1.882942e+000 -8.647371e+000  1.650000e+001
    endloop
  endfacet
  facet normal  0.000000e+000  0.000000e+000  1.000000e+000
    outer loop
      vertex  1.882942e+000 -8.647371e+000  1.650000e+001
      vertex -2.288869e-001 -9.697299e+000  1.650000e+001
      vertex  2.288758e+000 -9.426112e+000  1.650000e+001
    endloop
  endfacet
  facet normal  0.000000e+000  -0.000000e+000  1.000000e+000
    outer loop
      vertex  1.882942e+000 -8.647371e+000  1.650000e+001
      vertex  2.288758e+000 -9.426112e+000  1.650000e+001
      vertex  4.650428e+000 -8.512551e+000  1.650000e+001
    endloop
  endfacet
  facet normal  -0.000000e+000  0.000000e+000  1.000000e+000
    outer loop
      vertex  2.730933e+000  9.307631e+000  1.650000e+001
      vertex  6.295760e-001  8.827578e+000  1.650000e+001
      vertex  5.046872e+000  8.283664e+000  1.650000e+001
    endloop
  endfacet
  facet normal  0.000000e+000  0.000000e+000  1.000000e+000
    outer loop
      vertex  5.046872e+000  8.283664e+000  1.650000e+001
      vertex  6.295760e-001  8.827578e+000  1.650000e+001
      vertex  3.091090e+000  8.292627e+000  1.650000e+001
    endloop
  endfacet
  facet normal  0.000000e+000  0.000000e+000  1.000000e+000
    outer loop
      vertex  5.046872e+000  8.283664e+000  1.650000e+001
      vertex  3.091090e+000  8.292627e+000  1.650000e+001
      vertex  7.018873e+000  6.695179e+000  1.650000e+001
    endloop
  endfacet
  facet normal  0.000000e+000  0.000000e+000  1.000000e+000
    outer loop
      vertex  7.018873e+000  6.695179e+000  1.650000e+001
      vertex  3.091090e+000  8.292627e+000  1.650000e+001
      vertex  5.302182e+000  7.085857e+000  1.650000e+001
    endloop
  endfacet
  facet normal  0.000000e+000  0.000000e+000  1.000000e+000
    outer loop
      vertex  7.018873e+000  6.695179e+000  1.650000e+001
      vertex  5.302182e+000  7.085857e+000  1.650000e+001
      vertex  8.512551e+000  4.650428e+000  1.650000e+001
    endloop
  endfacet
  facet normal  0.000000e+000  0.000000e+000  1.000000e+000
    outer loop
      vertex  8.512551e+000  4.650428e+000  1.650000e+001
      vertex  5.302182e+000  7.085857e+000  1.650000e+001
      vertex  7.083723e+000  5.305032e+000  1.650000e+001
    endloop
  endfacet
  facet normal  0.000000e+000  0.000000e+000  1.000000e+000
    outer loop
      vertex  8.512551e+000  4.650428e+000  1.650000e+001
      vertex  7.083723e+000  5.305032e+000  1.650000e+001
      vertex  9.426112e+000  2.288758e+000  1.650000e+001
    endloop
  endfacet
  facet normal  0.000000e+000  0.000000e+000  1.000000e+000
    outer loop
      vertex  9.426112e+000  2.288758e+000  1.650000e+001
      vertex  7.083723e+000  5.305032e+000  1.650000e+001
      vertex  8.291383e+000  3.094426e+000  1.650000e+001
    endloop
  endfacet
  facet normal  0.000000e+000  0.000000e+000  1.000000e+000
    outer loop
      vertex  9.426112e+000  2.288758e+000  1.650000e+001
      vertex  8.291383e+000  3.094426e+000  1.650000e+001
      vertex  9.697299e+000 -2.288869e-001  1.650000e+001
    endloop
  endfacet
  facet normal  0.000000e+000  0.000000e+000  1.000000e+000
    outer loop
      vertex  9.697299e+000 -2.288869e-001  1.650000e+001
      vertex  8.291383e+000  3.094426e+000  1.650000e+001
      vertex  8.827324e+000  6.331276e-001  1.650000e+001
    endloop
  endfacet
  facet normal  0.000000e+000  0.000000e+000  1.000000e+000
    outer loop
      vertex  9.697299e+000 -2.288869e-001  1.650000e+001
      vertex  8.827324e+000  6.331276e-001  1.650000e+001
      vertex  9.307631e+000 -2.730933e+000  1.650000e+001
    endloop
  endfacet
  facet normal  0.000000e+000  0.000000e+000  1.000000e+000
    outer loop
      vertex  9.307631e+000 -2.730933e+000  1.650000e+001
      vertex  8.827324e+000  6.331276e-001  1.650000e+001
      vertex  8.648128e+000 -1.879463e+000  1.650000e+001
    endloop
  endfacet
  facet normal  0.000000e+000  0.000000e+000  1.000000e+000
    outer loop
      vertex  9.307631e+000 -2.730933e+000  1.650000e+001
      vertex  8.648128e+000 -1.879463e+000  1.650000e+001
      vertex  8.283664e+000 -5.046872e+000  1.650000e+001
    endloop
  endfacet
  facet normal  0.000000e+000  -0.000000e+000  1.000000e+000
    outer loop
      vertex  8.283664e+000 -5.046872e+000  1.650000e+001
      vertex  8.648128e+000 -1.879463e+000  1.650000e+001
      vertex  7.768312e+000 -4.239791e+000  1.650000e+001
    endloop
  endfacet
  facet normal  0.000000e+000  0.000000e+000  1.000000e+000
    outer loop
      vertex  8.283664e+000 -5.046872e+000  1.650000e+001
      vertex  7.768312e+000 -4.239791e+000  1.650000e+001
      vertex  6.695179e+000 -7.018873e+000  1.650000e+001
    endloop
  endfacet
  facet normal  0.000000e+000  -0.000000e+000  1.000000e+000
    outer loop
      vertex  6.695179e+000 -7.018873e+000  1.650000e+001
      vertex  7.768312e+000 -4.239791e+000  1.650000e+001
      vertex  6.259154e+000 -6.256636e+000  1.650000e+001
    endloop
  endfacet
  facet normal  0.000000e+000  0.000000e+000  1.000000e+000
    outer loop
      vertex  6.695179e+000 -7.018873e+000  1.650000e+001
      vertex  6.259154e+000 -6.256636e+000  1.650000e+001
      vertex  4.242916e+000 -7.766606e+000  1.650000e+001
    endloop
  endfacet
  facet normal  0.000000e+000  0.000000e+000  9.999999e-001
    outer loop
      vertex  4.242916e+000 -7.766606e+000  1.650000e+001
      vertex  1.882942e+000 -8.647371e+000  1.650000e+001
      vertex  6.695179e+000 -7.018873e+000  1.650000e+001
    endloop
  endfacet
  facet normal  0.000000e+000  0.000000e+000  1.000000e+000
    outer loop
      vertex  6.695179e+000 -7.018873e+000  1.650000e+001
      vertex  1.882942e+000 -8.647371e+000  1.650000e+001
      vertex  4.650428e+000 -8.512551e+000  1.650000e+001
    endloop
  endfacet
  facet normal  0.000000e+000  0.000000e+000 -1.000000e+000
    outer loop
      vertex  6.879469e+000  1.293410e+000  1.776357e-015
      vertex -6.325854e+000  2.997260e+000  1.776357e-015
      vertex  6.143078e+000  3.355979e+000  1.776357e-015
    endloop
  endfacet
  facet normal  -0.000000e+000  0.000000e+000 -1.000000e+000
    outer loop
      vertex  6.143078e+000  3.355979e+000  1.776357e-015
      vertex -6.325854e+000  2.997260e+000  1.776357e-015
      vertex -5.090041e+000  4.805360e+000  1.776357e-015
    endloop
  endfacet
  facet normal  0.000000e+000  0.000000e+000 -1.000000e+000
    outer loop
      vertex  6.143078e+000  3.355979e+000  1.776357e-015
      vertex -5.090041e+000  4.805360e+000  1.776357e-015
      vertex  4.805360e+000  5.090041e+000  1.776357e-015
    endloop
  endfacet
  facet normal  -0.000000e+000  0.000000e+000 -1.000000e+000
    outer loop
      vertex  4.805360e+000  5.090041e+000  1.776357e-015
      vertex -5.090041e+000  4.805360e+000  1.776357e-015
      vertex -3.355979e+000  6.143078e+000  1.776357e-015
    endloop
  endfacet
  facet normal  0.000000e+000  0.000000e+000 -1.000000e+000
    outer loop
      vertex  4.805360e+000  5.090041e+000  1.776357e-015
      vertex -3.355979e+000  6.143078e+000  1.776357e-015
      vertex  2.997260e+000  6.325854e+000  1.776357e-015
    endloop
  endfacet
  facet normal  -0.000000e+000  0.000000e+000 -1.000000e+000
    outer loop
      vertex  2.997260e+000  6.325854e+000  1.776357e-015
      vertex -3.355979e+000  6.143078e+000  1.776357e-015
      vertex -1.293410e+000  6.879469e+000  1.776357e-015
    endloop
  endfacet
  facet normal  0.000000e+000  0.000000e+000 -1.000000e+000
    outer loop
      vertex  2.997260e+000  6.325854e+000  1.776357e-015
      vertex -1.293410e+000  6.879469e+000  1.776357e-015
      vertex  8.957667e-001  6.942449e+000  1.776357e-015
    endloop
  endfacet
  facet normal  -0.000000e+000  0.000000e+000 -1.000000e+000
    outer loop
      vertex -6.325854e+000  2.997260e+000  1.776357e-015
      vertex  6.879469e+000  1.293410e+000  1.776357e-015
      vertex -6.942449e+000  8.957667e-001  1.776357e-015
    endloop
  endfacet
  facet normal  0.000000e+000  0.000000e+000 -1.000000e+000
    outer loop
      vertex -6.942449e+000  8.957667e-001  1.776357e-015
      vertex  6.879469e+000  1.293410e+000  1.776357e-015
      vertex  6.942449e+000 -8.957667e-001  1.776357e-015
    endloop
  endfacet
  facet normal  -0.000000e+000  0.000000e+000 -1.000000e+000
    outer loop
      vertex -6.942449e+000  8.957667e-001  1.776357e-015
      vertex  6.942449e+000 -8.957667e-001  1.776357e-015
      vertex -6.879469e+000 -1.293410e+000  1.776357e-015
    endloop
  endfacet
  facet normal  0.000000e+000  0.000000e+000 -1.000000e+000
    outer loop
      vertex -6.879469e+000 -1.293410e+000  1.776357e-015
      vertex  6.942449e+000 -8.957667e-001  1.776357e-015
      vertex  6.325854e+000 -2.997260e+000  1.776357e-015
    endloop
  endfacet
  facet normal  -0.000000e+000  0.000000e+000 -1.000000e+000
    outer loop
      vertex -6.879469e+000 -1.293410e+000  1.776357e-015
      vertex  6.325854e+000 -2.997260e+000  1.776357e-015
      vertex -6.143078e+000 -3.355979e+000  1.776357e-015
    endloop
  endfacet
  facet normal  0.000000e+000  0.000000e+000 -1.000000e+000
    outer loop
      vertex -6.143078e+000 -3.355979e+000  1.776357e-015
      vertex  6.325854e+000 -2.997260e+000  1.776357e-015
      vertex  5.090041e+000 -4.805360e+000  1.776357e-015
    endloop
  endfacet
  facet normal  -0.000000e+000  0.000000e+000 -1.000000e+000
    outer loop
      vertex -6.143078e+000 -3.355979e+000  1.776357e-015
      vertex  5.090041e+000 -4.805360e+000  1.776357e-015
      vertex -4.805360e+000 -5.090041e+000  1.776357e-015
    endloop
  endfacet
  facet normal  0.000000e+000  0.000000e+000 -1.000000e+000
    outer loop
      vertex -4.805360e+000 -5.090041e+000  1.776357e-015
      vertex  5.090041e+000 -4.805360e+000  1.776357e-015
      vertex  3.355979e+000 -6.143078e+000  1.776357e-015
    endloop
  endfacet
  facet normal  -0.000000e+000  0.000000e+000 -1.000000e+000
    outer loop
      vertex -4.805360e+000 -5.090041e+000  1.776357e-015
      vertex  3.355979e+000 -6.143078e+000  1.776357e-015
      vertex -2.997260e+000 -6.325854e+000  1.776357e-015
    endloop
  endfacet
  facet normal  0.000000e+000  0.000000e+000 -1.000000e+000
    outer loop
      vertex -2.997260e+000 -6.325854e+000  1.776357e-015
      vertex  3.355979e+000 -6.143078e+000  1.776357e-015
      vertex  1.293410e+000 -6.879469e+000  1.776357e-015
    endloop
  endfacet
  facet normal  -0.000000e+000  0.000000e+000 -1.000000e+000
    outer loop
      vertex -2.997260e+000 -6.325854e+000  1.776357e-015
      vertex  1.293410e+000 -6.879469e+000  1.776357e-015
      vertex -8.957667e-001 -6.942449e+000  1.776357e-015
    endloop
  endfacet
  facet normal  -0.000000e+000  0.000000e+000  1.000000e+000
    outer loop
      vertex  1.198564e+000 -2.193956e+000  2.921553e+001
      vertex -5.899146e-002 -2.499304e+000  2.921553e+001
      vertex  1.586539e-001 -3.095937e+000  2.921553e+001
    endloop
  endfacet
  facet normal  0.000000e+000  0.000000e+000  9.999999e-001
    outer loop
      vertex  1.198564e+000 -2.193956e+000  2.921553e+001
      vertex  1.586539e-001 -3.095937e+000  2.921553e+001
      vertex  1.486219e+000 -2.720506e+000  2.921553e+001
    endloop
  endfacet
  facet normal  0.000000e+000  -0.000000e+000  9.999999e-001
    outer loop
      vertex  1.198564e+000 -2.193956e+000  2.921553e+001
      vertex  1.486219e+000 -2.720506e+000  2.921553e+001
      vertex  2.519420e+000 -1.806245e+000  2.921553e+001
    endloop
  endfacet
  facet normal  0.000000e+000  0.000000e+000  1.000000e+000
    outer loop
      vertex  1.198564e+000 -2.193956e+000  2.921553e+001
      vertex  2.519420e+000 -1.806245e+000  2.921553e+001
      vertex  2.134965e+000 -1.300740e+000  2.921553e+001
    endloop
  endfacet
  facet normal  0.000000e+000  0.000000e+000  1.000000e+000
    outer loop
      vertex  5.899146e-002  2.499304e+000  2.921553e+001
      vertex -1.586539e-001  3.095937e+000  2.921553e+001
      vertex -1.198564e+000  2.193956e+000  2.921553e+001
    endloop
  endfacet
  facet normal  0.000000e+000  -0.000000e+000  9.999999e-001
    outer loop
      vertex -1.198564e+000  2.193956e+000  2.921553e+001
      vertex -1.586539e-001  3.095937e+000  2.921553e+001
      vertex -1.486219e+000  2.720506e+000  2.921553e+001
    endloop
  endfacet
  facet normal  0.000000e+000  0.000000e+000  9.999999e-001
    outer loop
      vertex -1.198564e+000  2.193956e+000  2.921553e+001
      vertex -1.486219e+000  2.720506e+000  2.921553e+001
      vertex -2.519420e+000  1.806245e+000  2.921553e+001
    endloop
  endfacet
  facet normal  -0.000000e+000  0.000000e+000  1.000000e+000
    outer loop
      vertex -1.198564e+000  2.193956e+000  2.921553e+001
      vertex -2.519420e+000  1.806245e+000  2.921553e+001
      vertex -2.134965e+000  1.300740e+000  2.921553e+001
    endloop
  endfacet
  facet normal  0.000000e+000  0.000000e+000  1.000000e+000
    outer loop
      vertex -2.134965e+000  1.300740e+000  2.921553e+001
      vertex -2.519420e+000  1.806245e+000  2.921553e+001
      vertex -3.053620e+000  5.342348e-001  2.921553e+001
    endloop
  endfacet
  facet normal  -0.000000e+000  0.000000e+000  1.000000e+000
    outer loop
      vertex -2.134965e+000  1.300740e+000  2.921553e+001
      vertex -3.053620e+000  5.342348e-001  2.921553e+001
      vertex -2.499304e+000  5.899146e-002  2.921553e+001
    endloop
  endfacet
  facet normal  0.000000e+000  0.000000e+000  1.000000e+000
    outer loop
      vertex -2.499304e+000  5.899146e-002  2.921553e+001
      vertex -3.053620e+000  5.342348e-001  2.921553e+001
      vertex -2.193956e+000 -1.198564e+000  2.921553e+001
    endloop
  endfacet
  facet normal  0.000000e+000  0.000000e+000  1.000000e+000
    outer loop
      vertex -2.193956e+000 -1.198564e+000  2.921553e+001
      vertex -3.053620e+000  5.342348e-001  2.921553e+001
      vertex -2.983012e+000 -8.435870e-001  2.921553e+001
    endloop
  endfacet
  facet normal  0.000000e+000  0.000000e+000  1.000000e+000
    outer loop
      vertex -2.193956e+000 -1.198564e+000  2.921553e+001
      vertex -2.983012e+000 -8.435870e-001  2.921553e+001
      vertex -1.300740e+000 -2.134965e+000  2.921553e+001
    endloop
  endfacet
  facet normal  0.000000e+000  0.000000e+000  1.000000e+000
    outer loop
      vertex -1.300740e+000 -2.134965e+000  2.921553e+001
      vertex -2.983012e+000 -8.435870e-001  2.921553e+001
      vertex -2.321582e+000 -2.054326e+000  2.921553e+001
    endloop
  endfacet
  facet normal  0.000000e+000  0.000000e+000  1.000000e+000
    outer loop
      vertex -1.300740e+000 -2.134965e+000  2.921553e+001
      vertex -2.321582e+000 -2.054326e+000  2.921553e+001
      vertex -5.899146e-002 -2.499304e+000  2.921553e+001
    endloop
  endfacet
  facet normal  0.000000e+000  0.000000e+000  9.999999e-001
    outer loop
      vertex -5.899146e-002 -2.499304e+000  2.921553e+001
      vertex -2.321582e+000 -2.054326e+000  2.921553e+001
      vertex -1.200335e+000 -2.858181e+000  2.921553e+001
    endloop
  endfacet
  facet normal  -0.000000e+000  0.000000e+000  9.999999e-001
    outer loop
      vertex -5.899146e-002 -2.499304e+000  2.921553e+001
      vertex -1.200335e+000 -2.858181e+000  2.921553e+001
      vertex  1.586539e-001 -3.095937e+000  2.921553e+001
    endloop
  endfacet
  facet normal  0.000000e+000  0.000000e+000  1.000000e+000
    outer loop
      vertex  2.134965e+000 -1.300740e+000  2.921553e+001
      vertex  2.519420e+000 -1.806245e+000  2.921553e+001
      vertex  2.499304e+000 -5.899146e-002  2.921553e+001
    endloop
  endfacet
  facet normal  0.000000e+000  0.000000e+000  1.000000e+000
    outer loop
      vertex  2.499304e+000 -5.899146e-002  2.921553e+001
      vertex  2.519420e+000 -1.806245e+000  2.921553e+001
      vertex  3.053620e+000 -5.342348e-001  2.921553e+001
    endloop
  endfacet
  facet normal  0.000000e+000  0.000000e+000  1.000000e+000
    outer loop
      vertex  2.499304e+000 -5.899146e-002  2.921553e+001
      vertex  3.053620e+000 -5.342348e-001  2.921553e+001
      vertex  2.193956e+000  1.198564e+000  2.921553e+001
    endloop
  endfacet
  facet normal  0.000000e+000  0.000000e+000  1.000000e+000
    outer loop
      vertex  2.193956e+000  1.198564e+000  2.921553e+001
      vertex  3.053620e+000 -5.342348e-001  2.921553e+001
      vertex  2.983012e+000  8.435870e-001  2.921553e+001
    endloop
  endfacet
  facet normal  0.000000e+000  0.000000e+000  1.000000e+000
    outer loop
      vertex  2.193956e+000  1.198564e+000  2.921553e+001
      vertex  2.983012e+000  8.435870e-001  2.921553e+001
      vertex  1.300740e+000  2.134965e+000  2.921553e+001
    endloop
  endfacet
  facet normal  0.000000e+000  0.000000e+000  1.000000e+000
    outer loop
      vertex  1.300740e+000  2.134965e+000  2.921553e+001
      vertex  2.983012e+000  8.435870e-001  2.921553e+001
      vertex  2.321582e+000  2.054326e+000  2.921553e+001
    endloop
  endfacet
  facet normal  0.000000e+000  0.000000e+000  1.000000e+000
    outer loop
      vertex  1.300740e+000  2.134965e+000  2.921553e+001
      vertex  2.321582e+000  2.054326e+000  2.921553e+001
      vertex  5.899146e-002  2.499304e+000  2.921553e+001
    endloop
  endfacet
  facet normal  -0.000000e+000  0.000000e+000  9.999999e-001
    outer loop
      vertex  5.899146e-002  2.499304e+000  2.921553e+001
      vertex  2.321582e+000  2.054326e+000  2.921553e+001
      vertex  1.200335e+000  2.858181e+000  2.921553e+001
    endloop
  endfacet
  facet normal  0.000000e+000  0.000000e+000  9.999999e-001
    outer loop
      vertex  5.899146e-002  2.499304e+000  2.921553e+001
      vertex  1.200335e+000  2.858181e+000  2.921553e+001
      vertex -1.586539e-001  3.095937e+000  2.921553e+001
    endloop
  endfacet
  facet normal -3.607764e-001  9.326523e-001  0.000000e+000
    outer loop
      vertex -4.650428e+000  8.512551e+000  1.050000e+001
      vertex -4.650428e+000  8.512551e+000  1.650000e+001
      vertex -2.288758e+000  9.426112e+000  1.050000e+001
    endloop
  endfacet
  facet normal -3.607764e-001  9.326523e-001  0.000000e+000
    outer loop
      vertex -2.288758e+000  9.426112e+000  1.050000e+001
      vertex -4.650428e+000  8.512551e+000  1.650000e+001
      vertex -2.288758e+000  9.426112e+000  1.650000e+001
    endloop
  endfacet
  facet normal -1.070950e-001  9.942487e-001  0.000000e+000
    outer loop
      vertex -2.288758e+000  9.426112e+000  1.050000e+001
      vertex -2.288758e+000  9.426112e+000  1.650000e+001
      vertex  2.288869e-001  9.697299e+000  1.050000e+001
    endloop
  endfacet
  facet normal -1.070950e-001  9.942487e-001  0.000000e+000
    outer loop
      vertex  2.288869e-001  9.697299e+000  1.050000e+001
      vertex -2.288758e+000  9.426112e+000  1.650000e+001
      vertex  2.288869e-001  9.697299e+000  1.650000e+001
    endloop
  endfacet
  facet normal  1.538845e-001  9.880888e-001  0.000000e+000
    outer loop
      vertex  2.288869e-001  9.697299e+000  1.050000e+001
      vertex  2.288869e-001  9.697299e+000  1.650000e+001
      vertex  2.730933e+000  9.307631e+000  1.050000e+001
    endloop
  endfacet
  facet normal  1.538845e-001  9.880888e-001  -0.000000e+000
    outer loop
      vertex  2.730933e+000  9.307631e+000  1.050000e+001
      vertex  2.288869e-001  9.697299e+000  1.650000e+001
      vertex  2.730933e+000  9.307631e+000  1.650000e+001
    endloop
  endfacet
  facet normal  4.043773e-001  9.145923e-001  0.000000e+000
    outer loop
      vertex  2.730933e+000  9.307631e+000  1.050000e+001
      vertex  2.730933e+000  9.307631e+000  1.650000e+001
      vertex  5.046872e+000  8.283664e+000  1.050000e+001
    endloop
  endfacet
  facet normal  4.043773e-001  9.145923e-001  -0.000000e+000
    outer loop
      vertex  5.046872e+000  8.283664e+000  1.050000e+001
      vertex  2.730933e+000  9.307631e+000  1.650000e+001
      vertex  5.046872e+000  8.283664e+000  1.650000e+001
    endloop
  endfacet
  facet normal  6.273124e-001  7.787677e-001  0.000000e+000
    outer loop
      vertex  5.046872e+000  8.283664e+000  1.050000e+001
      vertex  5.046872e+000  8.283664e+000  1.650000e+001
      vertex  7.018873e+000  6.695179e+000  1.050000e+001
    endloop
  endfacet
  facet normal  6.273124e-001  7.787677e-001  -0.000000e+000
    outer loop
      vertex  7.018873e+000  6.695179e+000  1.050000e+001
      vertex  5.046872e+000  8.283664e+000  1.650000e+001
      vertex  7.018873e+000  6.695179e+000  1.650000e+001
    endloop
  endfacet
  facet normal  8.074970e-001  5.898717e-001  0.000000e+000
    outer loop
      vertex  7.018873e+000  6.695179e+000  1.050000e+001
      vertex  7.018873e+000  6.695179e+000  1.650000e+001
      vertex  8.512551e+000  4.650428e+000  1.050000e+001
    endloop
  endfacet
  facet normal  8.074970e-001  5.898717e-001  -0.000000e+000
    outer loop
      vertex  8.512551e+000  4.650428e+000  1.050000e+001
      vertex  7.018873e+000  6.695179e+000  1.650000e+001
      vertex  8.512551e+000  4.650428e+000  1.650000e+001
    endloop
  endfacet
  facet normal  9.326523e-001  3.607764e-001  0.000000e+000
    outer loop
      vertex  8.512551e+000  4.650428e+000  1.050000e+001
      vertex  8.512551e+000  4.650428e+000  1.650000e+001
      vertex  9.426112e+000  2.288758e+000  1.050000e+001
    endloop
  endfacet
  facet normal  9.326523e-001  3.607764e-001  -0.000000e+000
    outer loop
      vertex  9.426112e+000  2.288758e+000  1.050000e+001
      vertex  8.512551e+000  4.650428e+000  1.650000e+001
      vertex  9.426112e+000  2.288758e+000  1.650000e+001
    endloop
  endfacet
  facet normal  9.942487e-001  1.070950e-001  0.000000e+000
    outer loop
      vertex  9.426112e+000  2.288758e+000  1.050000e+001
      vertex  9.426112e+000  2.288758e+000  1.650000e+001
      vertex  9.697299e+000 -2.288869e-001  1.050000e+001
    endloop
  endfacet
  facet normal  9.942487e-001  1.070950e-001  -0.000000e+000
    outer loop
      vertex  9.697299e+000 -2.288869e-001  1.050000e+001
      vertex  9.426112e+000  2.288758e+000  1.650000e+001
      vertex  9.697299e+000 -2.288869e-001  1.650000e+001
    endloop
  endfacet
  facet normal  9.880888e-001 -1.538845e-001  0.000000e+000
    outer loop
      vertex  9.697299e+000 -2.288869e-001  1.050000e+001
      vertex  9.697299e+000 -2.288869e-001  1.650000e+001
      vertex  9.307631e+000 -2.730933e+000  1.050000e+001
    endloop
  endfacet
  facet normal  9.880888e-001 -1.538845e-001  0.000000e+000
    outer loop
      vertex  9.307631e+000 -2.730933e+000  1.050000e+001
      vertex  9.697299e+000 -2.288869e-001  1.650000e+001
      vertex  9.307631e+000 -2.730933e+000  1.650000e+001
    endloop
  endfacet
  facet normal  9.145923e-001 -4.043773e-001  0.000000e+000
    outer loop
      vertex  9.307631e+000 -2.730933e+000  1.050000e+001
      vertex  9.307631e+000 -2.730933e+000  1.650000e+001
      vertex  8.283664e+000 -5.046872e+000  1.050000e+001
    endloop
  endfacet
  facet normal  9.145923e-001 -4.043773e-001  0.000000e+000
    outer loop
      vertex  8.283664e+000 -5.046872e+000  1.050000e+001
      vertex  9.307631e+000 -2.730933e+000  1.650000e+001
      vertex  8.283664e+000 -5.046872e+000  1.650000e+001
    endloop
  endfacet
  facet normal  7.787677e-001 -6.273124e-001  0.000000e+000
    outer loop
      vertex  8.283664e+000 -5.046872e+000  1.050000e+001
      vertex  8.283664e+000 -5.046872e+000  1.650000e+001
      vertex  6.695179e+000 -7.018873e+000  1.050000e+001
    endloop
  endfacet
  facet normal  7.787677e-001 -6.273124e-001  0.000000e+000
    outer loop
      vertex  6.695179e+000 -7.018873e+000  1.050000e+001
      vertex  8.283664e+000 -5.046872e+000  1.650000e+001
      vertex  6.695179e+000 -7.018873e+000  1.650000e+001
    endloop
  endfacet
  facet normal  5.898717e-001 -8.074970e-001  0.000000e+000
    outer loop
      vertex  6.695179e+000 -7.018873e+000  1.050000e+001
      vertex  6.695179e+000 -7.018873e+000  1.650000e+001
      vertex  4.650428e+000 -8.512551e+000  1.050000e+001
    endloop
  endfacet
  facet normal  5.898717e-001 -8.074970e-001  0.000000e+000
    outer loop
      vertex  4.650428e+000 -8.512551e+000  1.050000e+001
      vertex  6.695179e+000 -7.018873e+000  1.650000e+001
      vertex  4.650428e+000 -8.512551e+000  1.650000e+001
    endloop
  endfacet
  facet normal  8.873958e-001 -3.923527e-001 -2.420498e-001
    outer loop
      vertex  6.325854e+000 -2.997260e+000  1.776357e-015
      vertex  9.307631e+000 -2.730933e+000  1.050000e+001
      vertex  8.283664e+000 -5.046872e+000  1.050000e+001
    endloop
  endfacet
  facet normal  7.982204e-001 -5.455733e-001 -2.553312e-001
    outer loop
      vertex  6.325854e+000 -2.997260e+000  1.776357e-015
      vertex  8.283664e+000 -5.046872e+000  1.050000e+001
      vertex  5.090041e+000 -4.805360e+000  1.776357e-015
    endloop
  endfacet
  facet normal  9.587069e-001 -1.493085e-001 -2.420498e-001
    outer loop
      vertex  6.942449e+000 -8.957667e-001  1.776357e-015
      vertex  9.697299e+000 -2.288869e-001  1.050000e+001
      vertex  9.307631e+000 -2.730933e+000  1.050000e+001
    endloop
  endfacet
  facet normal  9.274535e-001 -2.721223e-001 -2.564749e-001
    outer loop
      vertex  6.942449e+000 -8.957667e-001  1.776357e-015
      vertex  9.307631e+000 -2.730933e+000  1.050000e+001
      vertex  6.325854e+000 -2.997260e+000  1.776357e-015
    endloop
  endfacet
  facet normal  9.642686e-001  1.038657e-001 -2.437172e-001
    outer loop
      vertex  6.879469e+000  1.293410e+000  1.776357e-015
      vertex  9.426112e+000  2.288758e+000  1.050000e+001
      vertex  9.697299e+000 -2.288869e-001  1.050000e+001
    endloop
  endfacet
  facet normal  9.664538e-001  2.780380e-002 -2.553311e-001
    outer loop
      vertex  6.879469e+000  1.293410e+000  1.776357e-015
      vertex  9.697299e+000 -2.288869e-001  1.050000e+001
      vertex  6.942449e+000 -8.957667e-001  1.776357e-015
    endloop
  endfacet
  facet normal  3.923527e-001  8.873958e-001 -2.420498e-001
    outer loop
      vertex  2.997260e+000  6.325854e+000  1.776357e-015
      vertex  2.730933e+000  9.307631e+000  1.050000e+001
      vertex  5.046872e+000  8.283664e+000  1.050000e+001
    endloop
  endfacet
  facet normal  5.455733e-001  7.982204e-001 -2.553312e-001
    outer loop
      vertex  2.997260e+000  6.325854e+000  1.776357e-015
      vertex  5.046872e+000  8.283664e+000  1.050000e+001
      vertex  4.805360e+000  5.090041e+000  1.776357e-015
    endloop
  endfacet
  facet normal  1.493085e-001  9.587069e-001 -2.420498e-001
    outer loop
      vertex  8.957667e-001  6.942449e+000  1.776357e-015
      vertex  2.288869e-001  9.697299e+000  1.050000e+001
      vertex  2.730933e+000  9.307631e+000  1.050000e+001
    endloop
  endfacet
  facet normal  2.721223e-001  9.274535e-001 -2.564749e-001
    outer loop
      vertex  8.957667e-001  6.942449e+000  1.776357e-015
      vertex  2.730933e+000  9.307631e+000  1.050000e+001
      vertex  2.997260e+000  6.325854e+000  1.776357e-015
    endloop
  endfacet
  facet normal -2.780380e-002  9.664538e-001 -2.553311e-001
    outer loop
      vertex -1.293410e+000  6.879469e+000  1.776357e-015
      vertex  2.288869e-001  9.697299e+000  1.050000e+001
      vertex  8.957667e-001  6.942449e+000  1.776357e-015
    endloop
  endfacet
  facet normal  5.715886e-001 -7.824687e-001 -2.470411e-001
    outer loop
      vertex  4.650428e+000 -8.512551e+000  1.050000e+001
      vertex  3.355979e+000 -6.143078e+000  1.776357e-015
      vertex  6.695179e+000 -7.018873e+000  1.050000e+001
    endloop
  endfacet
  facet normal  5.911111e-001 -7.662479e-001 -2.518966e-001
    outer loop
      vertex  6.695179e+000 -7.018873e+000  1.050000e+001
      vertex  3.355979e+000 -6.143078e+000  1.776357e-015
      vertex  5.090041e+000 -4.805360e+000  1.776357e-015
    endloop
  endfacet
  facet normal  7.552850e-001 -6.083966e-001 -2.437172e-001
    outer loop
      vertex  6.695179e+000 -7.018873e+000  1.050000e+001
      vertex  5.090041e+000 -4.805360e+000  1.776357e-015
      vertex  8.283664e+000 -5.046872e+000  1.050000e+001
    endloop
  endfacet
  facet normal -3.258924e-001  9.127971e-001 -2.461619e-001
    outer loop
      vertex -3.355979e+000  6.143078e+000  1.776357e-015
      vertex -4.650428e+000  8.512551e+000  1.050000e+001
      vertex -1.293410e+000  6.879469e+000  1.776357e-015
    endloop
  endfacet
  facet normal -3.491332e-001  9.025533e-001 -2.519991e-001
    outer loop
      vertex -1.293410e+000  6.879469e+000  1.776357e-015
      vertex -4.650428e+000  8.512551e+000  1.050000e+001
      vertex -2.288758e+000  9.426112e+000  1.050000e+001
    endloop
  endfacet
  facet normal -1.038657e-001  9.642686e-001 -2.437172e-001
    outer loop
      vertex -1.293410e+000  6.879469e+000  1.776357e-015
      vertex -2.288758e+000  9.426112e+000  1.050000e+001
      vertex  2.288869e-001  9.697299e+000  1.050000e+001
    endloop
  endfacet
  facet normal  9.025533e-001  3.491332e-001 -2.519991e-001
    outer loop
      vertex  9.426112e+000  2.288758e+000  1.050000e+001
      vertex  6.879469e+000  1.293410e+000  1.776357e-015
      vertex  8.512551e+000  4.650428e+000  1.050000e+001
    endloop
  endfacet
  facet normal  9.127971e-001  3.258924e-001 -2.461619e-001
    outer loop
      vertex  8.512551e+000  4.650428e+000  1.050000e+001
      vertex  6.879469e+000  1.293410e+000  1.776357e-015
      vertex  6.143078e+000  3.355979e+000  1.776357e-015
    endloop
  endfacet
  facet normal  7.824687e-001  5.715886e-001 -2.470411e-001
    outer loop
      vertex  8.512551e+000  4.650428e+000  1.050000e+001
      vertex  6.143078e+000  3.355979e+000  1.776357e-015
      vertex  7.018873e+000  6.695179e+000  1.050000e+001
    endloop
  endfacet
  facet normal  7.662479e-001  5.911111e-001 -2.518966e-001
    outer loop
      vertex  7.018873e+000  6.695179e+000  1.050000e+001
      vertex  6.143078e+000  3.355979e+000  1.776357e-015
      vertex  4.805360e+000  5.090041e+000  1.776357e-015
    endloop
  endfacet
  facet normal  6.083966e-001  7.552850e-001 -2.437172e-001
    outer loop
      vertex  7.018873e+000  6.695179e+000  1.050000e+001
      vertex  4.805360e+000  5.090041e+000  1.776357e-015
      vertex  5.046872e+000  8.283664e+000  1.050000e+001
    endloop
  endfacet
  facet normal  4.765163e-002 -4.995546e-002  9.976140e-001
    outer loop
      vertex -5.513985e-016  1.009328e-015  3.121553e+001
      vertex  1.198564e+000 -2.193956e+000  3.104842e+001
      vertex  2.134965e+000 -1.300740e+000  3.104842e+001
    endloop
  endfacet
  facet normal  6.624526e-002 -1.943688e-002  9.976140e-001
    outer loop
      vertex -5.513985e-016  1.009328e-015  3.121553e+001
      vertex  2.134965e+000 -1.300740e+000  3.104842e+001
      vertex  2.499304e+000 -5.899146e-002  3.104842e+001
    endloop
  endfacet
  facet normal  6.708851e-002  1.628979e-002  9.976140e-001
    outer loop
      vertex -5.513985e-016  1.009328e-015  3.121553e+001
      vertex  2.499304e+000 -5.899146e-002  3.104842e+001
      vertex  2.193956e+000  1.198564e+000  3.104842e+001
    endloop
  endfacet
  facet normal  4.995546e-002  4.765163e-002  9.976140e-001
    outer loop
      vertex -5.513985e-016  1.009328e-015  3.121553e+001
      vertex  2.193956e+000  1.198564e+000  3.104842e+001
      vertex  1.300740e+000  2.134965e+000  3.104842e+001
    endloop
  endfacet
  facet normal  1.943688e-002  6.624526e-002  9.976140e-001
    outer loop
      vertex -5.513985e-016  1.009328e-015  3.121553e+001
      vertex  1.300740e+000  2.134965e+000  3.104842e+001
      vertex  5.899146e-002  2.499304e+000  3.104842e+001
    endloop
  endfacet
  facet normal -1.628979e-002  6.708851e-002  9.976140e-001
    outer loop
      vertex -5.513985e-016  1.009328e-015  3.121553e+001
      vertex  5.899146e-002  2.499304e+000  3.104842e+001
      vertex -1.198564e+000  2.193956e+000  3.104842e+001
    endloop
  endfacet
  facet normal -2.359544e-001  9.717641e-001  0.000000e+000
    outer loop
      vertex -1.198564e+000  2.193956e+000  2.921553e+001
      vertex -1.198564e+000  2.193956e+000  3.104842e+001
      vertex  5.899146e-002  2.499304e+000  2.921553e+001
    endloop
  endfacet
  facet normal -2.359544e-001  9.717641e-001  0.000000e+000
    outer loop
      vertex  5.899146e-002  2.499304e+000  2.921553e+001
      vertex -1.198564e+000  2.193956e+000  3.104842e+001
      vertex  5.899146e-002  2.499304e+000  3.104842e+001
    endloop
  endfacet
  facet normal  2.815394e-001  9.595495e-001  0.000000e+000
    outer loop
      vertex  5.899146e-002  2.499304e+000  2.921553e+001
      vertex  5.899146e-002  2.499304e+000  3.104842e+001
      vertex  1.300740e+000  2.134965e+000  2.921553e+001
    endloop
  endfacet
  facet normal  2.815394e-001  9.595495e-001  -0.000000e+000
    outer loop
      vertex  1.300740e+000  2.134965e+000  2.921553e+001
      vertex  5.899146e-002  2.499304e+000  3.104842e+001
      vertex  1.300740e+000  2.134965e+000  3.104842e+001
    endloop
  endfacet
  facet normal  7.235951e-001  6.902246e-001  0.000000e+000
    outer loop
      vertex  1.300740e+000  2.134965e+000  2.921553e+001
      vertex  1.300740e+000  2.134965e+000  3.104842e+001
      vertex  2.193956e+000  1.198564e+000  2.921553e+001
    endloop
  endfacet
  facet normal  7.235951e-001  6.902246e-001  -0.000000e+000
    outer loop
      vertex  2.193956e+000  1.198564e+000  2.921553e+001
      vertex  1.300740e+000  2.134965e+000  3.104842e+001
      vertex  2.193956e+000  1.198564e+000  3.104842e+001
    endloop
  endfacet
  facet normal  9.717641e-001  2.359544e-001  0.000000e+000
    outer loop
      vertex  2.193956e+000  1.198564e+000  2.921553e+001
      vertex  2.193956e+000  1.198564e+000  3.104842e+001
      vertex  2.499304e+000 -5.899146e-002  2.921553e+001
    endloop
  endfacet
  facet normal  9.717641e-001  2.359544e-001  -0.000000e+000
    outer loop
      vertex  2.499304e+000 -5.899146e-002  2.921553e+001
      vertex  2.193956e+000  1.198564e+000  3.104842e+001
      vertex  2.499304e+000 -5.899146e-002  3.104842e+001
    endloop
  endfacet
  facet normal  9.595495e-001 -2.815394e-001  0.000000e+000
    outer loop
      vertex  2.499304e+000 -5.899146e-002  2.921553e+001
      vertex  2.499304e+000 -5.899146e-002  3.104842e+001
      vertex  2.134965e+000 -1.300740e+000  2.921553e+001
    endloop
  endfacet
  facet normal  9.595495e-001 -2.815394e-001  0.000000e+000
    outer loop
      vertex  2.134965e+000 -1.300740e+000  2.921553e+001
      vertex  2.499304e+000 -5.899146e-002  3.104842e+001
      vertex  2.134965e+000 -1.300740e+000  3.104842e+001
    endloop
  endfacet
  facet normal  6.902246e-001 -7.235951e-001  0.000000e+000
    outer loop
      vertex  2.134965e+000 -1.300740e+000  2.921553e+001
      vertex  2.134965e+000 -1.300740e+000  3.104842e+001
      vertex  1.198564e+000 -2.193956e+000  2.921553e+001
    endloop
  endfacet
  facet normal  6.902246e-001 -7.235951e-001  0.000000e+000
    outer loop
      vertex  1.198564e+000 -2.193956e+000  2.921553e+001
      vertex  2.134965e+000 -1.300740e+000  3.104842e+001
      vertex  1.198564e+000 -2.193956e+000  3.104842e+001
    endloop
  endfacet
  facet normal -5.826597e-001 -8.127162e-001  -0.000000e+000
    outer loop
      vertex  2.321582e+000  2.054326e+000  2.921553e+001
      vertex  1.200335e+000  2.858181e+000  3.095795e+001
      vertex  1.200335e+000  2.858181e+000  2.921553e+001
    endloop
  endfacet
  facet normal -1.723337e-001 -9.850386e-001  0.000000e+000
    outer loop
      vertex  1.200335e+000  2.858181e+000  2.921553e+001
      vertex  1.200335e+000  2.858181e+000  3.095795e+001
      vertex -1.586539e-001  3.095937e+000  3.095795e+001
    endloop
  endfacet
  facet normal -1.723337e-001 -9.850386e-001  -0.000000e+000
    outer loop
      vertex  1.200335e+000  2.858181e+000  2.921553e+001
      vertex -1.586539e-001  3.095937e+000  3.095795e+001
      vertex -1.586539e-001  3.095937e+000  2.921553e+001
    endloop
  endfacet
  facet normal  2.721249e-001 -9.622620e-001  0.000000e+000
    outer loop
      vertex -1.586539e-001  3.095937e+000  2.921553e+001
      vertex -1.586539e-001  3.095937e+000  3.095795e+001
      vertex -1.486219e+000  2.720506e+000  3.095795e+001
    endloop
  endfacet
  facet normal  2.721249e-001 -9.622620e-001  0.000000e+000
    outer loop
      vertex -1.586539e-001  3.095937e+000  2.921553e+001
      vertex -1.486219e+000  2.720506e+000  3.095795e+001
      vertex -1.486219e+000  2.720506e+000  2.921553e+001
    endloop
  endfacet
  facet normal -5.826597e-001 -8.127162e-001  0.000000e+000
    outer loop
      vertex  1.200335e+000  2.858181e+000  3.095795e+001
      vertex  2.321582e+000  2.054326e+000  2.921553e+001
      vertex  2.321582e+000  2.054326e+000  3.095795e+001
    endloop
  endfacet
  facet normal -8.775827e-001 -4.794255e-001  -0.000000e+000
    outer loop
      vertex  2.321582e+000  2.054326e+000  3.095795e+001
      vertex  2.321582e+000  2.054326e+000  2.921553e+001
      vertex  2.983012e+000  8.435870e-001  2.921553e+001
    endloop
  endfacet
  facet normal -8.775827e-001 -4.794255e-001  0.000000e+000
    outer loop
      vertex  2.321582e+000  2.054326e+000  3.095795e+001
      vertex  2.983012e+000  8.435870e-001  2.921553e+001
      vertex  2.983012e+000  8.435870e-001  3.095795e+001
    endloop
  endfacet
  facet normal -9.986896e-001 -5.117871e-002  -0.000000e+000
    outer loop
      vertex  2.983012e+000  8.435870e-001  3.095795e+001
      vertex  2.983012e+000  8.435870e-001  2.921553e+001
      vertex  3.053620e+000 -5.342348e-001  2.921553e+001
    endloop
  endfacet
  facet normal -9.986896e-001 -5.117871e-002  0.000000e+000
    outer loop
      vertex  2.983012e+000  8.435870e-001  3.095795e+001
      vertex  3.053620e+000 -5.342348e-001  2.921553e+001
      vertex  3.053620e+000 -5.342348e-001  3.095795e+001
    endloop
  endfacet
  facet normal -9.219937e-001  3.872047e-001  0.000000e+000
    outer loop
      vertex  3.053620e+000 -5.342348e-001  3.095795e+001
      vertex  3.053620e+000 -5.342348e-001  2.921553e+001
      vertex  2.519420e+000 -1.806245e+000  2.921553e+001
    endloop
  endfacet
  facet normal -9.219937e-001  3.872047e-001  0.000000e+000
    outer loop
      vertex  3.053620e+000 -5.342348e-001  3.095795e+001
      vertex  2.519420e+000 -1.806245e+000  2.921553e+001
      vertex  2.519420e+000 -1.806245e+000  3.095795e+001
    endloop
  endfacet
  facet normal -6.626859e-001  7.488975e-001  0.000000e+000
    outer loop
      vertex  2.519420e+000 -1.806245e+000  3.095795e+001
      vertex  2.519420e+000 -1.806245e+000  2.921553e+001
      vertex  1.486219e+000 -2.720506e+000  2.921553e+001
    endloop
  endfacet
  facet normal -6.626859e-001  7.488975e-001  0.000000e+000
    outer loop
      vertex  2.519420e+000 -1.806245e+000  3.095795e+001
      vertex  1.486219e+000 -2.720506e+000  2.921553e+001
      vertex  1.486219e+000 -2.720506e+000  3.095795e+001
    endloop
  endfacet
  facet normal -9.112369e-002  2.286953e-001  9.692239e-001
    outer loop
      vertex -1.486219e+000  2.720506e+000  3.095795e+001
      vertex -1.546817e+000  5.853749e+000  3.021295e+001
      vertex -2.902763e+000  5.313472e+000  3.021295e+001
    endloop
  endfacet
  facet normal -6.494400e-002  2.296488e-001  9.711043e-001
    outer loop
      vertex -1.486219e+000  2.720506e+000  3.095795e+001
      vertex -1.586539e-001  3.095937e+000  3.095795e+001
      vertex -1.546817e+000  5.853749e+000  3.021295e+001
    endloop
  endfacet
  facet normal  1.581534e-001 -1.787283e-001  9.711043e-001
    outer loop
      vertex  1.486219e+000 -2.720506e+000  3.095795e+001
      vertex  4.090011e+000 -4.464396e+000  3.021295e+001
      vertex  2.519420e+000 -1.806245e+000  3.095795e+001
    endloop
  endfacet
  facet normal  1.432061e-001 -2.002425e-001  9.692238e-001
    outer loop
      vertex  1.486219e+000 -2.720506e+000  3.095795e+001
      vertex  2.902763e+000 -5.313472e+000  3.021295e+001
      vertex  4.090011e+000 -4.464396e+000  3.021295e+001
    endloop
  endfacet
  facet normal  2.329842e-001 -3.257775e-001  9.162900e-001
    outer loop
      vertex  4.242916e+000 -7.766606e+000  2.900000e+001
      vertex  4.090011e+000 -4.464396e+000  3.021295e+001
      vertex  2.902763e+000 -5.313472e+000  3.021295e+001
    endloop
  endfacet
  facet normal  2.430322e-001 -3.245170e-001  9.141247e-001
    outer loop
      vertex  4.242916e+000 -7.766606e+000  2.900000e+001
      vertex  6.259154e+000 -6.256636e+000  2.900000e+001
      vertex  4.090011e+000 -4.464396e+000  3.021295e+001
    endloop
  endfacet
  facet normal -1.417607e-001  3.798419e-001  9.141247e-001
    outer loop
      vertex -4.242916e+000  7.766606e+000  2.900000e+001
      vertex -1.546817e+000  5.853749e+000  3.021295e+001
      vertex -1.882942e+000  8.647371e+000  2.900000e+001
    endloop
  endfacet
  facet normal -1.482505e-001  3.720678e-001  9.162900e-001
    outer loop
      vertex -4.242916e+000  7.766606e+000  2.900000e+001
      vertex -2.902763e+000  5.313472e+000  3.021295e+001
      vertex -1.546817e+000  5.853749e+000  3.021295e+001
    endloop
  endfacet
  facet normal  3.006827e-001 -2.575603e-001  9.182879e-001
    outer loop
      vertex  6.259154e+000 -6.256636e+000  2.900000e+001
      vertex  5.039563e+000 -3.355865e+000  3.021295e+001
      vertex  4.090011e+000 -4.464396e+000  3.021295e+001
    endloop
  endfacet
  facet normal  3.513345e-001 -1.769851e-001  9.193695e-001
    outer loop
      vertex  7.768312e+000 -4.239791e+000  2.900000e+001
      vertex  5.696233e+000 -2.052303e+000  3.021295e+001
      vertex  5.039563e+000 -3.355865e+000  3.021295e+001
    endloop
  endfacet
  facet normal  3.266530e-001 -2.444268e-001  9.129915e-001
    outer loop
      vertex  7.768312e+000 -4.239791e+000  2.900000e+001
      vertex  5.039563e+000 -3.355865e+000  3.021295e+001
      vertex  6.259154e+000 -6.256636e+000  2.900000e+001
    endloop
  endfacet
  facet normal  3.829929e-001 -8.765071e-002  9.195836e-001
    outer loop
      vertex  8.648128e+000 -1.879463e+000  2.900000e+001
      vertex  6.021859e+000 -6.294690e-001  3.021295e+001
      vertex  5.696233e+000 -2.052303e+000  3.021295e+001
    endloop
  endfacet
  facet normal  3.833157e-001 -1.428815e-001  9.124988e-001
    outer loop
      vertex  8.648128e+000 -1.879463e+000  2.900000e+001
      vertex  5.696233e+000 -2.052303e+000  3.021295e+001
      vertex  7.768312e+000 -4.239791e+000  2.900000e+001
    endloop
  endfacet
  facet normal  2.205335e-001 -9.261626e-002  9.709724e-001
    outer loop
      vertex  5.696233e+000 -2.052303e+000  3.021295e+001
      vertex  3.053620e+000 -5.342348e-001  3.095795e+001
      vertex  2.519420e+000 -1.806245e+000  3.095795e+001
    endloop
  endfacet
  facet normal  2.188275e-001 -1.102346e-001  9.695168e-001
    outer loop
      vertex  5.039563e+000 -3.355865e+000  3.021295e+001
      vertex  5.696233e+000 -2.052303e+000  3.021295e+001
      vertex  2.519420e+000 -1.806245e+000  3.095795e+001
    endloop
  endfacet
  facet normal  1.876308e-001 -1.607218e-001  9.690011e-001
    outer loop
      vertex  5.039563e+000 -3.355865e+000  3.021295e+001
      vertex  2.519420e+000 -1.806245e+000  3.095795e+001
      vertex  4.090011e+000 -4.464396e+000  3.021295e+001
    endloop
  endfacet
  facet normal  3.943443e-001  6.577390e-003  9.189392e-001
    outer loop
      vertex  8.827324e+000  6.331276e-001  2.900000e+001
      vertex  5.997517e+000  8.299475e-001  3.021295e+001
      vertex  6.021859e+000 -6.294690e-001  3.021295e+001
    endloop
  endfacet
  facet normal  4.076763e-001 -2.907522e-002  9.126635e-001
    outer loop
      vertex  8.827324e+000  6.331276e-001  2.900000e+001
      vertex  6.021859e+000 -6.294690e-001  3.021295e+001
      vertex  8.648128e+000 -1.879463e+000  2.900000e+001
    endloop
  endfacet
  facet normal  3.847420e-001  1.016658e-001  9.174082e-001
    outer loop
      vertex  8.291383e+000  3.094426e+000  2.900000e+001
      vertex  5.624620e+000  2.241130e+000  3.021295e+001
      vertex  5.997517e+000  8.299475e-001  3.021295e+001
    endloop
  endfacet
  facet normal  3.975679e-001  8.656935e-002  9.134799e-001
    outer loop
      vertex  8.291383e+000  3.094426e+000  2.900000e+001
      vertex  5.997517e+000  8.299475e-001  3.021295e+001
      vertex  8.827324e+000  6.331276e-001  2.900000e+001
    endloop
  endfacet
  facet normal  2.399570e-001  1.229680e-002  9.707056e-001
    outer loop
      vertex  5.997517e+000  8.299475e-001  3.021295e+001
      vertex  2.983012e+000  8.435870e-001  3.095795e+001
      vertex  3.053620e+000 -5.342348e-001  3.095795e+001
    endloop
  endfacet
  facet normal  2.435629e-001  4.062462e-003  9.698766e-001
    outer loop
      vertex  6.021859e+000 -6.294690e-001  3.021295e+001
      vertex  5.997517e+000  8.299475e-001  3.021295e+001
      vertex  3.053620e+000 -5.342348e-001  3.095795e+001
    endloop
  endfacet
  facet normal  2.414027e-001 -5.524675e-002  9.688511e-001
    outer loop
      vertex  6.021859e+000 -6.294690e-001  3.021295e+001
      vertex  3.053620e+000 -5.342348e-001  3.095795e+001
      vertex  5.696233e+000 -2.052303e+000  3.021295e+001
    endloop
  endfacet
  facet normal  2.934257e-001  2.688191e-001  9.174081e-001
    outer loop
      vertex  7.083723e+000  5.305032e+000  2.900000e+001
      vertex  3.938849e+000  4.598314e+000  3.021295e+001
      vertex  4.924842e+000  3.522067e+000  3.021295e+001
    endloop
  endfacet
  facet normal  3.542221e-001  1.935124e-001  9.149206e-001
    outer loop
      vertex  7.083723e+000  5.305032e+000  2.900000e+001
      vertex  4.924842e+000  3.522067e+000  3.021295e+001
      vertex  8.291383e+000  3.094426e+000  2.900000e+001
    endloop
  endfacet
  facet normal  3.542221e-001  1.935123e-001  9.149206e-001
    outer loop
      vertex  8.291383e+000  3.094426e+000  2.900000e+001
      vertex  4.924842e+000  3.522067e+000  3.021295e+001
      vertex  5.624620e+000  2.241130e+000  3.021295e+001
    endloop
  endfacet
  facet normal  2.122943e-001  1.159769e-001  9.702992e-001
    outer loop
      vertex  4.924842e+000  3.522067e+000  3.021295e+001
      vertex  2.321582e+000  2.054326e+000  3.095795e+001
      vertex  2.983012e+000  8.435870e-001  3.095795e+001
    endloop
  endfacet
  facet normal  2.122943e-001  1.159768e-001  9.702992e-001
    outer loop
      vertex  5.624620e+000  2.241130e+000  3.021295e+001
      vertex  4.924842e+000  3.522067e+000  3.021295e+001
      vertex  2.983012e+000  8.435870e-001  3.095795e+001
    endloop
  endfacet
  facet normal  2.397110e-001  6.334221e-002  9.687758e-001
    outer loop
      vertex  5.624620e+000  2.241130e+000  3.021295e+001
      vertex  2.983012e+000  8.435870e-001  3.095795e+001
      vertex  5.997517e+000  8.299475e-001  3.021295e+001
    endloop
  endfacet
  facet normal  2.185999e-001  3.282754e-001  9.189392e-001
    outer loop
      vertex  5.302182e+000  7.085857e+000  2.900000e+001
      vertex  2.723945e+000  5.407323e+000  3.021295e+001
      vertex  3.938849e+000  4.598314e+000  3.021295e+001
    endloop
  endfacet
  facet normal  2.876524e-001  2.877681e-001  9.134799e-001
    outer loop
      vertex  5.302182e+000  7.085857e+000  2.900000e+001
      vertex  3.938849e+000  4.598314e+000  3.021295e+001
      vertex  7.083723e+000  5.305032e+000  2.900000e+001
    endloop
  endfacet
  facet normal  1.331764e-001  3.696353e-001  9.195836e-001
    outer loop
      vertex  3.091090e+000  8.292627e+000  2.900000e+001
      vertex  1.350734e+000  5.902079e+000  3.021295e+001
      vertex  2.723945e+000  5.407323e+000  3.021295e+001
    endloop
  endfacet
  facet normal  1.958026e-001  3.587572e-001  9.126635e-001
    outer loop
      vertex  3.091090e+000  8.292627e+000  2.900000e+001
      vertex  2.723945e+000  5.407323e+000  3.021295e+001
      vertex  5.302182e+000  7.085857e+000  2.900000e+001
    endloop
  endfacet
  facet normal  1.422391e-001  1.984006e-001  9.697449e-001
    outer loop
      vertex  2.723945e+000  5.407323e+000  3.021295e+001
      vertex  1.200335e+000  2.858181e+000  3.095795e+001
      vertex  2.321582e+000  2.054326e+000  3.095795e+001
    endloop
  endfacet
  facet normal  1.330066e-001  1.997385e-001  9.707801e-001
    outer loop
      vertex  3.938849e+000  4.598314e+000  3.021295e+001
      vertex  2.723945e+000  5.407323e+000  3.021295e+001
      vertex  2.321582e+000  2.054326e+000  3.095795e+001
    endloop
  endfacet
  facet normal  1.828170e-001  1.674860e-001  9.687758e-001
    outer loop
      vertex  3.938849e+000  4.598314e+000  3.021295e+001
      vertex  2.321582e+000  2.054326e+000  3.095795e+001
      vertex  4.924842e+000  3.522067e+000  3.021295e+001
    endloop
  endfacet
  facet normal  4.089901e-002  3.912633e-001  9.193695e-001
    outer loop
      vertex  6.295760e-001  8.827578e+000  2.900000e+001
      vertex -1.009754e-001  6.053827e+000  3.021295e+001
      vertex  1.350734e+000  5.902079e+000  3.021295e+001
    endloop
  endfacet
  facet normal  8.687557e-002  3.997482e-001  9.124988e-001
    outer loop
      vertex  6.295760e-001  8.827578e+000  2.900000e+001
      vertex  1.350734e+000  5.902079e+000  3.021295e+001
      vertex  3.091090e+000  8.292627e+000  2.900000e+001
    endloop
  endfacet
  facet normal -5.427000e-002  3.921762e-001  9.182878e-001
    outer loop
      vertex -1.882942e+000  8.647371e+000  2.900000e+001
      vertex -1.546817e+000  5.853749e+000  3.021295e+001
      vertex -1.009754e-001  6.053827e+000  3.021295e+001
    endloop
  endfacet
  facet normal -2.918663e-002  4.069334e-001  9.129914e-001
    outer loop
      vertex -1.882942e+000  8.647371e+000  2.900000e+001
      vertex -1.009754e-001  6.053827e+000  3.021295e+001
      vertex  6.295760e-001  8.827578e+000  2.900000e+001
    endloop
  endfacet
  facet normal  4.255545e-002  2.432418e-001  9.690317e-001
    outer loop
      vertex -1.009754e-001  6.053827e+000  3.021295e+001
      vertex -1.586539e-001  3.095937e+000  3.095795e+001
      vertex  1.200335e+000  2.858181e+000  3.095795e+001
    endloop
  endfacet
  facet normal  2.472277e-002  2.365121e-001  9.713140e-001
    outer loop
      vertex  1.350734e+000  5.902079e+000  3.021295e+001
      vertex -1.009754e-001  6.053827e+000  3.021295e+001
      vertex  1.200335e+000  2.858181e+000  3.095795e+001
    endloop
  endfacet
  facet normal  8.394186e-002  2.329833e-001  9.688511e-001
    outer loop
      vertex  1.350734e+000  5.902079e+000  3.021295e+001
      vertex  1.200335e+000  2.858181e+000  3.095795e+001
      vertex  2.723945e+000  5.407323e+000  3.021295e+001
    endloop
  endfacet
  facet normal -3.386536e-002  2.447242e-001  9.690012e-001
    outer loop
      vertex -1.546817e+000  5.853749e+000  3.021295e+001
      vertex -1.586539e-001  3.095937e+000  3.095795e+001
      vertex -1.009754e-001  6.053827e+000  3.021295e+001
    endloop
  endfacet
  facet normal -3.496526e-001  9.368794e-001  0.000000e+000
    outer loop
      vertex -4.242916e+000  7.766606e+000  1.650000e+001
      vertex -4.242916e+000  7.766606e+000  2.900000e+001
      vertex -1.882942e+000  8.647371e+000  1.650000e+001
    endloop
  endfacet
  facet normal -3.496526e-001  9.368794e-001  0.000000e+000
    outer loop
      vertex -1.882942e+000  8.647371e+000  1.650000e+001
      vertex -4.242916e+000  7.766606e+000  2.900000e+001
      vertex -1.882942e+000  8.647371e+000  2.900000e+001
    endloop
  endfacet
  facet normal -7.153960e-002  9.974378e-001  0.000000e+000
    outer loop
      vertex -1.882942e+000  8.647371e+000  1.650000e+001
      vertex -1.882942e+000  8.647371e+000  2.900000e+001
      vertex  6.295760e-001  8.827578e+000  1.650000e+001
    endloop
  endfacet
  facet normal -7.153960e-002  9.974378e-001  0.000000e+000
    outer loop
      vertex  6.295760e-001  8.827578e+000  1.650000e+001
      vertex -1.882942e+000  8.647371e+000  2.900000e+001
      vertex  6.295760e-001  8.827578e+000  2.900000e+001
    endloop
  endfacet
  facet normal  2.123684e-001  9.771897e-001  0.000000e+000
    outer loop
      vertex  6.295760e-001  8.827578e+000  1.650000e+001
      vertex  6.295760e-001  8.827578e+000  2.900000e+001
      vertex  3.091090e+000  8.292627e+000  1.650000e+001
    endloop
  endfacet
  facet normal  2.123684e-001  9.771897e-001  -0.000000e+000
    outer loop
      vertex  3.091090e+000  8.292627e+000  1.650000e+001
      vertex  6.295760e-001  8.827578e+000  2.900000e+001
      vertex  3.091090e+000  8.292627e+000  2.900000e+001
    endloop
  endfacet
  facet normal  4.790724e-001  8.777754e-001  0.000000e+000
    outer loop
      vertex  3.091090e+000  8.292627e+000  1.650000e+001
      vertex  3.091090e+000  8.292627e+000  2.900000e+001
      vertex  5.302182e+000  7.085857e+000  1.650000e+001
    endloop
  endfacet
  facet normal  4.790724e-001  8.777754e-001  -0.000000e+000
    outer loop
      vertex  5.302182e+000  7.085857e+000  1.650000e+001
      vertex  3.091090e+000  8.292627e+000  2.900000e+001
      vertex  5.302182e+000  7.085857e+000  2.900000e+001
    endloop
  endfacet
  facet normal  7.069646e-001  7.072490e-001  0.000000e+000
    outer loop
      vertex  5.302182e+000  7.085857e+000  1.650000e+001
      vertex  5.302182e+000  7.085857e+000  2.900000e+001
      vertex  7.083723e+000  5.305032e+000  1.650000e+001
    endloop
  endfacet
  facet normal  7.069646e-001  7.072490e-001  -0.000000e+000
    outer loop
      vertex  7.083723e+000  5.305032e+000  1.650000e+001
      vertex  5.302182e+000  7.085857e+000  2.900000e+001
      vertex  7.083723e+000  5.305032e+000  2.900000e+001
    endloop
  endfacet
  facet normal  8.775826e-001  4.794256e-001  0.000000e+000
    outer loop
      vertex  7.083723e+000  5.305032e+000  1.650000e+001
      vertex  7.083723e+000  5.305032e+000  2.900000e+001
      vertex  8.291383e+000  3.094426e+000  1.650000e+001
    endloop
  endfacet
  facet normal  8.775826e-001  4.794256e-001  -0.000000e+000
    outer loop
      vertex  8.291383e+000  3.094426e+000  1.650000e+001
      vertex  7.083723e+000  5.305032e+000  2.900000e+001
      vertex  8.291383e+000  3.094426e+000  2.900000e+001
    endloop
  endfacet
  facet normal  9.771041e-001  2.127618e-001  0.000000e+000
    outer loop
      vertex  8.291383e+000  3.094426e+000  1.650000e+001
      vertex  8.291383e+000  3.094426e+000  2.900000e+001
      vertex  8.827324e+000  6.331276e-001  1.650000e+001
    endloop
  endfacet
  facet normal  9.771041e-001  2.127618e-001  -0.000000e+000
    outer loop
      vertex  8.827324e+000  6.331276e-001  1.650000e+001
      vertex  8.291383e+000  3.094426e+000  2.900000e+001
      vertex  8.827324e+000  6.331276e-001  2.900000e+001
    endloop
  endfacet
  facet normal  9.974664e-001 -7.113867e-002  0.000000e+000
    outer loop
      vertex  8.827324e+000  6.331276e-001  1.650000e+001
      vertex  8.827324e+000  6.331276e-001  2.900000e+001
      vertex  8.648128e+000 -1.879463e+000  1.650000e+001
    endloop
  endfacet
  facet normal  9.974664e-001 -7.113867e-002  0.000000e+000
    outer loop
      vertex  8.648128e+000 -1.879463e+000  1.650000e+001
      vertex  8.827324e+000  6.331276e-001  2.900000e+001
      vertex  8.648128e+000 -1.879463e+000  2.900000e+001
    endloop
  endfacet
  facet normal  9.370201e-001 -3.492756e-001  0.000000e+000
    outer loop
      vertex  8.648128e+000 -1.879463e+000  1.650000e+001
      vertex  8.648128e+000 -1.879463e+000  2.900000e+001
      vertex  7.768312e+000 -4.239791e+000  1.650000e+001
    endloop
  endfacet
  facet normal  9.370201e-001 -3.492756e-001  0.000000e+000
    outer loop
      vertex  7.768312e+000 -4.239791e+000  1.650000e+001
      vertex  8.648128e+000 -1.879463e+000  2.900000e+001
      vertex  7.768312e+000 -4.239791e+000  2.900000e+001
    endloop
  endfacet
  facet normal  8.006618e-001 -5.991165e-001  0.000000e+000
    outer loop
      vertex  7.768312e+000 -4.239791e+000  1.650000e+001
      vertex  7.768312e+000 -4.239791e+000  2.900000e+001
      vertex  6.259154e+000 -6.256636e+000  1.650000e+001
    endloop
  endfacet
  facet normal  8.006618e-001 -5.991165e-001  0.000000e+000
    outer loop
      vertex  6.259154e+000 -6.256636e+000  1.650000e+001
      vertex  7.768312e+000 -4.239791e+000  2.900000e+001
      vertex  6.259154e+000 -6.256636e+000  2.900000e+001
    endloop
  endfacet
  facet normal  5.994387e-001 -8.004206e-001  0.000000e+000
    outer loop
      vertex  6.259154e+000 -6.256636e+000  1.650000e+001
      vertex  6.259154e+000 -6.256636e+000  2.900000e+001
      vertex  4.242916e+000 -7.766606e+000  1.650000e+001
    endloop
  endfacet
  facet normal  5.994387e-001 -8.004206e-001  0.000000e+000
    outer loop
      vertex  4.242916e+000 -7.766606e+000  1.650000e+001
      vertex  6.259154e+000 -6.256636e+000  2.900000e+001
      vertex  4.242916e+000 -7.766606e+000  2.900000e+001
    endloop
  endfacet
  facet normal  3.607764e-001 -9.326523e-001  0.000000e+000
    outer loop
      vertex  4.650428e+000 -8.512551e+000  1.050000e+001
      vertex  4.650428e+000 -8.512551e+000  1.650000e+001
      vertex  2.288758e+000 -9.426112e+000  1.050000e+001
    endloop
  endfacet
  facet normal  3.607764e-001 -9.326523e-001  0.000000e+000
    outer loop
      vertex  2.288758e+000 -9.426112e+000  1.050000e+001
      vertex  4.650428e+000 -8.512551e+000  1.650000e+001
      vertex  2.288758e+000 -9.426112e+000  1.650000e+001
    endloop
  endfacet
  facet normal  1.070950e-001 -9.942487e-001  0.000000e+000
    outer loop
      vertex  2.288758e+000 -9.426112e+000  1.050000e+001
      vertex  2.288758e+000 -9.426112e+000  1.650000e+001
      vertex -2.288869e-001 -9.697299e+000  1.050000e+001
    endloop
  endfacet
  facet normal  1.070950e-001 -9.942487e-001  0.000000e+000
    outer loop
      vertex -2.288869e-001 -9.697299e+000  1.050000e+001
      vertex  2.288758e+000 -9.426112e+000  1.650000e+001
      vertex -2.288869e-001 -9.697299e+000  1.650000e+001
    endloop
  endfacet
  facet normal -1.538845e-001 -9.880888e-001  -0.000000e+000
    outer loop
      vertex -2.288869e-001 -9.697299e+000  1.050000e+001
      vertex -2.288869e-001 -9.697299e+000  1.650000e+001
      vertex -2.730933e+000 -9.307631e+000  1.050000e+001
    endloop
  endfacet
  facet normal -1.538845e-001 -9.880888e-001  0.000000e+000
    outer loop
      vertex -2.730933e+000 -9.307631e+000  1.050000e+001
      vertex -2.288869e-001 -9.697299e+000  1.650000e+001
      vertex -2.730933e+000 -9.307631e+000  1.650000e+001
    endloop
  endfacet
  facet normal -4.043773e-001 -9.145923e-001  -0.000000e+000
    outer loop
      vertex -2.730933e+000 -9.307631e+000  1.050000e+001
      vertex -2.730933e+000 -9.307631e+000  1.650000e+001
      vertex -5.046872e+000 -8.283664e+000  1.050000e+001
    endloop
  endfacet
  facet normal -4.043773e-001 -9.145923e-001  0.000000e+000
    outer loop
      vertex -5.046872e+000 -8.283664e+000  1.050000e+001
      vertex -2.730933e+000 -9.307631e+000  1.650000e+001
      vertex -5.046872e+000 -8.283664e+000  1.650000e+001
    endloop
  endfacet
  facet normal -6.273124e-001 -7.787677e-001  -0.000000e+000
    outer loop
      vertex -5.046872e+000 -8.283664e+000  1.050000e+001
      vertex -5.046872e+000 -8.283664e+000  1.650000e+001
      vertex -7.018873e+000 -6.695179e+000  1.050000e+001
    endloop
  endfacet
  facet normal -6.273124e-001 -7.787677e-001  0.000000e+000
    outer loop
      vertex -7.018873e+000 -6.695179e+000  1.050000e+001
      vertex -5.046872e+000 -8.283664e+000  1.650000e+001
      vertex -7.018873e+000 -6.695179e+000  1.650000e+001
    endloop
  endfacet
  facet normal -8.074970e-001 -5.898717e-001  -0.000000e+000
    outer loop
      vertex -7.018873e+000 -6.695179e+000  1.050000e+001
      vertex -7.018873e+000 -6.695179e+000  1.650000e+001
      vertex -8.512551e+000 -4.650428e+000  1.050000e+001
    endloop
  endfacet
  facet normal -8.074970e-001 -5.898717e-001  0.000000e+000
    outer loop
      vertex -8.512551e+000 -4.650428e+000  1.050000e+001
      vertex -7.018873e+000 -6.695179e+000  1.650000e+001
      vertex -8.512551e+000 -4.650428e+000  1.650000e+001
    endloop
  endfacet
  facet normal -9.326523e-001 -3.607764e-001  -0.000000e+000
    outer loop
      vertex -8.512551e+000 -4.650428e+000  1.050000e+001
      vertex -8.512551e+000 -4.650428e+000  1.650000e+001
      vertex -9.426112e+000 -2.288758e+000  1.050000e+001
    endloop
  endfacet
  facet normal -9.326523e-001 -3.607764e-001  0.000000e+000
    outer loop
      vertex -9.426112e+000 -2.288758e+000  1.050000e+001
      vertex -8.512551e+000 -4.650428e+000  1.650000e+001
      vertex -9.426112e+000 -2.288758e+000  1.650000e+001
    endloop
  endfacet
  facet normal -9.942487e-001 -1.070950e-001  -0.000000e+000
    outer loop
      vertex -9.426112e+000 -2.288758e+000  1.050000e+001
      vertex -9.426112e+000 -2.288758e+000  1.650000e+001
      vertex -9.697299e+000  2.288869e-001  1.050000e+001
    endloop
  endfacet
  facet normal -9.942487e-001 -1.070950e-001  0.000000e+000
    outer loop
      vertex -9.697299e+000  2.288869e-001  1.050000e+001
      vertex -9.426112e+000 -2.288758e+000  1.650000e+001
      vertex -9.697299e+000  2.288869e-001  1.650000e+001
    endloop
  endfacet
  facet normal -9.880888e-001  1.538845e-001  0.000000e+000
    outer loop
      vertex -9.697299e+000  2.288869e-001  1.050000e+001
      vertex -9.697299e+000  2.288869e-001  1.650000e+001
      vertex -9.307631e+000  2.730933e+000  1.050000e+001
    endloop
  endfacet
  facet normal -9.880888e-001  1.538845e-001  0.000000e+000
    outer loop
      vertex -9.307631e+000  2.730933e+000  1.050000e+001
      vertex -9.697299e+000  2.288869e-001  1.650000e+001
      vertex -9.307631e+000  2.730933e+000  1.650000e+001
    endloop
  endfacet
  facet normal -9.145923e-001  4.043773e-001  0.000000e+000
    outer loop
      vertex -9.307631e+000  2.730933e+000  1.050000e+001
      vertex -9.307631e+000  2.730933e+000  1.650000e+001
      vertex -8.283664e+000  5.046872e+000  1.050000e+001
    endloop
  endfacet
  facet normal -9.145923e-001  4.043773e-001  0.000000e+000
    outer loop
      vertex -8.283664e+000  5.046872e+000  1.050000e+001
      vertex -9.307631e+000  2.730933e+000  1.650000e+001
      vertex -8.283664e+000  5.046872e+000  1.650000e+001
    endloop
  endfacet
  facet normal -7.787677e-001  6.273124e-001  0.000000e+000
    outer loop
      vertex -8.283664e+000  5.046872e+000  1.050000e+001
      vertex -8.283664e+000  5.046872e+000  1.650000e+001
      vertex -6.695179e+000  7.018873e+000  1.050000e+001
    endloop
  endfacet
  facet normal -7.787677e-001  6.273124e-001  0.000000e+000
    outer loop
      vertex -6.695179e+000  7.018873e+000  1.050000e+001
      vertex -8.283664e+000  5.046872e+000  1.650000e+001
      vertex -6.695179e+000  7.018873e+000  1.650000e+001
    endloop
  endfacet
  facet normal -5.898717e-001  8.074970e-001  0.000000e+000
    outer loop
      vertex -6.695179e+000  7.018873e+000  1.050000e+001
      vertex -6.695179e+000  7.018873e+000  1.650000e+001
      vertex -4.650428e+000  8.512551e+000  1.050000e+001
    endloop
  endfacet
  facet normal -5.898717e-001  8.074970e-001  0.000000e+000
    outer loop
      vertex -4.650428e+000  8.512551e+000  1.050000e+001
      vertex -6.695179e+000  7.018873e+000  1.650000e+001
      vertex -4.650428e+000  8.512551e+000  1.650000e+001
    endloop
  endfacet
  facet normal -8.873958e-001  3.923527e-001 -2.420498e-001
    outer loop
      vertex -6.325854e+000  2.997260e+000  1.776357e-015
      vertex -9.307631e+000  2.730933e+000  1.050000e+001
      vertex -8.283664e+000  5.046872e+000  1.050000e+001
    endloop
  endfacet
  facet normal -7.982204e-001  5.455733e-001 -2.553312e-001
    outer loop
      vertex -6.325854e+000  2.997260e+000  1.776357e-015
      vertex -8.283664e+000  5.046872e+000  1.050000e+001
      vertex -5.090041e+000  4.805360e+000  1.776357e-015
    endloop
  endfacet
  facet normal -9.587069e-001  1.493085e-001 -2.420498e-001
    outer loop
      vertex -6.942449e+000  8.957667e-001  1.776357e-015
      vertex -9.697299e+000  2.288869e-001  1.050000e+001
      vertex -9.307631e+000  2.730933e+000  1.050000e+001
    endloop
  endfacet
  facet normal -9.274535e-001  2.721223e-001 -2.564749e-001
    outer loop
      vertex -6.942449e+000  8.957667e-001  1.776357e-015
      vertex -9.307631e+000  2.730933e+000  1.050000e+001
      vertex -6.325854e+000  2.997260e+000  1.776357e-015
    endloop
  endfacet
  facet normal -9.642686e-001 -1.038657e-001 -2.437172e-001
    outer loop
      vertex -6.879469e+000 -1.293410e+000  1.776357e-015
      vertex -9.426112e+000 -2.288758e+000  1.050000e+001
      vertex -9.697299e+000  2.288869e-001  1.050000e+001
    endloop
  endfacet
  facet normal -9.664538e-001 -2.780380e-002 -2.553311e-001
    outer loop
      vertex -6.879469e+000 -1.293410e+000  1.776357e-015
      vertex -9.697299e+000  2.288869e-001  1.050000e+001
      vertex -6.942449e+000  8.957667e-001  1.776357e-015
    endloop
  endfacet
  facet normal -3.923527e-001 -8.873958e-001 -2.420498e-001
    outer loop
      vertex -2.997260e+000 -6.325854e+000  1.776357e-015
      vertex -2.730933e+000 -9.307631e+000  1.050000e+001
      vertex -5.046872e+000 -8.283664e+000  1.050000e+001
    endloop
  endfacet
  facet normal -5.455733e-001 -7.982204e-001 -2.553312e-001
    outer loop
      vertex -2.997260e+000 -6.325854e+000  1.776357e-015
      vertex -5.046872e+000 -8.283664e+000  1.050000e+001
      vertex -4.805360e+000 -5.090041e+000  1.776357e-015
    endloop
  endfacet
  facet normal -1.493085e-001 -9.587069e-001 -2.420498e-001
    outer loop
      vertex -8.957667e-001 -6.942449e+000  1.776357e-015
      vertex -2.288869e-001 -9.697299e+000  1.050000e+001
      vertex -2.730933e+000 -9.307631e+000  1.050000e+001
    endloop
  endfacet
  facet normal -2.721223e-001 -9.274535e-001 -2.564749e-001
    outer loop
      vertex -8.957667e-001 -6.942449e+000  1.776357e-015
      vertex -2.730933e+000 -9.307631e+000  1.050000e+001
      vertex -2.997260e+000 -6.325854e+000  1.776357e-015
    endloop
  endfacet
  facet normal  2.780380e-002 -9.664538e-001 -2.553311e-001
    outer loop
      vertex  1.293410e+000 -6.879469e+000  1.776357e-015
      vertex -2.288869e-001 -9.697299e+000  1.050000e+001
      vertex -8.957667e-001 -6.942449e+000  1.776357e-015
    endloop
  endfacet
  facet normal -5.715886e-001  7.824687e-001 -2.470411e-001
    outer loop
      vertex -4.650428e+000  8.512551e+000  1.050000e+001
      vertex -3.355979e+000  6.143078e+000  1.776357e-015
      vertex -6.695179e+000  7.018873e+000  1.050000e+001
    endloop
  endfacet
  facet normal -5.911111e-001  7.662479e-001 -2.518966e-001
    outer loop
      vertex -6.695179e+000  7.018873e+000  1.050000e+001
      vertex -3.355979e+000  6.143078e+000  1.776357e-015
      vertex -5.090041e+000  4.805360e+000  1.776357e-015
    endloop
  endfacet
  facet normal -7.552850e-001  6.083966e-001 -2.437172e-001
    outer loop
      vertex -6.695179e+000  7.018873e+000  1.050000e+001
      vertex -5.090041e+000  4.805360e+000  1.776357e-015
      vertex -8.283664e+000  5.046872e+000  1.050000e+001
    endloop
  endfacet
  facet normal  3.258924e-001 -9.127971e-001 -2.461619e-001
    outer loop
      vertex  3.355979e+000 -6.143078e+000  1.776357e-015
      vertex  4.650428e+000 -8.512551e+000  1.050000e+001
      vertex  1.293410e+000 -6.879469e+000  1.776357e-015
    endloop
  endfacet
  facet normal  3.491332e-001 -9.025533e-001 -2.519991e-001
    outer loop
      vertex  1.293410e+000 -6.879469e+000  1.776357e-015
      vertex  4.650428e+000 -8.512551e+000  1.050000e+001
      vertex  2.288758e+000 -9.426112e+000  1.050000e+001
    endloop
  endfacet
  facet normal  1.038657e-001 -9.642686e-001 -2.437172e-001
    outer loop
      vertex  1.293410e+000 -6.879469e+000  1.776357e-015
      vertex  2.288758e+000 -9.426112e+000  1.050000e+001
      vertex -2.288869e-001 -9.697299e+000  1.050000e+001
    endloop
  endfacet
  facet normal -9.025533e-001 -3.491332e-001 -2.519991e-001
    outer loop
      vertex -9.426112e+000 -2.288758e+000  1.050000e+001
      vertex -6.879469e+000 -1.293410e+000  1.776357e-015
      vertex -8.512551e+000 -4.650428e+000  1.050000e+001
    endloop
  endfacet
  facet normal -9.127971e-001 -3.258924e-001 -2.461619e-001
    outer loop
      vertex -8.512551e+000 -4.650428e+000  1.050000e+001
      vertex -6.879469e+000 -1.293410e+000  1.776357e-015
      vertex -6.143078e+000 -3.355979e+000  1.776357e-015
    endloop
  endfacet
  facet normal -7.824687e-001 -5.715886e-001 -2.470411e-001
    outer loop
      vertex -8.512551e+000 -4.650428e+000  1.050000e+001
      vertex -6.143078e+000 -3.355979e+000  1.776357e-015
      vertex -7.018873e+000 -6.695179e+000  1.050000e+001
    endloop
  endfacet
  facet normal -7.662479e-001 -5.911111e-001 -2.518966e-001
    outer loop
      vertex -7.018873e+000 -6.695179e+000  1.050000e+001
      vertex -6.143078e+000 -3.355979e+000  1.776357e-015
      vertex -4.805360e+000 -5.090041e+000  1.776357e-015
    endloop
  endfacet
  facet normal -6.083966e-001 -7.552850e-001 -2.437172e-001
    outer loop
      vertex -7.018873e+000 -6.695179e+000  1.050000e+001
      vertex -4.805360e+000 -5.090041e+000  1.776357e-015
      vertex -5.046872e+000 -8.283664e+000  1.050000e+001
    endloop
  endfacet
  facet normal -4.765163e-002  4.995546e-002  9.976140e-001
    outer loop
      vertex -5.513985e-016  1.009328e-015  3.121553e+001
      vertex -1.198564e+000  2.193956e+000  3.104842e+001
      vertex -2.134965e+000  1.300740e+000  3.104842e+001
    endloop
  endfacet
  facet normal -6.624526e-002  1.943688e-002  9.976140e-001
    outer loop
      vertex -5.513985e-016  1.009328e-015  3.121553e+001
      vertex -2.134965e+000  1.300740e+000  3.104842e+001
      vertex -2.499304e+000  5.899146e-002  3.104842e+001
    endloop
  endfacet
  facet normal -6.708851e-002 -1.628979e-002  9.976140e-001
    outer loop
      vertex -5.513985e-016  1.009328e-015  3.121553e+001
      vertex -2.499304e+000  5.899146e-002  3.104842e+001
      vertex -2.193956e+000 -1.198564e+000  3.104842e+001
    endloop
  endfacet
  facet normal -4.995546e-002 -4.765163e-002  9.976140e-001
    outer loop
      vertex -5.513985e-016  1.009328e-015  3.121553e+001
      vertex -2.193956e+000 -1.198564e+000  3.104842e+001
      vertex -1.300740e+000 -2.134965e+000  3.104842e+001
    endloop
  endfacet
  facet normal -1.943688e-002 -6.624526e-002  9.976140e-001
    outer loop
      vertex -5.513985e-016  1.009328e-015  3.121553e+001
      vertex -1.300740e+000 -2.134965e+000  3.104842e+001
      vertex -5.899146e-002 -2.499304e+000  3.104842e+001
    endloop
  endfacet
  facet normal  1.628979e-002 -6.708851e-002  9.976140e-001
    outer loop
      vertex -5.513985e-016  1.009328e-015  3.121553e+001
      vertex -5.899146e-002 -2.499304e+000  3.104842e+001
      vertex  1.198564e+000 -2.193956e+000  3.104842e+001
    endloop
  endfacet
  facet normal  2.359544e-001 -9.717641e-001  0.000000e+000
    outer loop
      vertex  1.198564e+000 -2.193956e+000  2.921553e+001
      vertex  1.198564e+000 -2.193956e+000  3.104842e+001
      vertex -5.899146e-002 -2.499304e+000  2.921553e+001
    endloop
  endfacet
  facet normal  2.359544e-001 -9.717641e-001  0.000000e+000
    outer loop
      vertex -5.899146e-002 -2.499304e+000  2.921553e+001
      vertex  1.198564e+000 -2.193956e+000  3.104842e+001
      vertex -5.899146e-002 -2.499304e+000  3.104842e+001
    endloop
  endfacet
  facet normal -2.815394e-001 -9.595495e-001  -0.000000e+000
    outer loop
      vertex -5.899146e-002 -2.499304e+000  2.921553e+001
      vertex -5.899146e-002 -2.499304e+000  3.104842e+001
      vertex -1.300740e+000 -2.134965e+000  2.921553e+001
    endloop
  endfacet
  facet normal -2.815394e-001 -9.595495e-001  0.000000e+000
    outer loop
      vertex -1.300740e+000 -2.134965e+000  2.921553e+001
      vertex -5.899146e-002 -2.499304e+000  3.104842e+001
      vertex -1.300740e+000 -2.134965e+000  3.104842e+001
    endloop
  endfacet
  facet normal -7.235951e-001 -6.902246e-001  -0.000000e+000
    outer loop
      vertex -1.300740e+000 -2.134965e+000  2.921553e+001
      vertex -1.300740e+000 -2.134965e+000  3.104842e+001
      vertex -2.193956e+000 -1.198564e+000  2.921553e+001
    endloop
  endfacet
  facet normal -7.235951e-001 -6.902246e-001  0.000000e+000
    outer loop
      vertex -2.193956e+000 -1.198564e+000  2.921553e+001
      vertex -1.300740e+000 -2.134965e+000  3.104842e+001
      vertex -2.193956e+000 -1.198564e+000  3.104842e+001
    endloop
  endfacet
  facet normal -9.717641e-001 -2.359544e-001  -0.000000e+000
    outer loop
      vertex -2.193956e+000 -1.198564e+000  2.921553e+001
      vertex -2.193956e+000 -1.198564e+000  3.104842e+001
      vertex -2.499304e+000  5.899146e-002  2.921553e+001
    endloop
  endfacet
  facet normal -9.717641e-001 -2.359544e-001  0.000000e+000
    outer loop
      vertex -2.499304e+000  5.899146e-002  2.921553e+001
      vertex -2.193956e+000 -1.198564e+000  3.104842e+001
      vertex -2.499304e+000  5.899146e-002  3.104842e+001
    endloop
  endfacet
  facet normal -9.595495e-001  2.815394e-001  0.000000e+000
    outer loop
      vertex -2.499304e+000  5.899146e-002  2.921553e+001
      vertex -2.499304e+000  5.899146e-002  3.104842e+001
      vertex -2.134965e+000  1.300740e+000  2.921553e+001
    endloop
  endfacet
  facet normal -9.595495e-001  2.815394e-001  0.000000e+000
    outer loop
      vertex -2.134965e+000  1.300740e+000  2.921553e+001
      vertex -2.499304e+000  5.899146e-002  3.104842e+001
      vertex -2.134965e+000  1.300740e+000  3.104842e+001
    endloop
  endfacet
  facet normal -6.902246e-001  7.235951e-001  0.000000e+000
    outer loop
      vertex -2.134965e+000  1.300740e+000  2.921553e+001
      vertex -2.134965e+000  1.300740e+000  3.104842e+001
      vertex -1.198564e+000  2.193956e+000  2.921553e+001
    endloop
  endfacet
  facet normal -6.902246e-001  7.235951e-001  0.000000e+000
    outer loop
      vertex -1.198564e+000  2.193956e+000  2.921553e+001
      vertex -2.134965e+000  1.300740e+000  3.104842e+001
      vertex -1.198564e+000  2.193956e+000  3.104842e+001
    endloop
  endfacet
  facet normal  5.826597e-001  8.127162e-001  0.000000e+000
    outer loop
      vertex -2.321582e+000 -2.054326e+000  2.921553e+001
      vertex -1.200335e+000 -2.858181e+000  3.095795e+001
      vertex -1.200335e+000 -2.858181e+000  2.921553e+001
    endloop
  endfacet
  facet normal  1.723337e-001  9.850386e-001  -0.000000e+000
    outer loop
      vertex -1.200335e+000 -2.858181e+000  2.921553e+001
      vertex -1.200335e+000 -2.858181e+000  3.095795e+001
      vertex  1.586539e-001 -3.095937e+000  3.095795e+001
    endloop
  endfacet
  facet normal  1.723337e-001  9.850386e-001  0.000000e+000
    outer loop
      vertex -1.200335e+000 -2.858181e+000  2.921553e+001
      vertex  1.586539e-001 -3.095937e+000  3.095795e+001
      vertex  1.586539e-001 -3.095937e+000  2.921553e+001
    endloop
  endfacet
  facet normal -2.721249e-001  9.622620e-001  0.000000e+000
    outer loop
      vertex  1.586539e-001 -3.095937e+000  2.921553e+001
      vertex  1.586539e-001 -3.095937e+000  3.095795e+001
      vertex  1.486219e+000 -2.720506e+000  3.095795e+001
    endloop
  endfacet
  facet normal -2.721249e-001  9.622620e-001  0.000000e+000
    outer loop
      vertex  1.586539e-001 -3.095937e+000  2.921553e+001
      vertex  1.486219e+000 -2.720506e+000  3.095795e+001
      vertex  1.486219e+000 -2.720506e+000  2.921553e+001
    endloop
  endfacet
  facet normal  5.826597e-001  8.127162e-001  -0.000000e+000
    outer loop
      vertex -1.200335e+000 -2.858181e+000  3.095795e+001
      vertex -2.321582e+000 -2.054326e+000  2.921553e+001
      vertex -2.321582e+000 -2.054326e+000  3.095795e+001
    endloop
  endfacet
  facet normal  8.775827e-001  4.794255e-001  0.000000e+000
    outer loop
      vertex -2.321582e+000 -2.054326e+000  3.095795e+001
      vertex -2.321582e+000 -2.054326e+000  2.921553e+001
      vertex -2.983012e+000 -8.435870e-001  2.921553e+001
    endloop
  endfacet
  facet normal  8.775827e-001  4.794255e-001  -0.000000e+000
    outer loop
      vertex -2.321582e+000 -2.054326e+000  3.095795e+001
      vertex -2.983012e+000 -8.435870e-001  2.921553e+001
      vertex -2.983012e+000 -8.435870e-001  3.095795e+001
    endloop
  endfacet
  facet normal  9.986896e-001  5.117871e-002  0.000000e+000
    outer loop
      vertex -2.983012e+000 -8.435870e-001  3.095795e+001
      vertex -2.983012e+000 -8.435870e-001  2.921553e+001
      vertex -3.053620e+000  5.342348e-001  2.921553e+001
    endloop
  endfacet
  facet normal  9.986896e-001  5.117871e-002  -0.000000e+000
    outer loop
      vertex -2.983012e+000 -8.435870e-001  3.095795e+001
      vertex -3.053620e+000  5.342348e-001  2.921553e+001
      vertex -3.053620e+000  5.342348e-001  3.095795e+001
    endloop
  endfacet
  facet normal  9.219937e-001 -3.872047e-001  0.000000e+000
    outer loop
      vertex -3.053620e+000  5.342348e-001  3.095795e+001
      vertex -3.053620e+000  5.342348e-001  2.921553e+001
      vertex -2.519420e+000  1.806245e+000  2.921553e+001
    endloop
  endfacet
  facet normal  9.219937e-001 -3.872047e-001  0.000000e+000
    outer loop
      vertex -3.053620e+000  5.342348e-001  3.095795e+001
      vertex -2.519420e+000  1.806245e+000  2.921553e+001
      vertex -2.519420e+000  1.806245e+000  3.095795e+001
    endloop
  endfacet
  facet normal  6.626859e-001 -7.488975e-001  0.000000e+000
    outer loop
      vertex -2.519420e+000  1.806245e+000  3.095795e+001
      vertex -2.519420e+000  1.806245e+000  2.921553e+001
      vertex -1.486219e+000  2.720506e+000  2.921553e+001
    endloop
  endfacet
  facet normal  6.626859e-001 -7.488975e-001  0.000000e+000
    outer loop
      vertex -2.519420e+000  1.806245e+000  3.095795e+001
      vertex -1.486219e+000  2.720506e+000  2.921553e+001
      vertex -1.486219e+000  2.720506e+000  3.095795e+001
    endloop
  endfacet
  facet normal  9.112369e-002 -2.286953e-001  9.692239e-001
    outer loop
      vertex  1.486219e+000 -2.720506e+000  3.095795e+001
      vertex  1.546817e+000 -5.853749e+000  3.021295e+001
      vertex  2.902763e+000 -5.313472e+000  3.021295e+001
    endloop
  endfacet
  facet normal  6.494400e-002 -2.296488e-001  9.711043e-001
    outer loop
      vertex  1.486219e+000 -2.720506e+000  3.095795e+001
      vertex  1.586539e-001 -3.095937e+000  3.095795e+001
      vertex  1.546817e+000 -5.853749e+000  3.021295e+001
    endloop
  endfacet
  facet normal -1.581534e-001  1.787283e-001  9.711043e-001
    outer loop
      vertex -1.486219e+000  2.720506e+000  3.095795e+001
      vertex -4.090011e+000  4.464396e+000  3.021295e+001
      vertex -2.519420e+000  1.806245e+000  3.095795e+001
    endloop
  endfacet
  facet normal -1.432061e-001  2.002425e-001  9.692238e-001
    outer loop
      vertex -1.486219e+000  2.720506e+000  3.095795e+001
      vertex -2.902763e+000  5.313472e+000  3.021295e+001
      vertex -4.090011e+000  4.464396e+000  3.021295e+001
    endloop
  endfacet
  facet normal -2.329842e-001  3.257775e-001  9.162900e-001
    outer loop
      vertex -4.242916e+000  7.766606e+000  2.900000e+001
      vertex -4.090011e+000  4.464396e+000  3.021295e+001
      vertex -2.902763e+000  5.313472e+000  3.021295e+001
    endloop
  endfacet
  facet normal -2.430322e-001  3.245170e-001  9.141247e-001
    outer loop
      vertex -4.242916e+000  7.766606e+000  2.900000e+001
      vertex -6.259154e+000  6.256636e+000  2.900000e+001
      vertex -4.090011e+000  4.464396e+000  3.021295e+001
    endloop
  endfacet
  facet normal  1.417607e-001 -3.798419e-001  9.141247e-001
    outer loop
      vertex  4.242916e+000 -7.766606e+000  2.900000e+001
      vertex  1.546817e+000 -5.853749e+000  3.021295e+001
      vertex  1.882942e+000 -8.647371e+000  2.900000e+001
    endloop
  endfacet
  facet normal  1.482505e-001 -3.720678e-001  9.162900e-001
    outer loop
      vertex  4.242916e+000 -7.766606e+000  2.900000e+001
      vertex  2.902763e+000 -5.313472e+000  3.021295e+001
      vertex  1.546817e+000 -5.853749e+000  3.021295e+001
    endloop
  endfacet
  facet normal -3.006827e-001  2.575603e-001  9.182879e-001
    outer loop
      vertex -6.259154e+000  6.256636e+000  2.900000e+001
      vertex -5.039563e+000  3.355865e+000  3.021295e+001
      vertex -4.090011e+000  4.464396e+000  3.021295e+001
    endloop
  endfacet
  facet normal -3.513345e-001  1.769851e-001  9.193695e-001
    outer loop
      vertex -7.768312e+000  4.239791e+000  2.900000e+001
      vertex -5.696233e+000  2.052303e+000  3.021295e+001
      vertex -5.039563e+000  3.355865e+000  3.021295e+001
    endloop
  endfacet
  facet normal -3.266530e-001  2.444268e-001  9.129915e-001
    outer loop
      vertex -7.768312e+000  4.239791e+000  2.900000e+001
      vertex -5.039563e+000  3.355865e+000  3.021295e+001
      vertex -6.259154e+000  6.256636e+000  2.900000e+001
    endloop
  endfacet
  facet normal -3.829929e-001  8.765071e-002  9.195836e-001
    outer loop
      vertex -8.648128e+000  1.879463e+000  2.900000e+001
      vertex -6.021859e+000  6.294690e-001  3.021295e+001
      vertex -5.696233e+000  2.052303e+000  3.021295e+001
    endloop
  endfacet
  facet normal -3.833157e-001  1.428815e-001  9.124988e-001
    outer loop
      vertex -8.648128e+000  1.879463e+000  2.900000e+001
      vertex -5.696233e+000  2.052303e+000  3.021295e+001
      vertex -7.768312e+000  4.239791e+000  2.900000e+001
    endloop
  endfacet
  facet normal -2.205335e-001  9.261626e-002  9.709724e-001
    outer loop
      vertex -5.696233e+000  2.052303e+000  3.021295e+001
      vertex -3.053620e+000  5.342348e-001  3.095795e+001
      vertex -2.519420e+000  1.806245e+000  3.095795e+001
    endloop
  endfacet
  facet normal -2.188275e-001  1.102346e-001  9.695168e-001
    outer loop
      vertex -5.039563e+000  3.355865e+000  3.021295e+001
      vertex -5.696233e+000  2.052303e+000  3.021295e+001
      vertex -2.519420e+000  1.806245e+000  3.095795e+001
    endloop
  endfacet
  facet normal -1.876308e-001  1.607218e-001  9.690011e-001
    outer loop
      vertex -5.039563e+000  3.355865e+000  3.021295e+001
      vertex -2.519420e+000  1.806245e+000  3.095795e+001
      vertex -4.090011e+000  4.464396e+000  3.021295e+001
    endloop
  endfacet
  facet normal -3.943443e-001 -6.577390e-003  9.189392e-001
    outer loop
      vertex -8.827324e+000 -6.331276e-001  2.900000e+001
      vertex -5.997517e+000 -8.299475e-001  3.021295e+001
      vertex -6.021859e+000  6.294690e-001  3.021295e+001
    endloop
  endfacet
  facet normal -4.076763e-001  2.907522e-002  9.126635e-001
    outer loop
      vertex -8.827324e+000 -6.331276e-001  2.900000e+001
      vertex -6.021859e+000  6.294690e-001  3.021295e+001
      vertex -8.648128e+000  1.879463e+000  2.900000e+001
    endloop
  endfacet
  facet normal -3.847420e-001 -1.016658e-001  9.174082e-001
    outer loop
      vertex -8.291383e+000 -3.094426e+000  2.900000e+001
      vertex -5.624620e+000 -2.241130e+000  3.021295e+001
      vertex -5.997517e+000 -8.299475e-001  3.021295e+001
    endloop
  endfacet
  facet normal -3.975679e-001 -8.656935e-002  9.134799e-001
    outer loop
      vertex -8.291383e+000 -3.094426e+000  2.900000e+001
      vertex -5.997517e+000 -8.299475e-001  3.021295e+001
      vertex -8.827324e+000 -6.331276e-001  2.900000e+001
    endloop
  endfacet
  facet normal -2.399570e-001 -1.229680e-002  9.707056e-001
    outer loop
      vertex -5.997517e+000 -8.299475e-001  3.021295e+001
      vertex -2.983012e+000 -8.435870e-001  3.095795e+001
      vertex -3.053620e+000  5.342348e-001  3.095795e+001
    endloop
  endfacet
  facet normal -2.435629e-001 -4.062462e-003  9.698766e-001
    outer loop
      vertex -6.021859e+000  6.294690e-001  3.021295e+001
      vertex -5.997517e+000 -8.299475e-001  3.021295e+001
      vertex -3.053620e+000  5.342348e-001  3.095795e+001
    endloop
  endfacet
  facet normal -2.414027e-001  5.524675e-002  9.688511e-001
    outer loop
      vertex -6.021859e+000  6.294690e-001  3.021295e+001
      vertex -3.053620e+000  5.342348e-001  3.095795e+001
      vertex -5.696233e+000  2.052303e+000  3.021295e+001
    endloop
  endfacet
  facet normal -2.934257e-001 -2.688191e-001  9.174081e-001
    outer loop
      vertex -7.083723e+000 -5.305032e+000  2.900000e+001
      vertex -3.938849e+000 -4.598314e+000  3.021295e+001
      vertex -4.924842e+000 -3.522067e+000  3.021295e+001
    endloop
  endfacet
  facet normal -3.542221e-001 -1.935124e-001  9.149206e-001
    outer loop
      vertex -7.083723e+000 -5.305032e+000  2.900000e+001
      vertex -4.924842e+000 -3.522067e+000  3.021295e+001
      vertex -8.291383e+000 -3.094426e+000  2.900000e+001
    endloop
  endfacet
  facet normal -3.542221e-001 -1.935123e-001  9.149206e-001
    outer loop
      vertex -8.291383e+000 -3.094426e+000  2.900000e+001
      vertex -4.924842e+000 -3.522067e+000  3.021295e+001
      vertex -5.624620e+000 -2.241130e+000  3.021295e+001
    endloop
  endfacet
  facet normal -2.122943e-001 -1.159769e-001  9.702992e-001
    outer loop
      vertex -4.924842e+000 -3.522067e+000  3.021295e+001
      vertex -2.321582e+000 -2.054326e+000  3.095795e+001
      vertex -2.983012e+000 -8.435870e-001  3.095795e+001
    endloop
  endfacet
  facet normal -2.122943e-001 -1.159768e-001  9.702992e-001
    outer loop
      vertex -5.624620e+000 -2.241130e+000  3.021295e+001
      vertex -4.924842e+000 -3.522067e+000  3.021295e+001
      vertex -2.983012e+000 -8.435870e-001  3.095795e+001
    endloop
  endfacet
  facet normal -2.397110e-001 -6.334221e-002  9.687758e-001
    outer loop
      vertex -5.624620e+000 -2.241130e+000  3.021295e+001
      vertex -2.983012e+000 -8.435870e-001  3.095795e+001
      vertex -5.997517e+000 -8.299475e-001  3.021295e+001
    endloop
  endfacet
  facet normal -2.185999e-001 -3.282754e-001  9.189392e-001
    outer loop
      vertex -5.302182e+000 -7.085857e+000  2.900000e+001
      vertex -2.723945e+000 -5.407323e+000  3.021295e+001
      vertex -3.938849e+000 -4.598314e+000  3.021295e+001
    endloop
  endfacet
  facet normal -2.876524e-001 -2.877681e-001  9.134799e-001
    outer loop
      vertex -5.302182e+000 -7.085857e+000  2.900000e+001
      vertex -3.938849e+000 -4.598314e+000  3.021295e+001
      vertex -7.083723e+000 -5.305032e+000  2.900000e+001
    endloop
  endfacet
  facet normal -1.331764e-001 -3.696353e-001  9.195836e-001
    outer loop
      vertex -3.091090e+000 -8.292627e+000  2.900000e+001
      vertex -1.350734e+000 -5.902079e+000  3.021295e+001
      vertex -2.723945e+000 -5.407323e+000  3.021295e+001
    endloop
  endfacet
  facet normal -1.958026e-001 -3.587572e-001  9.126635e-001
    outer loop
      vertex -3.091090e+000 -8.292627e+000  2.900000e+001
      vertex -2.723945e+000 -5.407323e+000  3.021295e+001
      vertex -5.302182e+000 -7.085857e+000  2.900000e+001
    endloop
  endfacet
  facet normal -1.422391e-001 -1.984006e-001  9.697449e-001
    outer loop
      vertex -2.723945e+000 -5.407323e+000  3.021295e+001
      vertex -1.200335e+000 -2.858181e+000  3.095795e+001
      vertex -2.321582e+000 -2.054326e+000  3.095795e+001
    endloop
  endfacet
  facet normal -1.330066e-001 -1.997385e-001  9.707801e-001
    outer loop
      vertex -3.938849e+000 -4.598314e+000  3.021295e+001
      vertex -2.723945e+000 -5.407323e+000  3.021295e+001
      vertex -2.321582e+000 -2.054326e+000  3.095795e+001
    endloop
  endfacet
  facet normal -1.828170e-001 -1.674860e-001  9.687758e-001
    outer loop
      vertex -3.938849e+000 -4.598314e+000  3.021295e+001
      vertex -2.321582e+000 -2.054326e+000  3.095795e+001
      vertex -4.924842e+000 -3.522067e+000  3.021295e+001
    endloop
  endfacet
  facet normal -4.089901e-002 -3.912633e-001  9.193695e-001
    outer loop
      vertex -6.295760e-001 -8.827578e+000  2.900000e+001
      vertex  1.009754e-001 -6.053827e+000  3.021295e+001
      vertex -1.350734e+000 -5.902079e+000  3.021295e+001
    endloop
  endfacet
  facet normal -8.687557e-002 -3.997482e-001  9.124988e-001
    outer loop
      vertex -6.295760e-001 -8.827578e+000  2.900000e+001
      vertex -1.350734e+000 -5.902079e+000  3.021295e+001
      vertex -3.091090e+000 -8.292627e+000  2.900000e+001
    endloop
  endfacet
  facet normal  5.427000e-002 -3.921762e-001  9.182878e-001
    outer loop
      vertex  1.882942e+000 -8.647371e+000  2.900000e+001
      vertex  1.546817e+000 -5.853749e+000  3.021295e+001
      vertex  1.009754e-001 -6.053827e+000  3.021295e+001
    endloop
  endfacet
  facet normal  2.918663e-002 -4.069334e-001  9.129914e-001
    outer loop
      vertex  1.882942e+000 -8.647371e+000  2.900000e+001
      vertex  1.009754e-001 -6.053827e+000  3.021295e+001
      vertex -6.295760e-001 -8.827578e+000  2.900000e+001
    endloop
  endfacet
  facet normal -4.255545e-002 -2.432418e-001  9.690317e-001
    outer loop
      vertex  1.009754e-001 -6.053827e+000  3.021295e+001
      vertex  1.586539e-001 -3.095937e+000  3.095795e+001
      vertex -1.200335e+000 -2.858181e+000  3.095795e+001
    endloop
  endfacet
  facet normal -2.472277e-002 -2.365121e-001  9.713140e-001
    outer loop
      vertex -1.350734e+000 -5.902079e+000  3.021295e+001
      vertex  1.009754e-001 -6.053827e+000  3.021295e+001
      vertex -1.200335e+000 -2.858181e+000  3.095795e+001
    endloop
  endfacet
  facet normal -8.394186e-002 -2.329833e-001  9.688511e-001
    outer loop
      vertex -1.350734e+000 -5.902079e+000  3.021295e+001
      vertex -1.200335e+000 -2.858181e+000  3.095795e+001
      vertex -2.723945e+000 -5.407323e+000  3.021295e+001
    endloop
  endfacet
  facet normal  3.386536e-002 -2.447242e-001  9.690012e-001
    outer loop
      vertex  1.546817e+000 -5.853749e+000  3.021295e+001
      vertex  1.586539e-001 -3.095937e+000  3.095795e+001
      vertex  1.009754e-001 -6.053827e+000  3.021295e+001
    endloop
  endfacet
  facet normal  3.496526e-001 -9.368794e-001  0.000000e+000
    outer loop
      vertex  4.242916e+000 -7.766606e+000  1.650000e+001
      vertex  4.242916e+000 -7.766606e+000  2.900000e+001
      vertex  1.882942e+000 -8.647371e+000  1.650000e+001
    endloop
  endfacet
  facet normal  3.496526e-001 -9.368794e-001  0.000000e+000
    outer loop
      vertex  1.882942e+000 -8.647371e+000  1.650000e+001
      vertex  4.242916e+000 -7.766606e+000  2.900000e+001
      vertex  1.882942e+000 -8.647371e+000  2.900000e+001
    endloop
  endfacet
  facet normal  7.153960e-002 -9.974378e-001  0.000000e+000
    outer loop
      vertex  1.882942e+000 -8.647371e+000  1.650000e+001
      vertex  1.882942e+000 -8.647371e+000  2.900000e+001
      vertex -6.295760e-001 -8.827578e+000  1.650000e+001
    endloop
  endfacet
  facet normal  7.153960e-002 -9.974378e-001  0.000000e+000
    outer loop
      vertex -6.295760e-001 -8.827578e+000  1.650000e+001
      vertex  1.882942e+000 -8.647371e+000  2.900000e+001
      vertex -6.295760e-001 -8.827578e+000  2.900000e+001
    endloop
  endfacet
  facet normal -2.123684e-001 -9.771897e-001  -0.000000e+000
    outer loop
      vertex -6.295760e-001 -8.827578e+000  1.650000e+001
      vertex -6.295760e-001 -8.827578e+000  2.900000e+001
      vertex -3.091090e+000 -8.292627e+000  1.650000e+001
    endloop
  endfacet
  facet normal -2.123684e-001 -9.771897e-001  0.000000e+000
    outer loop
      vertex -3.091090e+000 -8.292627e+000  1.650000e+001
      vertex -6.295760e-001 -8.827578e+000  2.900000e+001
      vertex -3.091090e+000 -8.292627e+000  2.900000e+001
    endloop
  endfacet
  facet normal -4.790724e-001 -8.777754e-001  -0.000000e+000
    outer loop
      vertex -3.091090e+000 -8.292627e+000  1.650000e+001
      vertex -3.091090e+000 -8.292627e+000  2.900000e+001
      vertex -5.302182e+000 -7.085857e+000  1.650000e+001
    endloop
  endfacet
  facet normal -4.790724e-001 -8.777754e-001  0.000000e+000
    outer loop
      vertex -5.302182e+000 -7.085857e+000  1.650000e+001
      vertex -3.091090e+000 -8.292627e+000  2.900000e+001
      vertex -5.302182e+000 -7.085857e+000  2.900000e+001
    endloop
  endfacet
  facet normal -7.069646e-001 -7.072490e-001  -0.000000e+000
    outer loop
      vertex -5.302182e+000 -7.085857e+000  1.650000e+001
      vertex -5.302182e+000 -7.085857e+000  2.900000e+001
      vertex -7.083723e+000 -5.305032e+000  1.650000e+001
    endloop
  endfacet
  facet normal -7.069646e-001 -7.072490e-001  0.000000e+000
    outer loop
      vertex -7.083723e+000 -5.305032e+000  1.650000e+001
      vertex -5.302182e+000 -7.085857e+000  2.900000e+001
      vertex -7.083723e+000 -5.305032e+000  2.900000e+001
    endloop
  endfacet
  facet normal -8.775826e-001 -4.794256e-001  -0.000000e+000
    outer loop
      vertex -7.083723e+000 -5.305032e+000  1.650000e+001
      vertex -7.083723e+000 -5.305032e+000  2.900000e+001
      vertex -8.291383e+000 -3.094426e+000  1.650000e+001
    endloop
  endfacet
  facet normal -8.775826e-001 -4.794256e-001  0.000000e+000
    outer loop
      vertex -8.291383e+000 -3.094426e+000  1.650000e+001
      vertex -7.083723e+000 -5.305032e+000  2.900000e+001
      vertex -8.291383e+000 -3.094426e+000  2.900000e+001
    endloop
  endfacet
  facet normal -9.771041e-001 -2.127618e-001  -0.000000e+000
    outer loop
      vertex -8.291383e+000 -3.094426e+000  1.650000e+001
      vertex -8.291383e+000 -3.094426e+000  2.900000e+001
      vertex -8.827324e+000 -6.331276e-001  1.650000e+001
    endloop
  endfacet
  facet normal -9.771041e-001 -2.127618e-001  0.000000e+000
    outer loop
      vertex -8.827324e+000 -6.331276e-001  1.650000e+001
      vertex -8.291383e+000 -3.094426e+000  2.900000e+001
      vertex -8.827324e+000 -6.331276e-001  2.900000e+001
    endloop
  endfacet
  facet normal -9.974664e-001  7.113867e-002  0.000000e+000
    outer loop
      vertex -8.827324e+000 -6.331276e-001  1.650000e+001
      vertex -8.827324e+000 -6.331276e-001  2.900000e+001
      vertex -8.648128e+000  1.879463e+000  1.650000e+001
    endloop
  endfacet
  facet normal -9.974664e-001  7.113867e-002  0.000000e+000
    outer loop
      vertex -8.648128e+000  1.879463e+000  1.650000e+001
      vertex -8.827324e+000 -6.331276e-001  2.900000e+001
      vertex -8.648128e+000  1.879463e+000  2.900000e+001
    endloop
  endfacet
  facet normal -9.370201e-001  3.492756e-001  0.000000e+000
    outer loop
      vertex -8.648128e+000  1.879463e+000  1.650000e+001
      vertex -8.648128e+000  1.879463e+000  2.900000e+001
      vertex -7.768312e+000  4.239791e+000  1.650000e+001
    endloop
  endfacet
  facet normal -9.370201e-001  3.492756e-001  0.000000e+000
    outer loop
      vertex -7.768312e+000  4.239791e+000  1.650000e+001
      vertex -8.648128e+000  1.879463e+000  2.900000e+001
      vertex -7.768312e+000  4.239791e+000  2.900000e+001
    endloop
  endfacet
  facet normal -8.006618e-001  5.991165e-001  0.000000e+000
    outer loop
      vertex -7.768312e+000  4.239791e+000  1.650000e+001
      vertex -7.768312e+000  4.239791e+000  2.900000e+001
      vertex -6.259154e+000  6.256636e+000  1.650000e+001
    endloop
  endfacet
  facet normal -8.006618e-001  5.991165e-001  0.000000e+000
    outer loop
      vertex -6.259154e+000  6.256636e+000  1.650000e+001
      vertex -7.768312e+000  4.239791e+000  2.900000e+001
      vertex -6.259154e+000  6.256636e+000  2.900000e+001
    endloop
  endfacet
  facet normal -5.994387e-001  8.004206e-001  0.000000e+000
    outer loop
      vertex -6.259154e+000  6.256636e+000  1.650000e+001
      vertex -6.259154e+000  6.256636e+000  2.900000e+001
      vertex -4.242916e+000  7.766606e+000  1.650000e+001
    endloop
  endfacet
  facet normal -5.994387e-001  8.004206e-001  0.000000e+000
    outer loop
      vertex -4.242916e+000  7.766606e+000  1.650000e+001
      vertex -6.259154e+000  6.256636e+000  2.900000e+001
      vertex -4.242916e+000  7.766606e+000  2.900000e+001
    endloop
  endfacet
endsolid CATIA STL
