solid CATIA STL
  facet normal  5.863634e-003  1.731847e-001  9.848719e-001
    outer loop
      vertex  1.253811e+001 -5.462044e-001  1.746118e+000
      vertex  1.400000e+001 -4.944272e-001  1.728310e+000
      vertex  1.255000e+001  0.000000e+000  1.650000e+000
    endloop
  endfacet
  facet normal -5.392808e-002  0.000000e+000  9.985448e-001
    outer loop
      vertex  1.255000e+001  0.000000e+000  1.650000e+000
      vertex  1.400000e+001 -4.944272e-001  1.728310e+000
      vertex  1.400000e+001  4.944272e-001  1.728310e+000
    endloop
  endfacet
  facet normal  5.863634e-003 -1.731847e-001  9.848719e-001
    outer loop
      vertex  1.255000e+001  0.000000e+000  1.650000e+000
      vertex  1.400000e+001  4.944272e-001  1.728310e+000
      vertex  1.253811e+001  5.462044e-001  1.746118e+000
    endloop
  endfacet
  facet normal -1.096224e-002 -5.877500e-001  8.089684e-001
    outer loop
      vertex  1.253811e+001  5.462044e-001  1.746118e+000
      vertex  1.400000e+001  4.944272e-001  1.728310e+000
      vertex  1.400000e+001  1.294427e+000  2.309544e+000
    endloop
  endfacet
  facet normal  1.457069e-002 -6.194897e-001  7.848696e-001
    outer loop
      vertex  1.253811e+001  5.462044e-001  1.746118e+000
      vertex  1.400000e+001  1.294427e+000  2.309544e+000
      vertex  1.247854e+001  1.337371e+000  2.371684e+000
    endloop
  endfacet
  facet normal -1.422131e-002 -9.509603e-001  3.089858e-001
    outer loop
      vertex  1.247854e+001  1.337371e+000  2.371684e+000
      vertex  1.400000e+001  1.294427e+000  2.309544e+000
      vertex  1.400000e+001  1.600000e+000  3.250000e+000
    endloop
  endfacet
  facet normal  0.000000e+000 -9.580858e-001  2.864816e-001
    outer loop
      vertex  1.247854e+001  1.337371e+000  2.371684e+000
      vertex  1.400000e+001  1.600000e+000  3.250000e+000
      vertex  1.244759e+001  1.600000e+000  3.250000e+000
    endloop
  endfacet
  facet normal -1.243669e-002  6.207589e-001  7.839029e-001
    outer loop
      vertex  1.253811e+001 -5.462044e-001  1.746118e+000
      vertex  1.247854e+001 -1.337371e+000  2.371684e+000
      vertex  1.400000e+001 -4.944272e-001  1.728310e+000
    endloop
  endfacet
  facet normal  1.644957e-002  5.877057e-001  8.089075e-001
    outer loop
      vertex  1.400000e+001 -4.944272e-001  1.728310e+000
      vertex  1.247854e+001 -1.337371e+000  2.371684e+000
      vertex  1.400000e+001 -1.294427e+000  2.309544e+000
    endloop
  endfacet
  facet normal -1.536423e-002  9.581211e-001  2.859508e-001
    outer loop
      vertex  1.247854e+001 -1.337371e+000  2.371684e+000
      vertex  1.244759e+001 -1.600000e+000  3.250000e+000
      vertex  1.400000e+001 -1.294427e+000  2.309544e+000
    endloop
  endfacet
  facet normal  0.000000e+000  9.510565e-001  3.090170e-001
    outer loop
      vertex  1.400000e+001 -1.294427e+000  2.309544e+000
      vertex  1.244759e+001 -1.600000e+000  3.250000e+000
      vertex  1.400000e+001 -1.600000e+000  3.250000e+000
    endloop
  endfacet
  facet normal  5.863642e-003 -1.731845e-001 -9.848719e-001
    outer loop
      vertex  1.253811e+001  5.462044e-001  4.753882e+000
      vertex  1.400000e+001  4.944272e-001  4.771690e+000
      vertex  1.255000e+001  0.000000e+000  4.850000e+000
    endloop
  endfacet
  facet normal -5.392800e-002  0.000000e+000 -9.985448e-001
    outer loop
      vertex  1.255000e+001  0.000000e+000  4.850000e+000
      vertex  1.400000e+001  4.944272e-001  4.771690e+000
      vertex  1.400000e+001 -4.944272e-001  4.771690e+000
    endloop
  endfacet
  facet normal  5.863642e-003  1.731845e-001 -9.848719e-001
    outer loop
      vertex  1.255000e+001  0.000000e+000  4.850000e+000
      vertex  1.400000e+001 -4.944272e-001  4.771690e+000
      vertex  1.253811e+001 -5.462044e-001  4.753882e+000
    endloop
  endfacet
  facet normal -1.096224e-002  5.877500e-001 -8.089684e-001
    outer loop
      vertex  1.253811e+001 -5.462044e-001  4.753882e+000
      vertex  1.400000e+001 -4.944272e-001  4.771690e+000
      vertex  1.400000e+001 -1.294427e+000  4.190456e+000
    endloop
  endfacet
  facet normal  1.457069e-002  6.194897e-001 -7.848696e-001
    outer loop
      vertex  1.253811e+001 -5.462044e-001  4.753882e+000
      vertex  1.400000e+001 -1.294427e+000  4.190456e+000
      vertex  1.247854e+001 -1.337371e+000  4.128316e+000
    endloop
  endfacet
  facet normal -1.422131e-002  9.509603e-001 -3.089858e-001
    outer loop
      vertex  1.247854e+001 -1.337371e+000  4.128316e+000
      vertex  1.400000e+001 -1.294427e+000  4.190456e+000
      vertex  1.400000e+001 -1.600000e+000  3.250000e+000
    endloop
  endfacet
  facet normal  0.000000e+000  9.580858e-001 -2.864816e-001
    outer loop
      vertex  1.247854e+001 -1.337371e+000  4.128316e+000
      vertex  1.400000e+001 -1.600000e+000  3.250000e+000
      vertex  1.244759e+001 -1.600000e+000  3.250000e+000
    endloop
  endfacet
  facet normal -1.243669e-002 -6.207589e-001 -7.839029e-001
    outer loop
      vertex  1.253811e+001  5.462044e-001  4.753882e+000
      vertex  1.247854e+001  1.337371e+000  4.128316e+000
      vertex  1.400000e+001  4.944272e-001  4.771690e+000
    endloop
  endfacet
  facet normal  1.644957e-002 -5.877057e-001 -8.089075e-001
    outer loop
      vertex  1.400000e+001  4.944272e-001  4.771690e+000
      vertex  1.247854e+001  1.337371e+000  4.128316e+000
      vertex  1.400000e+001  1.294427e+000  4.190456e+000
    endloop
  endfacet
  facet normal -1.536423e-002 -9.581211e-001 -2.859508e-001
    outer loop
      vertex  1.247854e+001  1.337371e+000  4.128316e+000
      vertex  1.244759e+001  1.600000e+000  3.250000e+000
      vertex  1.400000e+001  1.294427e+000  4.190456e+000
    endloop
  endfacet
  facet normal  0.000000e+000 -9.510565e-001 -3.090170e-001
    outer loop
      vertex  1.400000e+001  1.294427e+000  4.190456e+000
      vertex  1.244759e+001  1.600000e+000  3.250000e+000
      vertex  1.400000e+001  1.600000e+000  3.250000e+000
    endloop
  endfacet
  facet normal  9.759645e-001  2.144977e-001 -3.852460e-002
    outer loop
      vertex  1.639947e+001  1.818655e+000  1.000000e+000
      vertex  1.565074e+001  5.225349e+000  1.000000e+000
      vertex  1.620278e+001  3.117692e+000  3.249999e+000
    endloop
  endfacet
  facet normal -9.690127e-001  1.683203e-001 -1.807835e-001
    outer loop
      vertex -1.586704e+001  4.526267e+000  1.000000e+000
      vertex -1.646398e+001  1.089725e+000  1.000000e+000
      vertex -1.644922e+001  1.293509e+000  1.110647e+000
    endloop
  endfacet
  facet normal -9.819575e-001  1.743314e-001 -7.326706e-002
    outer loop
      vertex -1.586704e+001  4.526267e+000  1.000000e+000
      vertex -1.644922e+001  1.293509e+000  1.110647e+000
      vertex -1.636326e+001  2.119830e+000  1.924737e+000
    endloop
  endfacet
  facet normal -9.809601e-001  1.925529e-001 -2.531426e-002
    outer loop
      vertex -1.586704e+001  4.526267e+000  1.000000e+000
      vertex -1.636326e+001  2.119830e+000  1.924737e+000
      vertex -1.632409e+001  2.402950e+000  2.560206e+000
    endloop
  endfacet
  facet normal -9.787863e-001  2.047227e-001 -8.115313e-003
    outer loop
      vertex -1.586704e+001  4.526267e+000  1.000000e+000
      vertex -1.632409e+001  2.402950e+000  2.560206e+000
      vertex -1.630951e+001  2.500000e+000  3.250000e+000
    endloop
  endfacet
  facet normal -9.769782e-001  2.133393e-001  0.000000e+000
    outer loop
      vertex -1.586704e+001  4.526267e+000  1.000000e+000
      vertex -1.630951e+001  2.500000e+000  3.250000e+000
      vertex -1.586704e+001  4.526267e+000  5.500000e+000
    endloop
  endfacet
  facet normal -9.787863e-001  2.047227e-001  8.115313e-003
    outer loop
      vertex -1.586704e+001  4.526267e+000  5.500000e+000
      vertex -1.630951e+001  2.500000e+000  3.250000e+000
      vertex -1.632409e+001  2.402950e+000  3.939794e+000
    endloop
  endfacet
  facet normal -9.809600e-001  1.925529e-001  2.531427e-002
    outer loop
      vertex -1.586704e+001  4.526267e+000  5.500000e+000
      vertex -1.632409e+001  2.402950e+000  3.939794e+000
      vertex -1.636326e+001  2.119830e+000  4.575263e+000
    endloop
  endfacet
  facet normal -9.819575e-001  1.743314e-001  7.326706e-002
    outer loop
      vertex -1.586704e+001  4.526267e+000  5.500000e+000
      vertex -1.636326e+001  2.119830e+000  4.575263e+000
      vertex -1.644922e+001  1.293509e+000  5.389353e+000
    endloop
  endfacet
  facet normal -9.690128e-001  1.683203e-001  1.807833e-001
    outer loop
      vertex -1.586704e+001  4.526267e+000  5.500000e+000
      vertex -1.644922e+001  1.293509e+000  5.389353e+000
      vertex -1.646398e+001  1.089725e+000  5.500000e+000
    endloop
  endfacet
  facet normal -9.272572e-001  3.744250e-001  0.000000e+000
    outer loop
      vertex -1.586704e+001  4.526267e+000  1.000000e+000
      vertex -1.586704e+001  4.526267e+000  5.500000e+000
      vertex -1.456104e+001  7.760541e+000  1.000000e+000
    endloop
  endfacet
  facet normal -9.272572e-001  3.744250e-001  0.000000e+000
    outer loop
      vertex -1.456104e+001  7.760541e+000  1.000000e+000
      vertex -1.586704e+001  4.526267e+000  5.500000e+000
      vertex -1.456104e+001  7.760541e+000  5.500000e+000
    endloop
  endfacet
  facet normal -8.278311e-001  5.609773e-001  0.000000e+000
    outer loop
      vertex -1.456104e+001  7.760541e+000  1.000000e+000
      vertex -1.456104e+001  7.760541e+000  5.500000e+000
      vertex -1.260435e+001  1.064802e+001  1.000000e+000
    endloop
  endfacet
  facet normal -8.278311e-001  5.609773e-001  0.000000e+000
    outer loop
      vertex -1.260435e+001  1.064802e+001  1.000000e+000
      vertex -1.456104e+001  7.760541e+000  5.500000e+000
      vertex -1.260435e+001  1.064802e+001  5.500000e+000
    endloop
  endfacet
  facet normal -6.914113e-001  7.224614e-001  0.000000e+000
    outer loop
      vertex -1.260435e+001  1.064802e+001  1.000000e+000
      vertex -1.260435e+001  1.064802e+001  5.500000e+000
      vertex -1.008441e+001  1.305966e+001  1.000000e+000
    endloop
  endfacet
  facet normal -6.914111e-001  7.224615e-001  1.465291e-007
    outer loop
      vertex -1.008441e+001  1.305966e+001  1.000000e+000
      vertex -1.260435e+001  1.064802e+001  5.500000e+000
      vertex -1.008441e+001  1.305966e+001  5.500000e+000
    endloop
  endfacet
  facet normal -5.240940e-001  8.516604e-001  1.110700e-007
    outer loop
      vertex -1.008441e+001  1.305966e+001  1.000000e+000
      vertex -1.008441e+001  1.305966e+001  5.500000e+000
      vertex -7.113815e+000  1.488770e+001  1.000000e+000
    endloop
  endfacet
  facet normal -5.240941e-001  8.516604e-001  5.553501e-008
    outer loop
      vertex -7.113815e+000  1.488770e+001  1.000000e+000
      vertex -1.008441e+001  1.305966e+001  5.500000e+000
      vertex -7.113814e+000  1.488770e+001  5.500000e+000
    endloop
  endfacet
  facet normal -3.333561e-001  9.428010e-001  3.532369e-008
    outer loop
      vertex -7.113815e+000  1.488770e+001  1.000000e+000
      vertex -7.113814e+000  1.488770e+001  5.500000e+000
      vertex -3.825324e+000  1.605045e+001  1.000000e+000
    endloop
  endfacet
  facet normal -3.333566e-001  9.428008e-001 -3.642873e-007
    outer loop
      vertex -3.825324e+000  1.605045e+001  1.000000e+000
      vertex -7.113814e+000  1.488770e+001  5.500000e+000
      vertex -3.825324e+000  1.605045e+001  5.500000e+000
    endloop
  endfacet
  facet normal -1.277223e-001  9.918100e-001 -4.068499e-007
    outer loop
      vertex -3.825324e+000  1.605045e+001  1.000000e+000
      vertex -3.825324e+000  1.605045e+001  5.500000e+000
      vertex -3.658897e-001  1.649594e+001  1.000000e+000
    endloop
  endfacet
  facet normal -1.277218e-001  9.918100e-001  1.860909e-008
    outer loop
      vertex -3.658897e-001  1.649594e+001  1.000000e+000
      vertex -3.825324e+000  1.605045e+001  5.500000e+000
      vertex -3.658890e-001  1.649594e+001  5.500000e+000
    endloop
  endfacet
  facet normal  8.362036e-002  9.964977e-001 -1.218351e-008
    outer loop
      vertex -3.658897e-001  1.649594e+001  1.000000e+000
      vertex -3.658890e-001  1.649594e+001  5.500000e+000
      vertex  3.109896e+000  1.620428e+001  1.000000e+000
    endloop
  endfacet
  facet normal  8.362035e-002  9.964976e-001 -1.329110e-008
    outer loop
      vertex  3.109896e+000  1.620428e+001  1.000000e+000
      vertex -3.658890e-001  1.649594e+001  5.500000e+000
      vertex  3.109896e+000  1.620428e+001  5.500000e+000
    endloop
  endfacet
  facet normal  2.912252e-001  9.566545e-001 -4.628900e-008
    outer loop
      vertex  3.109896e+000  1.620428e+001  1.000000e+000
      vertex  3.109896e+000  1.620428e+001  5.500000e+000
      vertex  6.446708e+000  1.518848e+001  1.000000e+000
    endloop
  endfacet
  facet normal  2.912254e-001  9.566544e-001  1.410228e-007
    outer loop
      vertex  6.446708e+000  1.518848e+001  1.000000e+000
      vertex  3.109896e+000  1.620428e+001  5.500000e+000
      vertex  6.446709e+000  1.518848e+001  5.500000e+000
    endloop
  endfacet
  facet normal  4.858165e-001  8.740609e-001  8.227970e-008
    outer loop
      vertex  6.446708e+000  1.518848e+001  1.000000e+000
      vertex  6.446709e+000  1.518848e+001  5.500000e+000
      vertex  9.495433e+000  1.349395e+001  1.000000e+000
    endloop
  endfacet
  facet normal  4.858165e-001  8.740609e-001  8.227970e-008
    outer loop
      vertex  9.495433e+000  1.349395e+001  1.000000e+000
      vertex  6.446709e+000  1.518848e+001  5.500000e+000
      vertex  9.495434e+000  1.349395e+001  5.500000e+000
    endloop
  endfacet
  facet normal  6.586977e-001  7.524076e-001  1.985972e-008
    outer loop
      vertex  9.495433e+000  1.349395e+001  1.000000e+000
      vertex  9.495434e+000  1.349395e+001  5.500000e+000
      vertex  1.211983e+001  1.119641e+001  1.000000e+000
    endloop
  endfacet
  facet normal  6.586978e-001  7.524075e-001  1.594559e-007
    outer loop
      vertex  1.211983e+001  1.119641e+001  1.000000e+000
      vertex  9.495434e+000  1.349395e+001  5.500000e+000
      vertex  1.211983e+001  1.119641e+001  5.500000e+000
    endloop
  endfacet
  facet normal  8.021437e-001  5.971311e-001  1.265486e-007
    outer loop
      vertex  1.211983e+001  1.119641e+001  1.000000e+000
      vertex  1.211983e+001  1.119641e+001  5.500000e+000
      vertex  1.420263e+001  8.398536e+000  1.000000e+000
    endloop
  endfacet
  facet normal  8.021436e-001  5.971313e-001 -4.344776e-008
    outer loop
      vertex  1.420263e+001  8.398536e+000  1.000000e+000
      vertex  1.211983e+001  1.119641e+001  5.500000e+000
      vertex  1.420263e+001  8.398535e+000  5.500000e+000
    endloop
  endfacet
  facet normal  9.097435e-001  4.151706e-001 -1.048137e-007
    outer loop
      vertex  1.420263e+001  8.398536e+000  1.000000e+000
      vertex  1.420263e+001  8.398535e+000  5.500000e+000
      vertex  1.565074e+001  5.225349e+000  1.000000e+000
    endloop
  endfacet
  facet normal  9.097435e-001  4.151705e-001 -6.082064e-008
    outer loop
      vertex  1.565074e+001  5.225349e+000  1.000000e+000
      vertex  1.420263e+001  8.398535e+000  5.500000e+000
      vertex  1.565074e+001  5.225348e+000  5.500000e+000
    endloop
  endfacet
  facet normal  9.673688e-001  2.533725e-001 -1.244672e-007
    outer loop
      vertex  1.565074e+001  5.225349e+000  1.000000e+000
      vertex  1.565074e+001  5.225348e+000  5.500000e+000
      vertex  1.620278e+001  3.117692e+000  3.249999e+000
    endloop
  endfacet
  facet normal  9.759645e-001  2.144974e-001  3.852452e-002
    outer loop
      vertex  1.620278e+001  3.117692e+000  3.249999e+000
      vertex  1.565074e+001  5.225348e+000  5.500000e+000
      vertex  1.639947e+001  1.818654e+000  5.500000e+000
    endloop
  endfacet
  facet normal -6.480740e-001 -2.105720e-001  7.318876e-001
    outer loop
      vertex -1.586704e+001 -4.526267e+000  5.500000e+000
      vertex -1.415996e+001 -6.304418e+000  6.500000e+000
      vertex -1.516129e+001 -3.222631e+000  6.500000e+000
    endloop
  endfacet
  facet normal -6.104763e-001 -4.136876e-001  6.754119e-001
    outer loop
      vertex -1.456104e+001 -7.760541e+000  5.500000e+000
      vertex -1.260435e+001 -1.064802e+001  5.500000e+000
      vertex -1.253976e+001 -9.110671e+000  6.500000e+000
    endloop
  endfacet
  facet normal -5.897312e-001 -3.404816e-001  7.323178e-001
    outer loop
      vertex -1.415996e+001 -6.304418e+000  6.500000e+000
      vertex -1.456104e+001 -7.760541e+000  5.500000e+000
      vertex -1.253976e+001 -9.110671e+000  6.500000e+000
    endloop
  endfacet
  facet normal -6.833767e-001 -2.759464e-001  6.759067e-001
    outer loop
      vertex -1.415996e+001 -6.304418e+000  6.500000e+000
      vertex -1.586704e+001 -4.526267e+000  5.500000e+000
      vertex -1.456104e+001 -7.760541e+000  5.500000e+000
    endloop
  endfacet
  facet normal -5.101669e-001 -5.330777e-001  6.749502e-001
    outer loop
      vertex -1.260435e+001 -1.064802e+001  5.500000e+000
      vertex -1.008441e+001 -1.305966e+001  5.500000e+000
      vertex -1.037152e+001 -1.151874e+001  6.500000e+000
    endloop
  endfacet
  facet normal -5.057338e-001 -4.553646e-001  7.327185e-001
    outer loop
      vertex -1.253976e+001 -9.110671e+000  6.500000e+000
      vertex -1.260435e+001 -1.064802e+001  5.500000e+000
      vertex -1.037152e+001 -1.151874e+001  6.500000e+000
    endloop
  endfacet
  facet normal -3.869148e-001 -6.287424e-001  6.745220e-001
    outer loop
      vertex -1.008441e+001 -1.305966e+001  5.500000e+000
      vertex -7.113814e+000 -1.488770e+001  5.500000e+000
      vertex -7.750000e+000 -1.342339e+001  6.500000e+000
    endloop
  endfacet
  facet normal -3.997717e-001 -5.502384e-001  7.330897e-001
    outer loop
      vertex -1.037152e+001 -1.151874e+001  6.500000e+000
      vertex -1.008441e+001 -1.305966e+001  5.500000e+000
      vertex -7.750000e+000 -1.342339e+001  6.500000e+000
    endloop
  endfacet
  facet normal -2.462220e-001 -6.963663e-001  6.741282e-001
    outer loop
      vertex -7.113814e+000 -1.488770e+001  5.500000e+000
      vertex -3.825323e+000 -1.605045e+001  5.500000e+000
      vertex -4.789763e+000 -1.474138e+001  6.500000e+000
    endloop
  endfacet
  facet normal -2.764846e-001 -6.209949e-001  7.334313e-001
    outer loop
      vertex -7.750000e+000 -1.342339e+001  6.500000e+000
      vertex -7.113814e+000 -1.488770e+001  5.500000e+000
      vertex -4.789763e+000 -1.474138e+001  6.500000e+000
    endloop
  endfacet
  facet normal -9.437910e-002 -7.328911e-001  6.737679e-001
    outer loop
      vertex -3.825323e+000 -1.605045e+001  5.500000e+000
      vertex -3.658879e-001 -1.649594e+001  5.500000e+000
      vertex -1.620191e+000 -1.541509e+001  6.500000e+000
    endloop
  endfacet
  facet normal -1.412606e-001 -6.645784e-001  7.337445e-001
    outer loop
      vertex -4.789763e+000 -1.474138e+001  6.500000e+000
      vertex -3.825323e+000 -1.605045e+001  5.500000e+000
      vertex -1.620191e+000 -1.541509e+001  6.500000e+000
    endloop
  endfacet
  facet normal  1.411396e-001 -6.640092e-001  7.342830e-001
    outer loop
      vertex  3.109898e+000 -1.620428e+001  5.500000e+000
      vertex  4.789763e+000 -1.474138e+001  6.500000e+000
      vertex  1.620191e+000 -1.541509e+001  6.500000e+000
    endloop
  endfacet
  facet normal  6.181555e-002 -7.366514e-001  6.734416e-001
    outer loop
      vertex  1.620191e+000 -1.541509e+001  6.500000e+000
      vertex -3.658879e-001 -1.649594e+001  5.500000e+000
      vertex  3.109898e+000 -1.620428e+001  5.500000e+000
    endloop
  endfacet
  facet normal  0.000000e+000 -6.791191e-001  7.340282e-001
    outer loop
      vertex -1.620191e+000 -1.541509e+001  6.500000e+000
      vertex -3.658879e-001 -1.649594e+001  5.500000e+000
      vertex  1.620191e+000 -1.541509e+001  6.500000e+000
    endloop
  endfacet
  facet normal  2.760109e-001 -6.199309e-001  7.345091e-001
    outer loop
      vertex  6.446710e+000 -1.518848e+001  5.500000e+000
      vertex  7.750000e+000 -1.342339e+001  6.500000e+000
      vertex  4.789763e+000 -1.474138e+001  6.500000e+000
    endloop
  endfacet
  facet normal  2.153630e-001 -7.074519e-001  6.731498e-001
    outer loop
      vertex  4.789763e+000 -1.474138e+001  6.500000e+000
      vertex  3.109898e+000 -1.620428e+001  5.500000e+000
      vertex  6.446710e+000 -1.518848e+001  5.500000e+000
    endloop
  endfacet
  facet normal  4.873990e-001 -5.567391e-001  6.726692e-001
    outer loop
      vertex  9.495435e+000 -1.349395e+001  5.500000e+000
      vertex  1.211983e+001 -1.119641e+001  5.500000e+000
      vertex  1.037152e+001 -1.151874e+001  6.500000e+000
    endloop
  endfacet
  facet normal  3.987449e-001 -5.488251e-001  7.347065e-001
    outer loop
      vertex  7.750000e+000 -1.342339e+001  6.500000e+000
      vertex  9.495435e+000 -1.349395e+001  5.500000e+000
      vertex  1.037152e+001 -1.151874e+001  6.500000e+000
    endloop
  endfacet
  facet normal  3.593784e-001 -6.465783e-001  6.728920e-001
    outer loop
      vertex  7.750000e+000 -1.342339e+001  6.500000e+000
      vertex  6.446710e+000 -1.518848e+001  5.500000e+000
      vertex  9.495435e+000 -1.349395e+001  5.500000e+000
    endloop
  endfacet
  facet normal  5.936782e-001 -4.419454e-001  6.724807e-001
    outer loop
      vertex  1.211983e+001 -1.119641e+001  5.500000e+000
      vertex  1.420263e+001 -8.398534e+000  5.500000e+000
      vertex  1.253976e+001 -9.110671e+000  6.500000e+000
    endloop
  endfacet
  facet normal  5.040023e-001 -4.538056e-001  7.348756e-001
    outer loop
      vertex  1.037152e+001 -1.151874e+001  6.500000e+000
      vertex  1.211983e+001 -1.119641e+001  5.500000e+000
      vertex  1.253976e+001 -9.110671e+000  6.500000e+000
    endloop
  endfacet
  facet normal  6.734421e-001 -3.073319e-001  6.723264e-001
    outer loop
      vertex  1.420263e+001 -8.398534e+000  5.500000e+000
      vertex  1.565074e+001 -5.225346e+000  5.500000e+000
      vertex  1.415996e+001 -6.304418e+000  6.500000e+000
    endloop
  endfacet
  facet normal  5.872084e-001 -3.390251e-001  7.350157e-001
    outer loop
      vertex  1.253976e+001 -9.110671e+000  6.500000e+000
      vertex  1.420263e+001 -8.398534e+000  5.500000e+000
      vertex  1.415996e+001 -6.304418e+000  6.500000e+000
    endloop
  endfacet
  facet normal  6.447487e-001 -2.094916e-001  7.351275e-001
    outer loop
      vertex  1.415996e+001 -6.304418e+000  6.500000e+000
      vertex  1.565074e+001 -5.225346e+000  5.500000e+000
      vertex  1.516129e+001 -3.222631e+000  6.500000e+000
    endloop
  endfacet
  facet normal -7.256364e-001 -1.260451e-001  6.764351e-001
    outer loop
      vertex -1.586704e+001 -4.526267e+000  5.500000e+000
      vertex -1.516129e+001 -3.222631e+000  6.500000e+000
      vertex -1.646398e+001 -1.089725e+000  5.500000e+000
    endloop
  endfacet
  facet normal -6.724085e-001 -6.498952e-002  7.373217e-001
    outer loop
      vertex -1.646398e+001 -1.089725e+000  5.500000e+000
      vertex -1.516129e+001 -3.222631e+000  6.500000e+000
      vertex -1.636344e+001 -8.052548e-001  5.616763e+000
    endloop
  endfacet
  facet normal -6.799033e-001 -7.146062e-002  7.298115e-001
    outer loop
      vertex -1.516129e+001 -3.222631e+000  6.500000e+000
      vertex -1.550000e+001 -1.211248e-014  6.500000e+000
      vertex -1.636344e+001 -8.052548e-001  5.616763e+000
    endloop
  endfacet
  facet normal -7.069999e-001 -1.738548e-002  7.069999e-001
    outer loop
      vertex -1.636344e+001 -8.052548e-001  5.616763e+000
      vertex -1.550000e+001 -1.211248e-014  6.500000e+000
      vertex -1.625000e+001 -1.023593e-014  5.750000e+000
    endloop
  endfacet
  facet normal  6.745501e-001 -1.482527e-001  7.231897e-001
    outer loop
      vertex  1.639947e+001 -1.818652e+000  5.500000e+000
      vertex  1.597412e+001 -1.558845e+000  5.949999e+000
      vertex  1.565074e+001 -5.225346e+000  5.500000e+000
    endloop
  endfacet
  facet normal  7.415260e-001 -1.457780e-001  6.548954e-001
    outer loop
      vertex  1.565074e+001 -5.225346e+000  5.500000e+000
      vertex  1.597412e+001 -1.558845e+000  5.949999e+000
      vertex  1.516129e+001 -3.222631e+000  6.500000e+000
    endloop
  endfacet
  facet normal  6.005244e-001 -2.923179e-002  7.990718e-001
    outer loop
      vertex  1.597412e+001 -1.558845e+000  5.949999e+000
      vertex  1.605000e+001  8.235816e-016  5.949999e+000
      vertex  1.516129e+001 -3.222631e+000  6.500000e+000
    endloop
  endfacet
  facet normal  7.051620e-001 -7.411542e-002  7.051620e-001
    outer loop
      vertex  1.516129e+001 -3.222631e+000  6.500000e+000
      vertex  1.605000e+001  8.235816e-016  5.949999e+000
      vertex  1.550000e+001 -4.040135e-015  6.500000e+000
    endloop
  endfacet
  facet normal  6.447488e-001  2.094916e-001  7.351273e-001
    outer loop
      vertex  1.565074e+001  5.225348e+000  5.500000e+000
      vertex  1.415996e+001  6.304418e+000  6.500000e+000
      vertex  1.516129e+001  3.222631e+000  6.500000e+000
    endloop
  endfacet
  facet normal  5.872085e-001  3.390251e-001  7.350156e-001
    outer loop
      vertex  1.420263e+001  8.398535e+000  5.500000e+000
      vertex  1.253976e+001  9.110671e+000  6.500000e+000
      vertex  1.415996e+001  6.304418e+000  6.500000e+000
    endloop
  endfacet
  facet normal  6.734422e-001  3.073320e-001  6.723263e-001
    outer loop
      vertex  1.415996e+001  6.304418e+000  6.500000e+000
      vertex  1.565074e+001  5.225348e+000  5.500000e+000
      vertex  1.420263e+001  8.398535e+000  5.500000e+000
    endloop
  endfacet
  facet normal  4.873992e-001  5.567390e-001  6.726691e-001
    outer loop
      vertex  1.211983e+001  1.119641e+001  5.500000e+000
      vertex  9.495434e+000  1.349395e+001  5.500000e+000
      vertex  1.037152e+001  1.151874e+001  6.500000e+000
    endloop
  endfacet
  facet normal  5.040025e-001  4.538058e-001  7.348753e-001
    outer loop
      vertex  1.253976e+001  9.110671e+000  6.500000e+000
      vertex  1.211983e+001  1.119641e+001  5.500000e+000
      vertex  1.037152e+001  1.151874e+001  6.500000e+000
    endloop
  endfacet
  facet normal  5.936783e-001  4.419457e-001  6.724806e-001
    outer loop
      vertex  1.253976e+001  9.110671e+000  6.500000e+000
      vertex  1.420263e+001  8.398535e+000  5.500000e+000
      vertex  1.211983e+001  1.119641e+001  5.500000e+000
    endloop
  endfacet
  facet normal  3.593783e-001  6.465784e-001  6.728920e-001
    outer loop
      vertex  9.495434e+000  1.349395e+001  5.500000e+000
      vertex  6.446709e+000  1.518848e+001  5.500000e+000
      vertex  7.750000e+000  1.342339e+001  6.500000e+000
    endloop
  endfacet
  facet normal  3.987449e-001  5.488251e-001  7.347065e-001
    outer loop
      vertex  1.037152e+001  1.151874e+001  6.500000e+000
      vertex  9.495434e+000  1.349395e+001  5.500000e+000
      vertex  7.750000e+000  1.342339e+001  6.500000e+000
    endloop
  endfacet
  facet normal  2.153630e-001  7.074520e-001  6.731498e-001
    outer loop
      vertex  6.446709e+000  1.518848e+001  5.500000e+000
      vertex  3.109896e+000  1.620428e+001  5.500000e+000
      vertex  4.789763e+000  1.474138e+001  6.500000e+000
    endloop
  endfacet
  facet normal  2.760110e-001  6.199310e-001  7.345090e-001
    outer loop
      vertex  7.750000e+000  1.342339e+001  6.500000e+000
      vertex  6.446709e+000  1.518848e+001  5.500000e+000
      vertex  4.789763e+000  1.474138e+001  6.500000e+000
    endloop
  endfacet
  facet normal  6.181555e-002  7.366514e-001  6.734416e-001
    outer loop
      vertex  3.109896e+000  1.620428e+001  5.500000e+000
      vertex -3.658890e-001  1.649594e+001  5.500000e+000
      vertex  1.620191e+000  1.541509e+001  6.500000e+000
    endloop
  endfacet
  facet normal  1.411396e-001  6.640093e-001  7.342829e-001
    outer loop
      vertex  4.789763e+000  1.474138e+001  6.500000e+000
      vertex  3.109896e+000  1.620428e+001  5.500000e+000
      vertex  1.620191e+000  1.541509e+001  6.500000e+000
    endloop
  endfacet
  facet normal -1.412605e-001  6.645783e-001  7.337446e-001
    outer loop
      vertex -3.825324e+000  1.605045e+001  5.500000e+000
      vertex -4.789763e+000  1.474138e+001  6.500000e+000
      vertex -1.620191e+000  1.541509e+001  6.500000e+000
    endloop
  endfacet
  facet normal -9.437910e-002  7.328911e-001  6.737679e-001
    outer loop
      vertex -1.620191e+000  1.541509e+001  6.500000e+000
      vertex -3.658890e-001  1.649594e+001  5.500000e+000
      vertex -3.825324e+000  1.605045e+001  5.500000e+000
    endloop
  endfacet
  facet normal  0.000000e+000  6.791191e-001  7.340282e-001
    outer loop
      vertex  1.620191e+000  1.541509e+001  6.500000e+000
      vertex -3.658890e-001  1.649594e+001  5.500000e+000
      vertex -1.620191e+000  1.541509e+001  6.500000e+000
    endloop
  endfacet
  facet normal -2.764846e-001  6.209948e-001  7.334314e-001
    outer loop
      vertex -7.113814e+000  1.488770e+001  5.500000e+000
      vertex -7.750000e+000  1.342339e+001  6.500000e+000
      vertex -4.789763e+000  1.474138e+001  6.500000e+000
    endloop
  endfacet
  facet normal -2.462220e-001  6.963662e-001  6.741282e-001
    outer loop
      vertex -4.789763e+000  1.474138e+001  6.500000e+000
      vertex -3.825324e+000  1.605045e+001  5.500000e+000
      vertex -7.113814e+000  1.488770e+001  5.500000e+000
    endloop
  endfacet
  facet normal -3.997718e-001  5.502385e-001  7.330894e-001
    outer loop
      vertex -1.008441e+001  1.305966e+001  5.500000e+000
      vertex -1.037152e+001  1.151874e+001  6.500000e+000
      vertex -7.750000e+000  1.342339e+001  6.500000e+000
    endloop
  endfacet
  facet normal -3.869150e-001  6.287423e-001  6.745219e-001
    outer loop
      vertex -7.750000e+000  1.342339e+001  6.500000e+000
      vertex -7.113814e+000  1.488770e+001  5.500000e+000
      vertex -1.008441e+001  1.305966e+001  5.500000e+000
    endloop
  endfacet
  facet normal -6.104764e-001  4.136876e-001  6.754119e-001
    outer loop
      vertex -1.260435e+001  1.064802e+001  5.500000e+000
      vertex -1.456104e+001  7.760541e+000  5.500000e+000
      vertex -1.253976e+001  9.110671e+000  6.500000e+000
    endloop
  endfacet
  facet normal -5.057338e-001  4.553646e-001  7.327185e-001
    outer loop
      vertex -1.037152e+001  1.151874e+001  6.500000e+000
      vertex -1.260435e+001  1.064802e+001  5.500000e+000
      vertex -1.253976e+001  9.110671e+000  6.500000e+000
    endloop
  endfacet
  facet normal -5.101670e-001  5.330780e-001  6.749500e-001
    outer loop
      vertex -1.037152e+001  1.151874e+001  6.500000e+000
      vertex -1.008441e+001  1.305966e+001  5.500000e+000
      vertex -1.260435e+001  1.064802e+001  5.500000e+000
    endloop
  endfacet
  facet normal -6.833767e-001  2.759465e-001  6.759067e-001
    outer loop
      vertex -1.456104e+001  7.760541e+000  5.500000e+000
      vertex -1.586704e+001  4.526267e+000  5.500000e+000
      vertex -1.415996e+001  6.304418e+000  6.500000e+000
    endloop
  endfacet
  facet normal -5.897313e-001  3.404816e-001  7.323176e-001
    outer loop
      vertex -1.253976e+001  9.110671e+000  6.500000e+000
      vertex -1.456104e+001  7.760541e+000  5.500000e+000
      vertex -1.415996e+001  6.304418e+000  6.500000e+000
    endloop
  endfacet
  facet normal -6.480740e-001  2.105720e-001  7.318876e-001
    outer loop
      vertex -1.415996e+001  6.304418e+000  6.500000e+000
      vertex -1.586704e+001  4.526267e+000  5.500000e+000
      vertex -1.516129e+001  3.222631e+000  6.500000e+000
    endloop
  endfacet
  facet normal -6.109051e-001  1.061160e-001  7.845600e-001
    outer loop
      vertex -1.646398e+001  1.089725e+000  5.500000e+000
      vertex -1.636344e+001  8.052548e-001  5.616763e+000
      vertex -1.586704e+001  4.526267e+000  5.500000e+000
    endloop
  endfacet
  facet normal -7.317574e-001  1.186795e-001  6.711529e-001
    outer loop
      vertex -1.586704e+001  4.526267e+000  5.500000e+000
      vertex -1.636344e+001  8.052548e-001  5.616763e+000
      vertex -1.516129e+001  3.222631e+000  6.500000e+000
    endloop
  endfacet
  facet normal -6.390523e-001  3.709468e-002  7.682683e-001
    outer loop
      vertex -1.636344e+001  8.052548e-001  5.616763e+000
      vertex -1.625000e+001 -1.023593e-014  5.750000e+000
      vertex -1.516129e+001  3.222631e+000  6.500000e+000
    endloop
  endfacet
  facet normal -7.051620e-001  7.411542e-002  7.051620e-001
    outer loop
      vertex -1.516129e+001  3.222631e+000  6.500000e+000
      vertex -1.625000e+001 -1.023593e-014  5.750000e+000
      vertex -1.550000e+001 -1.211248e-014  6.500000e+000
    endloop
  endfacet
  facet normal  7.231053e-001  1.589240e-001  6.722068e-001
    outer loop
      vertex  1.565074e+001  5.225348e+000  5.500000e+000
      vertex  1.516129e+001  3.222631e+000  6.500000e+000
      vertex  1.639947e+001  1.818654e+000  5.500000e+000
    endloop
  endfacet
  facet normal  6.927159e-001  1.024270e-001  7.139000e-001
    outer loop
      vertex  1.639947e+001  1.818654e+000  5.500000e+000
      vertex  1.516129e+001  3.222631e+000  6.500000e+000
      vertex  1.597412e+001  1.558847e+000  5.949999e+000
    endloop
  endfacet
  facet normal  6.514302e-001  6.846799e-002  7.556129e-001
    outer loop
      vertex  1.516129e+001  3.222631e+000  6.500000e+000
      vertex  1.550000e+001 -4.040135e-015  6.500000e+000
      vertex  1.597412e+001  1.558847e+000  5.949999e+000
    endloop
  endfacet
  facet normal  7.066883e-001  3.439949e-002  7.066883e-001
    outer loop
      vertex  1.597412e+001  1.558847e+000  5.949999e+000
      vertex  1.550000e+001 -4.040135e-015  6.500000e+000
      vertex  1.605000e+001  8.235816e-016  5.949999e+000
    endloop
  endfacet
  facet normal  6.447490e-001  2.094916e-001 -7.351273e-001
    outer loop
      vertex  1.516129e+001  3.222631e+000  0.000000e+000
      vertex  1.415996e+001  6.304418e+000  0.000000e+000
      vertex  1.565074e+001  5.225349e+000  1.000000e+000
    endloop
  endfacet
  facet normal  5.872086e-001  3.390252e-001 -7.350156e-001
    outer loop
      vertex  1.415996e+001  6.304418e+000  0.000000e+000
      vertex  1.253976e+001  9.110671e+000  0.000000e+000
      vertex  1.420263e+001  8.398536e+000  1.000000e+000
    endloop
  endfacet
  facet normal  6.734422e-001  3.073321e-001 -6.723261e-001
    outer loop
      vertex  1.420263e+001  8.398536e+000  1.000000e+000
      vertex  1.565074e+001  5.225349e+000  1.000000e+000
      vertex  1.415996e+001  6.304418e+000  0.000000e+000
    endloop
  endfacet
  facet normal  4.873990e-001  5.567390e-001 -6.726692e-001
    outer loop
      vertex  1.037152e+001  1.151874e+001  0.000000e+000
      vertex  9.495433e+000  1.349395e+001  1.000000e+000
      vertex  1.211983e+001  1.119641e+001  1.000000e+000
    endloop
  endfacet
  facet normal  5.040024e-001  4.538057e-001 -7.348756e-001
    outer loop
      vertex  1.037152e+001  1.151874e+001  0.000000e+000
      vertex  1.211983e+001  1.119641e+001  1.000000e+000
      vertex  1.253976e+001  9.110671e+000  0.000000e+000
    endloop
  endfacet
  facet normal  5.936784e-001  4.419455e-001 -6.724806e-001
    outer loop
      vertex  1.211983e+001  1.119641e+001  1.000000e+000
      vertex  1.420263e+001  8.398536e+000  1.000000e+000
      vertex  1.253976e+001  9.110671e+000  0.000000e+000
    endloop
  endfacet
  facet normal  3.593782e-001  6.465783e-001 -6.728922e-001
    outer loop
      vertex  7.750000e+000  1.342339e+001  0.000000e+000
      vertex  6.446708e+000  1.518848e+001  1.000000e+000
      vertex  9.495433e+000  1.349395e+001  1.000000e+000
    endloop
  endfacet
  facet normal  3.987448e-001  5.488250e-001 -7.347066e-001
    outer loop
      vertex  7.750000e+000  1.342339e+001  0.000000e+000
      vertex  9.495433e+000  1.349395e+001  1.000000e+000
      vertex  1.037152e+001  1.151874e+001  0.000000e+000
    endloop
  endfacet
  facet normal  2.153628e-001  7.074520e-001 -6.731498e-001
    outer loop
      vertex  4.789763e+000  1.474138e+001  0.000000e+000
      vertex  3.109896e+000  1.620428e+001  1.000000e+000
      vertex  6.446708e+000  1.518848e+001  1.000000e+000
    endloop
  endfacet
  facet normal  2.760109e-001  6.199309e-001 -7.345091e-001
    outer loop
      vertex  4.789763e+000  1.474138e+001  0.000000e+000
      vertex  6.446708e+000  1.518848e+001  1.000000e+000
      vertex  7.750000e+000  1.342339e+001  0.000000e+000
    endloop
  endfacet
  facet normal  6.181556e-002  7.366514e-001 -6.734415e-001
    outer loop
      vertex  1.620191e+000  1.541509e+001  0.000000e+000
      vertex -3.658897e-001  1.649594e+001  1.000000e+000
      vertex  3.109896e+000  1.620428e+001  1.000000e+000
    endloop
  endfacet
  facet normal  1.411396e-001  6.640093e-001 -7.342828e-001
    outer loop
      vertex  1.620191e+000  1.541509e+001  0.000000e+000
      vertex  3.109896e+000  1.620428e+001  1.000000e+000
      vertex  4.789763e+000  1.474138e+001  0.000000e+000
    endloop
  endfacet
  facet normal -1.412607e-001  6.645789e-001 -7.337440e-001
    outer loop
      vertex -1.620191e+000  1.541509e+001  0.000000e+000
      vertex -4.789763e+000  1.474138e+001  0.000000e+000
      vertex -3.825324e+000  1.605045e+001  1.000000e+000
    endloop
  endfacet
  facet normal -9.437954e-002  7.328913e-001 -6.737677e-001
    outer loop
      vertex -3.825324e+000  1.605045e+001  1.000000e+000
      vertex -3.658897e-001  1.649594e+001  1.000000e+000
      vertex -1.620191e+000  1.541509e+001  0.000000e+000
    endloop
  endfacet
  facet normal  0.000000e+000  6.791191e-001 -7.340282e-001
    outer loop
      vertex -1.620191e+000  1.541509e+001  0.000000e+000
      vertex -3.658897e-001  1.649594e+001  1.000000e+000
      vertex  1.620191e+000  1.541509e+001  0.000000e+000
    endloop
  endfacet
  facet normal -2.764846e-001  6.209947e-001 -7.334315e-001
    outer loop
      vertex -4.789763e+000  1.474138e+001  0.000000e+000
      vertex -7.750000e+000  1.342339e+001  0.000000e+000
      vertex -7.113815e+000  1.488770e+001  1.000000e+000
    endloop
  endfacet
  facet normal -2.462217e-001  6.963666e-001 -6.741278e-001
    outer loop
      vertex -7.113815e+000  1.488770e+001  1.000000e+000
      vertex -3.825324e+000  1.605045e+001  1.000000e+000
      vertex -4.789763e+000  1.474138e+001  0.000000e+000
    endloop
  endfacet
  facet normal -3.997717e-001  5.502384e-001 -7.330896e-001
    outer loop
      vertex -7.750000e+000  1.342339e+001  0.000000e+000
      vertex -1.037152e+001  1.151874e+001  0.000000e+000
      vertex -1.008441e+001  1.305966e+001  1.000000e+000
    endloop
  endfacet
  facet normal -3.869149e-001  6.287422e-001 -6.745220e-001
    outer loop
      vertex -1.008441e+001  1.305966e+001  1.000000e+000
      vertex -7.113815e+000  1.488770e+001  1.000000e+000
      vertex -7.750000e+000  1.342339e+001  0.000000e+000
    endloop
  endfacet
  facet normal -6.104764e-001  4.136876e-001 -6.754119e-001
    outer loop
      vertex -1.253976e+001  9.110671e+000  0.000000e+000
      vertex -1.456104e+001  7.760541e+000  1.000000e+000
      vertex -1.260435e+001  1.064802e+001  1.000000e+000
    endloop
  endfacet
  facet normal -5.057338e-001  4.553646e-001 -7.327185e-001
    outer loop
      vertex -1.253976e+001  9.110671e+000  0.000000e+000
      vertex -1.260435e+001  1.064802e+001  1.000000e+000
      vertex -1.037152e+001  1.151874e+001  0.000000e+000
    endloop
  endfacet
  facet normal -5.101670e-001  5.330778e-001 -6.749502e-001
    outer loop
      vertex -1.260435e+001  1.064802e+001  1.000000e+000
      vertex -1.008441e+001  1.305966e+001  1.000000e+000
      vertex -1.037152e+001  1.151874e+001  0.000000e+000
    endloop
  endfacet
  facet normal -6.833767e-001  2.759465e-001 -6.759067e-001
    outer loop
      vertex -1.415996e+001  6.304418e+000  0.000000e+000
      vertex -1.586704e+001  4.526267e+000  1.000000e+000
      vertex -1.456104e+001  7.760541e+000  1.000000e+000
    endloop
  endfacet
  facet normal -5.897313e-001  3.404816e-001 -7.323176e-001
    outer loop
      vertex -1.415996e+001  6.304418e+000  0.000000e+000
      vertex -1.456104e+001  7.760541e+000  1.000000e+000
      vertex -1.253976e+001  9.110671e+000  0.000000e+000
    endloop
  endfacet
  facet normal -6.480740e-001  2.105720e-001 -7.318876e-001
    outer loop
      vertex -1.516129e+001  3.222631e+000  0.000000e+000
      vertex -1.586704e+001  4.526267e+000  1.000000e+000
      vertex -1.415996e+001  6.304418e+000  0.000000e+000
    endloop
  endfacet
  facet normal -6.109046e-001  1.061159e-001 -7.845604e-001
    outer loop
      vertex -1.646398e+001  1.089725e+000  1.000000e+000
      vertex -1.586704e+001  4.526267e+000  1.000000e+000
      vertex -1.636344e+001  8.052548e-001  8.832375e-001
    endloop
  endfacet
  facet normal -7.317574e-001  1.186795e-001 -6.711529e-001
    outer loop
      vertex -1.636344e+001  8.052548e-001  8.832375e-001
      vertex -1.586704e+001  4.526267e+000  1.000000e+000
      vertex -1.516129e+001  3.222631e+000  0.000000e+000
    endloop
  endfacet
  facet normal -6.390525e-001  3.709480e-002 -7.682681e-001
    outer loop
      vertex -1.636344e+001  8.052548e-001  8.832375e-001
      vertex -1.516129e+001  3.222631e+000  0.000000e+000
      vertex -1.625000e+001 -1.023593e-014  7.500000e-001
    endloop
  endfacet
  facet normal -7.051620e-001  7.411542e-002 -7.051620e-001
    outer loop
      vertex -1.625000e+001 -1.023593e-014  7.500000e-001
      vertex -1.516129e+001  3.222631e+000  0.000000e+000
      vertex -1.550000e+001 -1.211248e-014  0.000000e+000
    endloop
  endfacet
  facet normal  7.231053e-001  1.589242e-001 -6.722068e-001
    outer loop
      vertex  1.565074e+001  5.225349e+000  1.000000e+000
      vertex  1.639947e+001  1.818655e+000  1.000000e+000
      vertex  1.516129e+001  3.222631e+000  0.000000e+000
    endloop
  endfacet
  facet normal  6.927156e-001  1.024265e-001 -7.139004e-001
    outer loop
      vertex  1.516129e+001  3.222631e+000  0.000000e+000
      vertex  1.639947e+001  1.818655e+000  1.000000e+000
      vertex  1.597412e+001  1.558847e+000  5.499989e-001
    endloop
  endfacet
  facet normal  6.514304e-001  6.846800e-002 -7.556127e-001
    outer loop
      vertex  1.516129e+001  3.222631e+000  0.000000e+000
      vertex  1.597412e+001  1.558847e+000  5.499989e-001
      vertex  1.550000e+001 -4.040135e-015  0.000000e+000
    endloop
  endfacet
  facet normal  7.066880e-001  3.439992e-002 -7.066885e-001
    outer loop
      vertex  1.550000e+001 -4.040135e-015  0.000000e+000
      vertex  1.597412e+001  1.558847e+000  5.499989e-001
      vertex  1.605000e+001 -1.071542e-015  5.499989e-001
    endloop
  endfacet
  facet normal -6.480740e-001 -2.105720e-001 -7.318876e-001
    outer loop
      vertex -1.516129e+001 -3.222631e+000  0.000000e+000
      vertex -1.415996e+001 -6.304418e+000  0.000000e+000
      vertex -1.586704e+001 -4.526267e+000  1.000000e+000
    endloop
  endfacet
  facet normal -6.104763e-001 -4.136876e-001 -6.754119e-001
    outer loop
      vertex -1.253976e+001 -9.110671e+000  0.000000e+000
      vertex -1.260435e+001 -1.064802e+001  1.000000e+000
      vertex -1.456104e+001 -7.760541e+000  1.000000e+000
    endloop
  endfacet
  facet normal -5.897312e-001 -3.404816e-001 -7.323178e-001
    outer loop
      vertex -1.253976e+001 -9.110671e+000  0.000000e+000
      vertex -1.456104e+001 -7.760541e+000  1.000000e+000
      vertex -1.415996e+001 -6.304418e+000  0.000000e+000
    endloop
  endfacet
  facet normal -6.833767e-001 -2.759464e-001 -6.759067e-001
    outer loop
      vertex -1.456104e+001 -7.760541e+000  1.000000e+000
      vertex -1.586704e+001 -4.526267e+000  1.000000e+000
      vertex -1.415996e+001 -6.304418e+000  0.000000e+000
    endloop
  endfacet
  facet normal -5.101669e-001 -5.330777e-001 -6.749502e-001
    outer loop
      vertex -1.037152e+001 -1.151874e+001  0.000000e+000
      vertex -1.008441e+001 -1.305966e+001  1.000000e+000
      vertex -1.260435e+001 -1.064802e+001  1.000000e+000
    endloop
  endfacet
  facet normal -5.057338e-001 -4.553646e-001 -7.327185e-001
    outer loop
      vertex -1.037152e+001 -1.151874e+001  0.000000e+000
      vertex -1.260435e+001 -1.064802e+001  1.000000e+000
      vertex -1.253976e+001 -9.110671e+000  0.000000e+000
    endloop
  endfacet
  facet normal -3.869148e-001 -6.287423e-001 -6.745220e-001
    outer loop
      vertex -7.750000e+000 -1.342339e+001  0.000000e+000
      vertex -7.113814e+000 -1.488770e+001  1.000000e+000
      vertex -1.008441e+001 -1.305966e+001  1.000000e+000
    endloop
  endfacet
  facet normal -3.997717e-001 -5.502384e-001 -7.330897e-001
    outer loop
      vertex -7.750000e+000 -1.342339e+001  0.000000e+000
      vertex -1.008441e+001 -1.305966e+001  1.000000e+000
      vertex -1.037152e+001 -1.151874e+001  0.000000e+000
    endloop
  endfacet
  facet normal -2.462219e-001 -6.963662e-001 -6.741282e-001
    outer loop
      vertex -4.789763e+000 -1.474138e+001  0.000000e+000
      vertex -3.825323e+000 -1.605045e+001  1.000000e+000
      vertex -7.113814e+000 -1.488770e+001  1.000000e+000
    endloop
  endfacet
  facet normal -2.764846e-001 -6.209948e-001 -7.334314e-001
    outer loop
      vertex -4.789763e+000 -1.474138e+001  0.000000e+000
      vertex -7.113814e+000 -1.488770e+001  1.000000e+000
      vertex -7.750000e+000 -1.342339e+001  0.000000e+000
    endloop
  endfacet
  facet normal -9.437910e-002 -7.328911e-001 -6.737679e-001
    outer loop
      vertex -1.620191e+000 -1.541509e+001  0.000000e+000
      vertex -3.658885e-001 -1.649594e+001  1.000000e+000
      vertex -3.825323e+000 -1.605045e+001  1.000000e+000
    endloop
  endfacet
  facet normal -1.412606e-001 -6.645784e-001 -7.337446e-001
    outer loop
      vertex -1.620191e+000 -1.541509e+001  0.000000e+000
      vertex -3.825323e+000 -1.605045e+001  1.000000e+000
      vertex -4.789763e+000 -1.474138e+001  0.000000e+000
    endloop
  endfacet
  facet normal  1.411396e-001 -6.640092e-001 -7.342829e-001
    outer loop
      vertex  1.620191e+000 -1.541509e+001  0.000000e+000
      vertex  4.789763e+000 -1.474138e+001  0.000000e+000
      vertex  3.109897e+000 -1.620428e+001  1.000000e+000
    endloop
  endfacet
  facet normal  6.181555e-002 -7.366514e-001 -6.734416e-001
    outer loop
      vertex  3.109897e+000 -1.620428e+001  1.000000e+000
      vertex -3.658885e-001 -1.649594e+001  1.000000e+000
      vertex  1.620191e+000 -1.541509e+001  0.000000e+000
    endloop
  endfacet
  facet normal  0.000000e+000 -6.791191e-001 -7.340282e-001
    outer loop
      vertex  1.620191e+000 -1.541509e+001  0.000000e+000
      vertex -3.658885e-001 -1.649594e+001  1.000000e+000
      vertex -1.620191e+000 -1.541509e+001  0.000000e+000
    endloop
  endfacet
  facet normal  2.760110e-001 -6.199310e-001 -7.345091e-001
    outer loop
      vertex  4.789763e+000 -1.474138e+001  0.000000e+000
      vertex  7.750000e+000 -1.342339e+001  0.000000e+000
      vertex  6.446709e+000 -1.518848e+001  1.000000e+000
    endloop
  endfacet
  facet normal  2.153630e-001 -7.074519e-001 -6.731498e-001
    outer loop
      vertex  6.446709e+000 -1.518848e+001  1.000000e+000
      vertex  3.109897e+000 -1.620428e+001  1.000000e+000
      vertex  4.789763e+000 -1.474138e+001  0.000000e+000
    endloop
  endfacet
  facet normal  4.873993e-001 -5.567391e-001 -6.726691e-001
    outer loop
      vertex  1.037152e+001 -1.151874e+001  0.000000e+000
      vertex  1.211983e+001 -1.119641e+001  1.000000e+000
      vertex  9.495434e+000 -1.349395e+001  1.000000e+000
    endloop
  endfacet
  facet normal  3.987449e-001 -5.488251e-001 -7.347065e-001
    outer loop
      vertex  1.037152e+001 -1.151874e+001  0.000000e+000
      vertex  9.495434e+000 -1.349395e+001  1.000000e+000
      vertex  7.750000e+000 -1.342339e+001  0.000000e+000
    endloop
  endfacet
  facet normal  3.593783e-001 -6.465784e-001 -6.728920e-001
    outer loop
      vertex  9.495434e+000 -1.349395e+001  1.000000e+000
      vertex  6.446709e+000 -1.518848e+001  1.000000e+000
      vertex  7.750000e+000 -1.342339e+001  0.000000e+000
    endloop
  endfacet
  facet normal  5.936782e-001 -4.419456e-001 -6.724805e-001
    outer loop
      vertex  1.253976e+001 -9.110671e+000  0.000000e+000
      vertex  1.420263e+001 -8.398535e+000  1.000000e+000
      vertex  1.211983e+001 -1.119641e+001  1.000000e+000
    endloop
  endfacet
  facet normal  5.040025e-001 -4.538058e-001 -7.348754e-001
    outer loop
      vertex  1.253976e+001 -9.110671e+000  0.000000e+000
      vertex  1.211983e+001 -1.119641e+001  1.000000e+000
      vertex  1.037152e+001 -1.151874e+001  0.000000e+000
    endloop
  endfacet
  facet normal  6.734422e-001 -3.073320e-001 -6.723263e-001
    outer loop
      vertex  1.415996e+001 -6.304418e+000  0.000000e+000
      vertex  1.565074e+001 -5.225348e+000  1.000000e+000
      vertex  1.420263e+001 -8.398535e+000  1.000000e+000
    endloop
  endfacet
  facet normal  5.872085e-001 -3.390251e-001 -7.350156e-001
    outer loop
      vertex  1.415996e+001 -6.304418e+000  0.000000e+000
      vertex  1.420263e+001 -8.398535e+000  1.000000e+000
      vertex  1.253976e+001 -9.110671e+000  0.000000e+000
    endloop
  endfacet
  facet normal  6.447489e-001 -2.094916e-001 -7.351273e-001
    outer loop
      vertex  1.516129e+001 -3.222631e+000  0.000000e+000
      vertex  1.565074e+001 -5.225348e+000  1.000000e+000
      vertex  1.415996e+001 -6.304418e+000  0.000000e+000
    endloop
  endfacet
  facet normal -7.256364e-001 -1.260451e-001 -6.764351e-001
    outer loop
      vertex -1.586704e+001 -4.526267e+000  1.000000e+000
      vertex -1.646398e+001 -1.089725e+000  1.000000e+000
      vertex -1.516129e+001 -3.222631e+000  0.000000e+000
    endloop
  endfacet
  facet normal -6.724082e-001 -6.498923e-002 -7.373219e-001
    outer loop
      vertex -1.516129e+001 -3.222631e+000  0.000000e+000
      vertex -1.646398e+001 -1.089725e+000  1.000000e+000
      vertex -1.636344e+001 -8.052548e-001  8.832375e-001
    endloop
  endfacet
  facet normal -6.799033e-001 -7.146062e-002 -7.298114e-001
    outer loop
      vertex -1.516129e+001 -3.222631e+000  0.000000e+000
      vertex -1.636344e+001 -8.052548e-001  8.832375e-001
      vertex -1.550000e+001 -1.211248e-014  0.000000e+000
    endloop
  endfacet
  facet normal -7.070000e-001 -1.738564e-002 -7.070000e-001
    outer loop
      vertex -1.550000e+001 -1.211248e-014  0.000000e+000
      vertex -1.636344e+001 -8.052548e-001  8.832375e-001
      vertex -1.625000e+001 -1.023593e-014  7.500000e-001
    endloop
  endfacet
  facet normal  6.745510e-001 -1.482528e-001 -7.231888e-001
    outer loop
      vertex  1.639947e+001 -1.818653e+000  1.000000e+000
      vertex  1.565074e+001 -5.225348e+000  1.000000e+000
      vertex  1.597412e+001 -1.558845e+000  5.499989e-001
    endloop
  endfacet
  facet normal  7.415264e-001 -1.457779e-001 -6.548950e-001
    outer loop
      vertex  1.597412e+001 -1.558845e+000  5.499989e-001
      vertex  1.565074e+001 -5.225348e+000  1.000000e+000
      vertex  1.516129e+001 -3.222631e+000  0.000000e+000
    endloop
  endfacet
  facet normal  6.005248e-001 -2.923218e-002 -7.990716e-001
    outer loop
      vertex  1.597412e+001 -1.558845e+000  5.499989e-001
      vertex  1.516129e+001 -3.222631e+000  0.000000e+000
      vertex  1.605000e+001 -1.071542e-015  5.499989e-001
    endloop
  endfacet
  facet normal  7.051618e-001 -7.411540e-002 -7.051623e-001
    outer loop
      vertex  1.605000e+001 -1.071542e-015  5.499989e-001
      vertex  1.516129e+001 -3.222631e+000  0.000000e+000
      vertex  1.550000e+001 -4.040135e-015  0.000000e+000
    endloop
  endfacet
  facet normal  9.759645e-001 -2.144974e-001 -3.852443e-002
    outer loop
      vertex  1.620278e+001 -3.117690e+000  3.249999e+000
      vertex  1.565074e+001 -5.225348e+000  1.000000e+000
      vertex  1.639947e+001 -1.818653e+000  1.000000e+000
    endloop
  endfacet
  facet normal -9.690128e-001 -1.683203e-001  1.807833e-001
    outer loop
      vertex -1.586704e+001 -4.526267e+000  5.500000e+000
      vertex -1.646398e+001 -1.089725e+000  5.500000e+000
      vertex -1.644922e+001 -1.293509e+000  5.389353e+000
    endloop
  endfacet
  facet normal -9.819575e-001 -1.743314e-001  7.326706e-002
    outer loop
      vertex -1.586704e+001 -4.526267e+000  5.500000e+000
      vertex -1.644922e+001 -1.293509e+000  5.389353e+000
      vertex -1.636326e+001 -2.119830e+000  4.575263e+000
    endloop
  endfacet
  facet normal -9.793943e-001 -2.019577e-001  0.000000e+000
    outer loop
      vertex -1.586704e+001 -4.526267e+000  5.500000e+000
      vertex -1.636326e+001 -2.119830e+000  4.575263e+000
      vertex -1.586704e+001 -4.526267e+000  1.000000e+000
    endloop
  endfacet
  facet normal -9.436765e-001 -3.199336e-001  8.436459e-002
    outer loop
      vertex -1.586704e+001 -4.526267e+000  1.000000e+000
      vertex -1.636326e+001 -2.119830e+000  4.575263e+000
      vertex -1.632409e+001 -2.402950e+000  3.939794e+000
    endloop
  endfacet
  facet normal -9.742860e-001 -2.250430e-001  1.106938e-002
    outer loop
      vertex -1.586704e+001 -4.526267e+000  1.000000e+000
      vertex -1.632409e+001 -2.402950e+000  3.939794e+000
      vertex -1.630951e+001 -2.500000e+000  3.250000e+000
    endloop
  endfacet
  facet normal -9.787863e-001 -2.047227e-001 -8.115313e-003
    outer loop
      vertex -1.586704e+001 -4.526267e+000  1.000000e+000
      vertex -1.630951e+001 -2.500000e+000  3.250000e+000
      vertex -1.632409e+001 -2.402950e+000  2.560206e+000
    endloop
  endfacet
  facet normal -9.809601e-001 -1.925529e-001 -2.531426e-002
    outer loop
      vertex -1.586704e+001 -4.526267e+000  1.000000e+000
      vertex -1.632409e+001 -2.402950e+000  2.560206e+000
      vertex -1.636326e+001 -2.119830e+000  1.924737e+000
    endloop
  endfacet
  facet normal -9.819575e-001 -1.743314e-001 -7.326706e-002
    outer loop
      vertex -1.586704e+001 -4.526267e+000  1.000000e+000
      vertex -1.636326e+001 -2.119830e+000  1.924737e+000
      vertex -1.644922e+001 -1.293509e+000  1.110647e+000
    endloop
  endfacet
  facet normal -9.690127e-001 -1.683203e-001 -1.807835e-001
    outer loop
      vertex -1.586704e+001 -4.526267e+000  1.000000e+000
      vertex -1.644922e+001 -1.293509e+000  1.110647e+000
      vertex -1.646398e+001 -1.089725e+000  1.000000e+000
    endloop
  endfacet
  facet normal  9.050723e-001 -3.977318e-001  1.505113e-001
    outer loop
      vertex  1.620278e+001 -3.117690e+000  3.249999e+000
      vertex  1.639947e+001 -1.818652e+000  5.500000e+000
      vertex  1.565074e+001 -5.225348e+000  1.000000e+000
    endloop
  endfacet
  facet normal  9.766895e-001 -2.146570e-001 -1.387499e-007
    outer loop
      vertex  1.565074e+001 -5.225348e+000  1.000000e+000
      vertex  1.639947e+001 -1.818652e+000  5.500000e+000
      vertex  1.565074e+001 -5.225346e+000  5.500000e+000
    endloop
  endfacet
  facet normal  9.097435e-001 -4.151705e-001 -6.082066e-008
    outer loop
      vertex  1.565074e+001 -5.225348e+000  1.000000e+000
      vertex  1.565074e+001 -5.225346e+000  5.500000e+000
      vertex  1.420263e+001 -8.398535e+000  1.000000e+000
    endloop
  endfacet
  facet normal  9.097437e-001 -4.151705e-001 -1.048137e-007
    outer loop
      vertex  1.420263e+001 -8.398535e+000  1.000000e+000
      vertex  1.565074e+001 -5.225346e+000  5.500000e+000
      vertex  1.420263e+001 -8.398534e+000  5.500000e+000
    endloop
  endfacet
  facet normal  8.021435e-001 -5.971312e-001 -4.344777e-008
    outer loop
      vertex  1.420263e+001 -8.398535e+000  1.000000e+000
      vertex  1.420263e+001 -8.398534e+000  5.500000e+000
      vertex  1.211983e+001 -1.119641e+001  1.000000e+000
    endloop
  endfacet
  facet normal  8.021437e-001 -5.971311e-001 -1.699964e-007
    outer loop
      vertex  1.211983e+001 -1.119641e+001  1.000000e+000
      vertex  1.420263e+001 -8.398534e+000  5.500000e+000
      vertex  1.211983e+001 -1.119641e+001  5.500000e+000
    endloop
  endfacet
  facet normal  6.586978e-001 -7.524076e-001 -1.395963e-007
    outer loop
      vertex  1.211983e+001 -1.119641e+001  1.000000e+000
      vertex  1.211983e+001 -1.119641e+001  5.500000e+000
      vertex  9.495434e+000 -1.349395e+001  1.000000e+000
    endloop
  endfacet
  facet normal  6.586977e-001 -7.524076e-001  1.985972e-008
    outer loop
      vertex  9.495434e+000 -1.349395e+001  1.000000e+000
      vertex  1.211983e+001 -1.119641e+001  5.500000e+000
      vertex  9.495435e+000 -1.349395e+001  5.500000e+000
    endloop
  endfacet
  facet normal  4.858165e-001 -8.740608e-001  8.227967e-008
    outer loop
      vertex  9.495434e+000 -1.349395e+001  1.000000e+000
      vertex  9.495435e+000 -1.349395e+001  5.500000e+000
      vertex  6.446709e+000 -1.518848e+001  1.000000e+000
    endloop
  endfacet
  facet normal  4.858167e-001 -8.740608e-001 -5.147900e-008
    outer loop
      vertex  6.446709e+000 -1.518848e+001  1.000000e+000
      vertex  9.495435e+000 -1.349395e+001  5.500000e+000
      vertex  6.446710e+000 -1.518848e+001  5.500000e+000
    endloop
  endfacet
  facet normal  2.912254e-001 -9.566544e-001 -3.085935e-008
    outer loop
      vertex  6.446709e+000 -1.518848e+001  1.000000e+000
      vertex  6.446710e+000 -1.518848e+001  5.500000e+000
      vertex  3.109897e+000 -1.620428e+001  1.000000e+000
    endloop
  endfacet
  facet normal  2.912254e-001 -9.566544e-001 -4.628904e-008
    outer loop
      vertex  3.109897e+000 -1.620428e+001  1.000000e+000
      vertex  6.446710e+000 -1.518848e+001  5.500000e+000
      vertex  3.109898e+000 -1.620428e+001  5.500000e+000
    endloop
  endfacet
  facet normal  8.362035e-002 -9.964976e-001 -1.329110e-008
    outer loop
      vertex  3.109897e+000 -1.620428e+001  1.000000e+000
      vertex  3.109898e+000 -1.620428e+001  5.500000e+000
      vertex -3.658885e-001 -1.649594e+001  1.000000e+000
    endloop
  endfacet
  facet normal  8.362035e-002 -9.964976e-001 -1.218351e-008
    outer loop
      vertex -3.658885e-001 -1.649594e+001  1.000000e+000
      vertex  3.109898e+000 -1.620428e+001  5.500000e+000
      vertex -3.658879e-001 -1.649594e+001  5.500000e+000
    endloop
  endfacet
  facet normal -1.277218e-001 -9.918100e-001  1.860909e-008
    outer loop
      vertex -3.658885e-001 -1.649594e+001  1.000000e+000
      vertex -3.658879e-001 -1.649594e+001  5.500000e+000
      vertex -3.825323e+000 -1.605045e+001  1.000000e+000
    endloop
  endfacet
  facet normal -1.277218e-001 -9.918101e-001  1.353389e-008
    outer loop
      vertex -3.825323e+000 -1.605045e+001  1.000000e+000
      vertex -3.658879e-001 -1.649594e+001  5.500000e+000
      vertex -3.825323e+000 -1.605045e+001  5.500000e+000
    endloop
  endfacet
  facet normal -3.333566e-001 -9.428008e-001  3.532373e-008
    outer loop
      vertex -3.825323e+000 -1.605045e+001  1.000000e+000
      vertex -3.825323e+000 -1.605045e+001  5.500000e+000
      vertex -7.113814e+000 -1.488770e+001  1.000000e+000
    endloop
  endfacet
  facet normal -3.333566e-001 -9.428008e-001  3.532373e-008
    outer loop
      vertex -7.113814e+000 -1.488770e+001  1.000000e+000
      vertex -3.825323e+000 -1.605045e+001  5.500000e+000
      vertex -7.113814e+000 -1.488770e+001  5.500000e+000
    endloop
  endfacet
  facet normal -5.240939e-001 -8.516604e-001  5.553499e-008
    outer loop
      vertex -7.113814e+000 -1.488770e+001  1.000000e+000
      vertex -7.113814e+000 -1.488770e+001  5.500000e+000
      vertex -1.008441e+001 -1.305966e+001  1.000000e+000
    endloop
  endfacet
  facet normal -5.240939e-001 -8.516605e-001  0.000000e+000
    outer loop
      vertex -1.008441e+001 -1.305966e+001  1.000000e+000
      vertex -7.113814e+000 -1.488770e+001  5.500000e+000
      vertex -1.008441e+001 -1.305966e+001  5.500000e+000
    endloop
  endfacet
  facet normal -6.914113e-001 -7.224614e-001  -0.000000e+000
    outer loop
      vertex -1.008441e+001 -1.305966e+001  1.000000e+000
      vertex -1.008441e+001 -1.305966e+001  5.500000e+000
      vertex -1.260435e+001 -1.064802e+001  1.000000e+000
    endloop
  endfacet
  facet normal -6.914113e-001 -7.224614e-001  0.000000e+000
    outer loop
      vertex -1.260435e+001 -1.064802e+001  1.000000e+000
      vertex -1.008441e+001 -1.305966e+001  5.500000e+000
      vertex -1.260435e+001 -1.064802e+001  5.500000e+000
    endloop
  endfacet
  facet normal -8.278310e-001 -5.609774e-001  -0.000000e+000
    outer loop
      vertex -1.260435e+001 -1.064802e+001  1.000000e+000
      vertex -1.260435e+001 -1.064802e+001  5.500000e+000
      vertex -1.456104e+001 -7.760541e+000  1.000000e+000
    endloop
  endfacet
  facet normal -8.278310e-001 -5.609774e-001  0.000000e+000
    outer loop
      vertex -1.456104e+001 -7.760541e+000  1.000000e+000
      vertex -1.260435e+001 -1.064802e+001  5.500000e+000
      vertex -1.456104e+001 -7.760541e+000  5.500000e+000
    endloop
  endfacet
  facet normal -9.272572e-001 -3.744250e-001  -0.000000e+000
    outer loop
      vertex -1.456104e+001 -7.760541e+000  1.000000e+000
      vertex -1.456104e+001 -7.760541e+000  5.500000e+000
      vertex -1.586704e+001 -4.526267e+000  1.000000e+000
    endloop
  endfacet
  facet normal -9.272572e-001 -3.744250e-001  0.000000e+000
    outer loop
      vertex -1.586704e+001 -4.526267e+000  1.000000e+000
      vertex -1.456104e+001 -7.760541e+000  5.500000e+000
      vertex -1.586704e+001 -4.526267e+000  5.500000e+000
    endloop
  endfacet
  facet normal  0.000000e+000  0.000000e+000 -1.000000e+000
    outer loop
      vertex  1.605000e+001  8.235816e-016  5.949999e+000
      vertex  1.597412e+001 -1.558845e+000  5.949999e+000
      vertex  1.597412e+001  1.558847e+000  5.949999e+000
    endloop
  endfacet
  facet normal  0.000000e+000  -0.000000e+000 -1.000000e+000
    outer loop
      vertex  1.597412e+001  1.558847e+000  5.949999e+000
      vertex  1.597412e+001 -1.558845e+000  5.949999e+000
      vertex  1.400000e+001 -1.558845e+000  5.949999e+000
    endloop
  endfacet
  facet normal  0.000000e+000  0.000000e+000 -1.000000e+000
    outer loop
      vertex  1.597412e+001  1.558847e+000  5.949999e+000
      vertex  1.400000e+001 -1.558845e+000  5.949999e+000
      vertex  1.400000e+001  1.558847e+000  5.949999e+000
    endloop
  endfacet
  facet normal  6.604253e-008  8.660254e-001 -5.000000e-001
    outer loop
      vertex  1.639947e+001 -1.818652e+000  5.500000e+000
      vertex  1.620278e+001 -3.117690e+000  3.249999e+000
      vertex  1.597412e+001 -1.558845e+000  5.949999e+000
    endloop
  endfacet
  facet normal  0.000000e+000  8.660254e-001 -5.000000e-001
    outer loop
      vertex  1.597412e+001 -1.558845e+000  5.949999e+000
      vertex  1.620278e+001 -3.117690e+000  3.249999e+000
      vertex  1.400000e+001 -3.117690e+000  3.249999e+000
    endloop
  endfacet
  facet normal  0.000000e+000  8.660254e-001 -5.000000e-001
    outer loop
      vertex  1.597412e+001 -1.558845e+000  5.949999e+000
      vertex  1.400000e+001 -3.117690e+000  3.249999e+000
      vertex  1.400000e+001 -1.558845e+000  5.949999e+000
    endloop
  endfacet
  facet normal  2.282476e-008  8.660254e-001  5.000001e-001
    outer loop
      vertex  1.639947e+001 -1.818653e+000  1.000000e+000
      vertex  1.597412e+001 -1.558845e+000  5.499989e-001
      vertex  1.620278e+001 -3.117690e+000  3.249999e+000
    endloop
  endfacet
  facet normal  0.000000e+000  8.660253e-001  5.000001e-001
    outer loop
      vertex  1.620278e+001 -3.117690e+000  3.249999e+000
      vertex  1.597412e+001 -1.558845e+000  5.499989e-001
      vertex  1.400000e+001 -1.558845e+000  5.499989e-001
    endloop
  endfacet
  facet normal  0.000000e+000  8.660254e-001  5.000001e-001
    outer loop
      vertex  1.620278e+001 -3.117690e+000  3.249999e+000
      vertex  1.400000e+001 -1.558845e+000  5.499989e-001
      vertex  1.400000e+001 -3.117690e+000  3.249999e+000
    endloop
  endfacet
  facet normal  0.000000e+000  0.000000e+000  1.000000e+000
    outer loop
      vertex  1.605000e+001 -1.071542e-015  5.499989e-001
      vertex  1.597412e+001  1.558847e+000  5.499989e-001
      vertex  1.597412e+001 -1.558845e+000  5.499989e-001
    endloop
  endfacet
  facet normal  0.000000e+000  -0.000000e+000  1.000000e+000
    outer loop
      vertex  1.597412e+001 -1.558845e+000  5.499989e-001
      vertex  1.597412e+001  1.558847e+000  5.499989e-001
      vertex  1.400000e+001  1.558847e+000  5.499989e-001
    endloop
  endfacet
  facet normal  0.000000e+000  0.000000e+000  1.000000e+000
    outer loop
      vertex  1.597412e+001 -1.558845e+000  5.499989e-001
      vertex  1.400000e+001  1.558847e+000  5.499989e-001
      vertex  1.400000e+001 -1.558845e+000  5.499989e-001
    endloop
  endfacet
  facet normal  2.211813e-007 -8.660254e-001  5.000000e-001
    outer loop
      vertex  1.639947e+001  1.818655e+000  1.000000e+000
      vertex  1.620278e+001  3.117692e+000  3.249999e+000
      vertex  1.597412e+001  1.558847e+000  5.499989e-001
    endloop
  endfacet
  facet normal  0.000000e+000 -8.660254e-001  5.000000e-001
    outer loop
      vertex  1.597412e+001  1.558847e+000  5.499989e-001
      vertex  1.620278e+001  3.117692e+000  3.249999e+000
      vertex  1.400000e+001  3.117692e+000  3.249999e+000
    endloop
  endfacet
  facet normal  0.000000e+000 -8.660253e-001  5.000000e-001
    outer loop
      vertex  1.597412e+001  1.558847e+000  5.499989e-001
      vertex  1.400000e+001  3.117692e+000  3.249999e+000
      vertex  1.400000e+001  1.558847e+000  5.499989e-001
    endloop
  endfacet
  facet normal  1.104767e-007 -8.660255e-001 -5.000000e-001
    outer loop
      vertex  1.639947e+001  1.818654e+000  5.500000e+000
      vertex  1.597412e+001  1.558847e+000  5.949999e+000
      vertex  1.620278e+001  3.117692e+000  3.249999e+000
    endloop
  endfacet
  facet normal  0.000000e+000 -8.660254e-001 -4.999999e-001
    outer loop
      vertex  1.620278e+001  3.117692e+000  3.249999e+000
      vertex  1.597412e+001  1.558847e+000  5.949999e+000
      vertex  1.400000e+001  1.558847e+000  5.949999e+000
    endloop
  endfacet
  facet normal  0.000000e+000 -8.660254e-001 -5.000000e-001
    outer loop
      vertex  1.620278e+001  3.117692e+000  3.249999e+000
      vertex  1.400000e+001  1.558847e+000  5.949999e+000
      vertex  1.400000e+001  3.117692e+000  3.249999e+000
    endloop
  endfacet
  facet normal  9.999999e-001  0.000000e+000  -0.000000e+000
    outer loop
      vertex  1.400000e+001 -3.117690e+000  3.249999e+000
      vertex  1.400000e+001 -1.558845e+000  5.499989e-001
      vertex  1.400000e+001 -1.294427e+000  2.309544e+000
    endloop
  endfacet
  facet normal  1.000000e+000  0.000000e+000  0.000000e+000
    outer loop
      vertex  1.400000e+001 -3.117690e+000  3.249999e+000
      vertex  1.400000e+001 -1.294427e+000  2.309544e+000
      vertex  1.400000e+001 -1.600000e+000  3.250000e+000
    endloop
  endfacet
  facet normal  1.000000e+000  0.000000e+000  -0.000000e+000
    outer loop
      vertex  1.400000e+001 -3.117690e+000  3.249999e+000
      vertex  1.400000e+001 -1.600000e+000  3.250000e+000
      vertex  1.400000e+001 -1.294427e+000  4.190456e+000
    endloop
  endfacet
  facet normal  1.000000e+000  0.000000e+000  -0.000000e+000
    outer loop
      vertex  1.400000e+001 -3.117690e+000  3.249999e+000
      vertex  1.400000e+001 -1.294427e+000  4.190456e+000
      vertex  1.400000e+001 -4.944272e-001  4.771690e+000
    endloop
  endfacet
  facet normal  1.000000e+000  0.000000e+000  0.000000e+000
    outer loop
      vertex  1.400000e+001 -3.117690e+000  3.249999e+000
      vertex  1.400000e+001 -4.944272e-001  4.771690e+000
      vertex  1.400000e+001 -1.558845e+000  5.949999e+000
    endloop
  endfacet
  facet normal  1.000000e+000  0.000000e+000  0.000000e+000
    outer loop
      vertex  1.400000e+001  1.558847e+000  5.499989e-001
      vertex  1.400000e+001  4.944272e-001  1.728310e+000
      vertex  1.400000e+001 -1.558845e+000  5.499989e-001
    endloop
  endfacet
  facet normal  1.000000e+000  0.000000e+000  0.000000e+000
    outer loop
      vertex  1.400000e+001 -1.558845e+000  5.499989e-001
      vertex  1.400000e+001  4.944272e-001  1.728310e+000
      vertex  1.400000e+001 -4.944272e-001  1.728310e+000
    endloop
  endfacet
  facet normal  1.000000e+000  0.000000e+000  0.000000e+000
    outer loop
      vertex  1.400000e+001 -1.558845e+000  5.499989e-001
      vertex  1.400000e+001 -4.944272e-001  1.728310e+000
      vertex  1.400000e+001 -1.294427e+000  2.309544e+000
    endloop
  endfacet
  facet normal  9.999999e-001  0.000000e+000  -0.000000e+000
    outer loop
      vertex  1.400000e+001 -1.558845e+000  5.949999e+000
      vertex  1.400000e+001 -4.944272e-001  4.771690e+000
      vertex  1.400000e+001  1.558847e+000  5.949999e+000
    endloop
  endfacet
  facet normal  9.999999e-001  0.000000e+000  0.000000e+000
    outer loop
      vertex  1.400000e+001  1.558847e+000  5.949999e+000
      vertex  1.400000e+001 -4.944272e-001  4.771690e+000
      vertex  1.400000e+001  4.944272e-001  4.771690e+000
    endloop
  endfacet
  facet normal  1.000000e+000  -0.000000e+000  0.000000e+000
    outer loop
      vertex  1.400000e+001  1.558847e+000  5.949999e+000
      vertex  1.400000e+001  4.944272e-001  4.771690e+000
      vertex  1.400000e+001  3.117692e+000  3.249999e+000
    endloop
  endfacet
  facet normal  1.000000e+000  0.000000e+000  0.000000e+000
    outer loop
      vertex  1.400000e+001  3.117692e+000  3.249999e+000
      vertex  1.400000e+001  4.944272e-001  4.771690e+000
      vertex  1.400000e+001  1.294427e+000  4.190456e+000
    endloop
  endfacet
  facet normal  9.999999e-001  0.000000e+000  0.000000e+000
    outer loop
      vertex  1.400000e+001  3.117692e+000  3.249999e+000
      vertex  1.400000e+001  1.294427e+000  4.190456e+000
      vertex  1.400000e+001  1.600000e+000  3.250000e+000
    endloop
  endfacet
  facet normal  1.000000e+000  0.000000e+000  0.000000e+000
    outer loop
      vertex  1.400000e+001  3.117692e+000  3.249999e+000
      vertex  1.400000e+001  1.600000e+000  3.250000e+000
      vertex  1.400000e+001  1.558847e+000  5.499989e-001
    endloop
  endfacet
  facet normal  1.000000e+000  0.000000e+000  -0.000000e+000
    outer loop
      vertex  1.400000e+001  1.558847e+000  5.499989e-001
      vertex  1.400000e+001  1.600000e+000  3.250000e+000
      vertex  1.400000e+001  1.294427e+000  2.309544e+000
    endloop
  endfacet
  facet normal  1.000000e+000  0.000000e+000  0.000000e+000
    outer loop
      vertex  1.400000e+001  1.558847e+000  5.499989e-001
      vertex  1.400000e+001  1.294427e+000  2.309544e+000
      vertex  1.400000e+001  4.944272e-001  1.728310e+000
    endloop
  endfacet
  facet normal -5.863634e-003  1.731847e-001  9.848719e-001
    outer loop
      vertex -1.253811e+001 -5.462044e-001  1.746118e+000
      vertex -1.255000e+001  1.536881e-015  1.650000e+000
      vertex -1.400000e+001 -4.944272e-001  1.728310e+000
    endloop
  endfacet
  facet normal  1.123611e-001 -1.745865e-001  9.782099e-001
    outer loop
      vertex -1.400000e+001 -4.944272e-001  1.728310e+000
      vertex -1.255000e+001  1.536881e-015  1.650000e+000
      vertex -1.253811e+001  5.462044e-001  1.746118e+000
    endloop
  endfacet
  facet normal -1.218087e-002  0.000000e+000  9.999259e-001
    outer loop
      vertex -1.400000e+001 -4.944272e-001  1.728310e+000
      vertex -1.253811e+001  5.462044e-001  1.746118e+000
      vertex -1.400000e+001  4.944272e-001  1.728310e+000
    endloop
  endfacet
  facet normal  1.243669e-002 -6.207589e-001  7.839029e-001
    outer loop
      vertex -1.400000e+001  4.944272e-001  1.728310e+000
      vertex -1.253811e+001  5.462044e-001  1.746118e+000
      vertex -1.247854e+001  1.337371e+000  2.371684e+000
    endloop
  endfacet
  facet normal -1.644957e-002 -5.877057e-001  8.089075e-001
    outer loop
      vertex -1.400000e+001  4.944272e-001  1.728310e+000
      vertex -1.247854e+001  1.337371e+000  2.371684e+000
      vertex -1.400000e+001  1.294427e+000  2.309544e+000
    endloop
  endfacet
  facet normal  1.536423e-002 -9.581211e-001  2.859508e-001
    outer loop
      vertex -1.400000e+001  1.294427e+000  2.309544e+000
      vertex -1.247854e+001  1.337371e+000  2.371684e+000
      vertex -1.244759e+001  1.600000e+000  3.250000e+000
    endloop
  endfacet
  facet normal  0.000000e+000 -9.510565e-001  3.090170e-001
    outer loop
      vertex -1.400000e+001  1.294427e+000  2.309544e+000
      vertex -1.244759e+001  1.600000e+000  3.250000e+000
      vertex -1.400000e+001  1.600000e+000  3.250000e+000
    endloop
  endfacet
  facet normal  1.096224e-002  5.877500e-001  8.089684e-001
    outer loop
      vertex -1.400000e+001 -4.944272e-001  1.728310e+000
      vertex -1.400000e+001 -1.294427e+000  2.309544e+000
      vertex -1.253811e+001 -5.462044e-001  1.746118e+000
    endloop
  endfacet
  facet normal -1.457069e-002  6.194897e-001  7.848696e-001
    outer loop
      vertex -1.253811e+001 -5.462044e-001  1.746118e+000
      vertex -1.400000e+001 -1.294427e+000  2.309544e+000
      vertex -1.247854e+001 -1.337371e+000  2.371684e+000
    endloop
  endfacet
  facet normal  1.422131e-002  9.509603e-001  3.089858e-001
    outer loop
      vertex -1.400000e+001 -1.294427e+000  2.309544e+000
      vertex -1.400000e+001 -1.600000e+000  3.250000e+000
      vertex -1.247854e+001 -1.337371e+000  2.371684e+000
    endloop
  endfacet
  facet normal  0.000000e+000  9.580858e-001  2.864816e-001
    outer loop
      vertex -1.247854e+001 -1.337371e+000  2.371684e+000
      vertex -1.400000e+001 -1.600000e+000  3.250000e+000
      vertex -1.244759e+001 -1.600000e+000  3.250000e+000
    endloop
  endfacet
  facet normal -5.863642e-003 -1.731845e-001 -9.848719e-001
    outer loop
      vertex -1.253811e+001  5.462044e-001  4.753882e+000
      vertex -1.255000e+001  1.536881e-015  4.850000e+000
      vertex -1.400000e+001  4.944272e-001  4.771690e+000
    endloop
  endfacet
  facet normal  1.123610e-001  1.745863e-001 -9.782100e-001
    outer loop
      vertex -1.400000e+001  4.944272e-001  4.771690e+000
      vertex -1.255000e+001  1.536881e-015  4.850000e+000
      vertex -1.253811e+001 -5.462044e-001  4.753882e+000
    endloop
  endfacet
  facet normal -1.218087e-002  0.000000e+000 -9.999259e-001
    outer loop
      vertex -1.400000e+001  4.944272e-001  4.771690e+000
      vertex -1.253811e+001 -5.462044e-001  4.753882e+000
      vertex -1.400000e+001 -4.944272e-001  4.771690e+000
    endloop
  endfacet
  facet normal  1.243669e-002  6.207589e-001 -7.839029e-001
    outer loop
      vertex -1.400000e+001 -4.944272e-001  4.771690e+000
      vertex -1.253811e+001 -5.462044e-001  4.753882e+000
      vertex -1.247854e+001 -1.337371e+000  4.128316e+000
    endloop
  endfacet
  facet normal -1.644957e-002  5.877057e-001 -8.089075e-001
    outer loop
      vertex -1.400000e+001 -4.944272e-001  4.771690e+000
      vertex -1.247854e+001 -1.337371e+000  4.128316e+000
      vertex -1.400000e+001 -1.294427e+000  4.190456e+000
    endloop
  endfacet
  facet normal  1.536423e-002  9.581211e-001 -2.859508e-001
    outer loop
      vertex -1.400000e+001 -1.294427e+000  4.190456e+000
      vertex -1.247854e+001 -1.337371e+000  4.128316e+000
      vertex -1.244759e+001 -1.600000e+000  3.250000e+000
    endloop
  endfacet
  facet normal  0.000000e+000  9.510565e-001 -3.090170e-001
    outer loop
      vertex -1.400000e+001 -1.294427e+000  4.190456e+000
      vertex -1.244759e+001 -1.600000e+000  3.250000e+000
      vertex -1.400000e+001 -1.600000e+000  3.250000e+000
    endloop
  endfacet
  facet normal  1.096224e-002 -5.877500e-001 -8.089684e-001
    outer loop
      vertex -1.400000e+001  4.944272e-001  4.771690e+000
      vertex -1.400000e+001  1.294427e+000  4.190456e+000
      vertex -1.253811e+001  5.462044e-001  4.753882e+000
    endloop
  endfacet
  facet normal -1.457069e-002 -6.194897e-001 -7.848696e-001
    outer loop
      vertex -1.253811e+001  5.462044e-001  4.753882e+000
      vertex -1.400000e+001  1.294427e+000  4.190456e+000
      vertex -1.247854e+001  1.337371e+000  4.128316e+000
    endloop
  endfacet
  facet normal  1.422131e-002 -9.509603e-001 -3.089858e-001
    outer loop
      vertex -1.400000e+001  1.294427e+000  4.190456e+000
      vertex -1.400000e+001  1.600000e+000  3.250000e+000
      vertex -1.247854e+001  1.337371e+000  4.128316e+000
    endloop
  endfacet
  facet normal  0.000000e+000 -9.580858e-001 -2.864816e-001
    outer loop
      vertex -1.247854e+001  1.337371e+000  4.128316e+000
      vertex -1.400000e+001  1.600000e+000  3.250000e+000
      vertex -1.244759e+001  1.600000e+000  3.250000e+000
    endloop
  endfacet
  facet normal  4.532413e-003  9.135378e-001 -4.067287e-001
    outer loop
      vertex -1.636326e+001 -2.119830e+000  4.575263e+000
      vertex -1.400000e+001 -2.165064e+000  4.500000e+000
      vertex -1.632409e+001 -2.402950e+000  3.939794e+000
    endloop
  endfacet
  facet normal -3.645827e-002  9.652836e-001 -2.586469e-001
    outer loop
      vertex -1.632409e+001 -2.402950e+000  3.939794e+000
      vertex -1.400000e+001 -2.165064e+000  4.500000e+000
      vertex -1.400000e+001 -2.500000e+000  3.250000e+000
    endloop
  endfacet
  facet normal  0.000000e+000  9.902471e-001 -1.393222e-001
    outer loop
      vertex -1.632409e+001 -2.402950e+000  3.939794e+000
      vertex -1.400000e+001 -2.500000e+000  3.250000e+000
      vertex -1.630951e+001 -2.500000e+000  3.250000e+000
    endloop
  endfacet
  facet normal -8.641221e-002  4.042797e-001 -9.105442e-001
    outer loop
      vertex -1.636344e+001 -8.052548e-001  5.616763e+000
      vertex -1.400000e+001  1.530758e-016  5.750000e+000
      vertex -1.646398e+001 -1.089725e+000  5.500000e+000
    endloop
  endfacet
  facet normal -1.645904e-002  2.587841e-001 -9.657949e-001
    outer loop
      vertex -1.646398e+001 -1.089725e+000  5.500000e+000
      vertex -1.400000e+001  1.530758e-016  5.750000e+000
      vertex -1.400000e+001 -1.250000e+000  5.415063e+000
    endloop
  endfacet
  facet normal  7.475933e-004  4.772026e-001 -8.787930e-001
    outer loop
      vertex -1.646398e+001 -1.089725e+000  5.500000e+000
      vertex -1.400000e+001 -1.250000e+000  5.415063e+000
      vertex -1.644922e+001 -1.293509e+000  5.389353e+000
    endloop
  endfacet
  facet normal -5.138732e-003  7.070974e-001 -7.070976e-001
    outer loop
      vertex -1.644922e+001 -1.293509e+000  5.389353e+000
      vertex -1.400000e+001 -1.250000e+000  5.415063e+000
      vertex -1.400000e+001 -2.165064e+000  4.500000e+000
    endloop
  endfacet
  facet normal -9.277731e-003  7.012954e-001 -7.128103e-001
    outer loop
      vertex -1.644922e+001 -1.293509e+000  5.389353e+000
      vertex -1.400000e+001 -2.165064e+000  4.500000e+000
      vertex -1.636326e+001 -2.119830e+000  4.575263e+000
    endloop
  endfacet
  facet normal -7.537357e-016  1.632404e-001 -9.865863e-001
    outer loop
      vertex -1.636344e+001 -8.052548e-001  5.616763e+000
      vertex -1.625000e+001 -1.023593e-014  5.750000e+000
      vertex -1.400000e+001  1.530758e-016  5.750000e+000
    endloop
  endfacet
  facet normal  7.537357e-016 -1.632404e-001 -9.865863e-001
    outer loop
      vertex -1.400000e+001  1.530758e-016  5.750000e+000
      vertex -1.625000e+001 -1.023593e-014  5.750000e+000
      vertex -1.636344e+001  8.052548e-001  5.616763e+000
    endloop
  endfacet
  facet normal -3.371052e-002 -2.586720e-001 -9.653769e-001
    outer loop
      vertex -1.400000e+001  1.530758e-016  5.750000e+000
      vertex -1.636344e+001  8.052548e-001  5.616763e+000
      vertex -1.400000e+001  1.250000e+000  5.415063e+000
    endloop
  endfacet
  facet normal -7.021708e-003 -3.818285e-001 -9.242064e-001
    outer loop
      vertex -1.400000e+001  1.250000e+000  5.415063e+000
      vertex -1.636344e+001  8.052548e-001  5.616763e+000
      vertex -1.646398e+001  1.089725e+000  5.500000e+000
    endloop
  endfacet
  facet normal  7.475933e-004 -4.772026e-001 -8.787930e-001
    outer loop
      vertex -1.400000e+001  1.250000e+000  5.415063e+000
      vertex -1.646398e+001  1.089725e+000  5.500000e+000
      vertex -1.644922e+001  1.293509e+000  5.389353e+000
    endloop
  endfacet
  facet normal  -0.000000e+000 -9.902471e-001 -1.393222e-001
    outer loop
      vertex -1.630951e+001  2.500000e+000  3.250000e+000
      vertex -1.400000e+001  2.500000e+000  3.250000e+000
      vertex -1.632409e+001  2.402950e+000  3.939794e+000
    endloop
  endfacet
  facet normal -3.645827e-002 -9.652836e-001 -2.586469e-001
    outer loop
      vertex -1.632409e+001  2.402950e+000  3.939794e+000
      vertex -1.400000e+001  2.500000e+000  3.250000e+000
      vertex -1.400000e+001  2.165064e+000  4.500000e+000
    endloop
  endfacet
  facet normal  4.532413e-003 -9.135378e-001 -4.067287e-001
    outer loop
      vertex -1.632409e+001  2.402950e+000  3.939794e+000
      vertex -1.400000e+001  2.165064e+000  4.500000e+000
      vertex -1.636326e+001  2.119830e+000  4.575263e+000
    endloop
  endfacet
  facet normal -8.984502e-003 -7.070782e-001 -7.070783e-001
    outer loop
      vertex -1.636326e+001  2.119830e+000  4.575263e+000
      vertex -1.400000e+001  2.165064e+000  4.500000e+000
      vertex -1.400000e+001  1.250000e+000  5.415063e+000
    endloop
  endfacet
  facet normal -4.982222e-003 -7.015439e-001 -7.126089e-001
    outer loop
      vertex -1.636326e+001  2.119830e+000  4.575263e+000
      vertex -1.400000e+001  1.250000e+000  5.415063e+000
      vertex -1.644922e+001  1.293509e+000  5.389353e+000
    endloop
  endfacet
  facet normal  4.532394e-003 -9.135377e-001  4.067286e-001
    outer loop
      vertex -1.636326e+001  2.119830e+000  1.924737e+000
      vertex -1.400000e+001  2.165064e+000  2.000000e+000
      vertex -1.632409e+001  2.402950e+000  2.560206e+000
    endloop
  endfacet
  facet normal -3.645827e-002 -9.652836e-001  2.586469e-001
    outer loop
      vertex -1.632409e+001  2.402950e+000  2.560206e+000
      vertex -1.400000e+001  2.165064e+000  2.000000e+000
      vertex -1.400000e+001  2.500000e+000  3.250000e+000
    endloop
  endfacet
  facet normal  0.000000e+000 -9.902471e-001  1.393222e-001
    outer loop
      vertex -1.632409e+001  2.402950e+000  2.560206e+000
      vertex -1.400000e+001  2.500000e+000  3.250000e+000
      vertex -1.630951e+001  2.500000e+000  3.250000e+000
    endloop
  endfacet
  facet normal -8.641193e-002 -4.042792e-001  9.105445e-001
    outer loop
      vertex -1.636344e+001  8.052548e-001  8.832375e-001
      vertex -1.400000e+001 -4.592274e-016  7.500000e-001
      vertex -1.646398e+001  1.089725e+000  1.000000e+000
    endloop
  endfacet
  facet normal -1.645900e-002 -2.587840e-001  9.657950e-001
    outer loop
      vertex -1.646398e+001  1.089725e+000  1.000000e+000
      vertex -1.400000e+001 -4.592274e-016  7.500000e-001
      vertex -1.400000e+001  1.250000e+000  1.084936e+000
    endloop
  endfacet
  facet normal  7.476025e-004 -4.772022e-001  8.787932e-001
    outer loop
      vertex -1.646398e+001  1.089725e+000  1.000000e+000
      vertex -1.400000e+001  1.250000e+000  1.084936e+000
      vertex -1.644922e+001  1.293509e+000  1.110647e+000
    endloop
  endfacet
  facet normal -5.138733e-003 -7.070974e-001  7.070975e-001
    outer loop
      vertex -1.644922e+001  1.293509e+000  1.110647e+000
      vertex -1.400000e+001  1.250000e+000  1.084936e+000
      vertex -1.400000e+001  2.165064e+000  2.000000e+000
    endloop
  endfacet
  facet normal -9.277767e-003 -7.012954e-001  7.128103e-001
    outer loop
      vertex -1.644922e+001  1.293509e+000  1.110647e+000
      vertex -1.400000e+001  2.165064e+000  2.000000e+000
      vertex -1.636326e+001  2.119830e+000  1.924737e+000
    endloop
  endfacet
  facet normal  7.093132e-016 -1.632407e-001  9.865863e-001
    outer loop
      vertex -1.636344e+001  8.052548e-001  8.832375e-001
      vertex -1.625000e+001 -1.023593e-014  7.500000e-001
      vertex -1.400000e+001 -4.592274e-016  7.500000e-001
    endloop
  endfacet
  facet normal -7.093132e-016  1.632407e-001  9.865863e-001
    outer loop
      vertex -1.400000e+001 -4.592274e-016  7.500000e-001
      vertex -1.625000e+001 -1.023593e-014  7.500000e-001
      vertex -1.636344e+001 -8.052548e-001  8.832375e-001
    endloop
  endfacet
  facet normal -3.371041e-002  2.586719e-001  9.653769e-001
    outer loop
      vertex -1.400000e+001 -4.592274e-016  7.500000e-001
      vertex -1.636344e+001 -8.052548e-001  8.832375e-001
      vertex -1.400000e+001 -1.250000e+000  1.084936e+000
    endloop
  endfacet
  facet normal -7.021703e-003  3.818280e-001  9.242067e-001
    outer loop
      vertex -1.400000e+001 -1.250000e+000  1.084936e+000
      vertex -1.636344e+001 -8.052548e-001  8.832375e-001
      vertex -1.646398e+001 -1.089725e+000  1.000000e+000
    endloop
  endfacet
  facet normal  7.476025e-004  4.772022e-001  8.787932e-001
    outer loop
      vertex -1.400000e+001 -1.250000e+000  1.084936e+000
      vertex -1.646398e+001 -1.089725e+000  1.000000e+000
      vertex -1.644922e+001 -1.293509e+000  1.110647e+000
    endloop
  endfacet
  facet normal  0.000000e+000  9.902471e-001  1.393222e-001
    outer loop
      vertex -1.630951e+001 -2.500000e+000  3.250000e+000
      vertex -1.400000e+001 -2.500000e+000  3.250000e+000
      vertex -1.632409e+001 -2.402950e+000  2.560206e+000
    endloop
  endfacet
  facet normal -3.645827e-002  9.652836e-001  2.586469e-001
    outer loop
      vertex -1.632409e+001 -2.402950e+000  2.560206e+000
      vertex -1.400000e+001 -2.500000e+000  3.250000e+000
      vertex -1.400000e+001 -2.165064e+000  2.000000e+000
    endloop
  endfacet
  facet normal  4.532394e-003  9.135377e-001  4.067286e-001
    outer loop
      vertex -1.632409e+001 -2.402950e+000  2.560206e+000
      vertex -1.400000e+001 -2.165064e+000  2.000000e+000
      vertex -1.636326e+001 -2.119830e+000  1.924737e+000
    endloop
  endfacet
  facet normal -8.984537e-003  7.070782e-001  7.070783e-001
    outer loop
      vertex -1.636326e+001 -2.119830e+000  1.924737e+000
      vertex -1.400000e+001 -2.165064e+000  2.000000e+000
      vertex -1.400000e+001 -1.250000e+000  1.084936e+000
    endloop
  endfacet
  facet normal -4.982222e-003  7.015439e-001  7.126089e-001
    outer loop
      vertex -1.636326e+001 -2.119830e+000  1.924737e+000
      vertex -1.400000e+001 -1.250000e+000  1.084936e+000
      vertex -1.644922e+001 -1.293509e+000  1.110647e+000
    endloop
  endfacet
  facet normal -9.999999e-001  0.000000e+000  0.000000e+000
    outer loop
      vertex -1.400000e+001 -4.944272e-001  4.771690e+000
      vertex -1.400000e+001 -2.165064e+000  4.500000e+000
      vertex -1.400000e+001 -1.250000e+000  5.415063e+000
    endloop
  endfacet
  facet normal -9.999999e-001  0.000000e+000  0.000000e+000
    outer loop
      vertex -1.400000e+001 -4.944272e-001  1.728310e+000
      vertex -1.400000e+001 -2.165064e+000  2.000000e+000
      vertex -1.400000e+001 -1.294427e+000  2.309544e+000
    endloop
  endfacet
  facet normal -1.000000e+000  0.000000e+000  0.000000e+000
    outer loop
      vertex -1.400000e+001  2.165064e+000  2.000000e+000
      vertex -1.400000e+001  1.250000e+000  1.084936e+000
      vertex -1.400000e+001  4.944272e-001  1.728310e+000
    endloop
  endfacet
  facet normal -1.000000e+000  0.000000e+000  -0.000000e+000
    outer loop
      vertex -1.400000e+001  4.944272e-001  1.728310e+000
      vertex -1.400000e+001  1.250000e+000  1.084936e+000
      vertex -1.400000e+001 -4.592274e-016  7.500000e-001
    endloop
  endfacet
  facet normal -1.000000e+000  0.000000e+000  0.000000e+000
    outer loop
      vertex -1.400000e+001  4.944272e-001  1.728310e+000
      vertex -1.400000e+001 -4.592274e-016  7.500000e-001
      vertex -1.400000e+001 -4.944272e-001  1.728310e+000
    endloop
  endfacet
  facet normal -1.000000e+000  0.000000e+000  -0.000000e+000
    outer loop
      vertex -1.400000e+001 -4.944272e-001  1.728310e+000
      vertex -1.400000e+001 -4.592274e-016  7.500000e-001
      vertex -1.400000e+001 -1.250000e+000  1.084936e+000
    endloop
  endfacet
  facet normal -1.000000e+000  0.000000e+000  0.000000e+000
    outer loop
      vertex -1.400000e+001 -4.944272e-001  1.728310e+000
      vertex -1.400000e+001 -1.250000e+000  1.084936e+000
      vertex -1.400000e+001 -2.165064e+000  2.000000e+000
    endloop
  endfacet
  facet normal -1.000000e+000  0.000000e+000  0.000000e+000
    outer loop
      vertex -1.400000e+001 -1.250000e+000  5.415063e+000
      vertex -1.400000e+001  1.530758e-016  5.750000e+000
      vertex -1.400000e+001 -4.944272e-001  4.771690e+000
    endloop
  endfacet
  facet normal -9.999999e-001  0.000000e+000  0.000000e+000
    outer loop
      vertex -1.400000e+001 -4.944272e-001  4.771690e+000
      vertex -1.400000e+001  1.530758e-016  5.750000e+000
      vertex -1.400000e+001  1.250000e+000  5.415063e+000
    endloop
  endfacet
  facet normal -1.000000e+000  0.000000e+000  0.000000e+000
    outer loop
      vertex -1.400000e+001 -4.944272e-001  4.771690e+000
      vertex -1.400000e+001  1.250000e+000  5.415063e+000
      vertex -1.400000e+001  4.944272e-001  4.771690e+000
    endloop
  endfacet
  facet normal -9.999999e-001  0.000000e+000  0.000000e+000
    outer loop
      vertex -1.400000e+001  4.944272e-001  4.771690e+000
      vertex -1.400000e+001  1.250000e+000  5.415063e+000
      vertex -1.400000e+001  2.165064e+000  4.500000e+000
    endloop
  endfacet
  facet normal -9.999999e-001  -0.000000e+000  0.000000e+000
    outer loop
      vertex -1.400000e+001  4.944272e-001  4.771690e+000
      vertex -1.400000e+001  2.165064e+000  4.500000e+000
      vertex -1.400000e+001  1.294427e+000  4.190456e+000
    endloop
  endfacet
  facet normal -9.999999e-001  0.000000e+000  0.000000e+000
    outer loop
      vertex -1.400000e+001 -4.944272e-001  4.771690e+000
      vertex -1.400000e+001 -1.294427e+000  4.190456e+000
      vertex -1.400000e+001 -2.165064e+000  4.500000e+000
    endloop
  endfacet
  facet normal -1.000000e+000  0.000000e+000  0.000000e+000
    outer loop
      vertex -1.400000e+001 -2.165064e+000  4.500000e+000
      vertex -1.400000e+001 -1.294427e+000  4.190456e+000
      vertex -1.400000e+001 -1.600000e+000  3.250000e+000
    endloop
  endfacet
  facet normal -1.000000e+000  0.000000e+000  0.000000e+000
    outer loop
      vertex -1.400000e+001 -2.165064e+000  4.500000e+000
      vertex -1.400000e+001 -1.600000e+000  3.250000e+000
      vertex -1.400000e+001 -2.500000e+000  3.250000e+000
    endloop
  endfacet
  facet normal -9.999999e-001  0.000000e+000  0.000000e+000
    outer loop
      vertex -1.400000e+001 -2.500000e+000  3.250000e+000
      vertex -1.400000e+001 -1.600000e+000  3.250000e+000
      vertex -1.400000e+001 -1.294427e+000  2.309544e+000
    endloop
  endfacet
  facet normal -1.000000e+000  -0.000000e+000  0.000000e+000
    outer loop
      vertex -1.400000e+001 -2.500000e+000  3.250000e+000
      vertex -1.400000e+001 -1.294427e+000  2.309544e+000
      vertex -1.400000e+001 -2.165064e+000  2.000000e+000
    endloop
  endfacet
  facet normal -9.999999e-001  0.000000e+000  -0.000000e+000
    outer loop
      vertex -1.400000e+001  4.944272e-001  1.728310e+000
      vertex -1.400000e+001  1.294427e+000  2.309544e+000
      vertex -1.400000e+001  2.165064e+000  2.000000e+000
    endloop
  endfacet
  facet normal -1.000000e+000  0.000000e+000  0.000000e+000
    outer loop
      vertex -1.400000e+001  2.165064e+000  2.000000e+000
      vertex -1.400000e+001  1.294427e+000  2.309544e+000
      vertex -1.400000e+001  1.600000e+000  3.250000e+000
    endloop
  endfacet
  facet normal -1.000000e+000  0.000000e+000  0.000000e+000
    outer loop
      vertex -1.400000e+001  2.165064e+000  2.000000e+000
      vertex -1.400000e+001  1.600000e+000  3.250000e+000
      vertex -1.400000e+001  2.500000e+000  3.250000e+000
    endloop
  endfacet
  facet normal -9.999999e-001  0.000000e+000  0.000000e+000
    outer loop
      vertex -1.400000e+001  2.500000e+000  3.250000e+000
      vertex -1.400000e+001  1.600000e+000  3.250000e+000
      vertex -1.400000e+001  1.294427e+000  4.190456e+000
    endloop
  endfacet
  facet normal -1.000000e+000  0.000000e+000  0.000000e+000
    outer loop
      vertex -1.400000e+001  2.500000e+000  3.250000e+000
      vertex -1.400000e+001  1.294427e+000  4.190456e+000
      vertex -1.400000e+001  2.165064e+000  4.500000e+000
    endloop
  endfacet
  facet normal -9.693230e-001 -2.427667e-001 -3.843436e-002
    outer loop
      vertex  1.247854e+001  1.337371e+000  4.128316e+000
      vertex  1.218532e+001  3.003412e+000  1.000000e+000
      vertex  1.244759e+001  1.600000e+000  3.250000e+000
    endloop
  endfacet
  facet normal -9.997631e-001 -2.176749e-002  0.000000e+000
    outer loop
      vertex  1.255000e+001  0.000000e+000  1.650000e+000
      vertex  1.253811e+001  5.462044e-001  1.746118e+000
      vertex  1.255000e+001 -2.536704e-014  1.000000e+000
    endloop
  endfacet
  facet normal -9.905664e-001 -1.202766e-001 -6.566221e-002
    outer loop
      vertex  1.255000e+001 -2.536704e-014  5.500000e+000
      vertex  1.218532e+001  3.003412e+000  5.500000e+000
      vertex  1.247854e+001  1.337371e+000  4.128316e+000
    endloop
  endfacet
  facet normal -9.849426e-001 -1.466049e-001 -9.162491e-002
    outer loop
      vertex  1.255000e+001 -2.536704e-014  5.500000e+000
      vertex  1.247854e+001  1.337371e+000  4.128316e+000
      vertex  1.253811e+001  5.462044e-001  4.753882e+000
    endloop
  endfacet
  facet normal -9.997630e-001 -2.176749e-002  0.000000e+000
    outer loop
      vertex  1.255000e+001 -2.536704e-014  5.500000e+000
      vertex  1.253811e+001  5.462044e-001  4.753882e+000
      vertex  1.255000e+001  0.000000e+000  4.850000e+000
    endloop
  endfacet
  facet normal  9.927089e-001 -1.205367e-001  0.000000e+000
    outer loop
      vertex -1.218532e+001  3.003412e+000  5.500000e+000
      vertex -1.255000e+001  1.536881e-015  5.500000e+000
      vertex -1.255000e+001  1.536881e-015  4.850000e+000
    endloop
  endfacet
  facet normal  9.672299e-001 -6.428368e-002 -2.456297e-001
    outer loop
      vertex -1.218532e+001  3.003412e+000  5.500000e+000
      vertex -1.255000e+001  1.536881e-015  4.850000e+000
      vertex -1.253811e+001  5.462044e-001  4.753882e+000
    endloop
  endfacet
  facet normal  9.904268e-001 -1.234337e-001 -6.179764e-002
    outer loop
      vertex -1.218532e+001  3.003412e+000  5.500000e+000
      vertex -1.253811e+001  5.462044e-001  4.753882e+000
      vertex -1.247854e+001  1.337371e+000  4.128316e+000
    endloop
  endfacet
  facet normal  9.866434e-001 -1.623124e-001 -1.376702e-002
    outer loop
      vertex -1.218532e+001  3.003412e+000  5.500000e+000
      vertex -1.247854e+001  1.337371e+000  4.128316e+000
      vertex -1.244759e+001  1.600000e+000  3.250000e+000
    endloop
  endfacet
  facet normal  9.693230e-001 -2.427667e-001  3.843436e-002
    outer loop
      vertex -1.218532e+001  3.003412e+000  5.500000e+000
      vertex -1.244759e+001  1.600000e+000  3.250000e+000
      vertex -1.247854e+001  1.337371e+000  2.371684e+000
    endloop
  endfacet
  facet normal  9.848631e-001 -1.733338e-001  0.000000e+000
    outer loop
      vertex -1.218532e+001  3.003412e+000  5.500000e+000
      vertex -1.247854e+001  1.337371e+000  2.371684e+000
      vertex -1.218532e+001  3.003412e+000  1.000000e+000
    endloop
  endfacet
  facet normal  9.904268e-001 -1.234337e-001  6.179764e-002
    outer loop
      vertex -1.247854e+001  1.337371e+000  2.371684e+000
      vertex -1.253811e+001  5.462044e-001  1.746118e+000
      vertex -1.218532e+001  3.003412e+000  1.000000e+000
    endloop
  endfacet
  facet normal  9.672300e-001 -6.428374e-002  2.456296e-001
    outer loop
      vertex -1.218532e+001  3.003412e+000  1.000000e+000
      vertex -1.253811e+001  5.462044e-001  1.746118e+000
      vertex -1.255000e+001  1.536881e-015  1.650000e+000
    endloop
  endfacet
  facet normal  9.927089e-001 -1.205367e-001  0.000000e+000
    outer loop
      vertex -1.218532e+001  3.003412e+000  1.000000e+000
      vertex -1.255000e+001  1.536881e-015  1.650000e+000
      vertex -1.255000e+001  1.536881e-015  1.000000e+000
    endloop
  endfacet
  facet normal -9.848631e-001 -1.733338e-001  -0.000000e+000
    outer loop
      vertex  1.247854e+001  1.337371e+000  4.128316e+000
      vertex  1.218532e+001  3.003412e+000  5.500000e+000
      vertex  1.218532e+001  3.003412e+000  1.000000e+000
    endloop
  endfacet
  facet normal -9.350163e-001 -3.546048e-001  0.000000e+000
    outer loop
      vertex  1.218532e+001  3.003412e+000  1.000000e+000
      vertex  1.218532e+001  3.003412e+000  5.500000e+000
      vertex  1.111247e+001  5.832276e+000  5.500000e+000
    endloop
  endfacet
  facet normal -9.350163e-001 -3.546048e-001  -0.000000e+000
    outer loop
      vertex  1.218532e+001  3.003412e+000  1.000000e+000
      vertex  1.111247e+001  5.832276e+000  5.500000e+000
      vertex  1.111247e+001  5.832276e+000  1.000000e+000
    endloop
  endfacet
  facet normal -8.229838e-001 -5.680647e-001  0.000000e+000
    outer loop
      vertex  1.111247e+001  5.832276e+000  1.000000e+000
      vertex  1.111247e+001  5.832276e+000  5.500000e+000
      vertex  9.393810e+000  8.322189e+000  5.500000e+000
    endloop
  endfacet
  facet normal -8.229838e-001 -5.680647e-001  -0.000000e+000
    outer loop
      vertex  1.111247e+001  5.832276e+000  1.000000e+000
      vertex  9.393810e+000  8.322189e+000  5.500000e+000
      vertex  9.393810e+000  8.322189e+000  1.000000e+000
    endloop
  endfacet
  facet normal -6.631225e-001 -7.485109e-001  0.000000e+000
    outer loop
      vertex  9.393810e+000  8.322189e+000  1.000000e+000
      vertex  9.393810e+000  8.322189e+000  5.500000e+000
      vertex  7.129212e+000  1.032845e+001  5.500000e+000
    endloop
  endfacet
  facet normal -6.631225e-001 -7.485109e-001  -0.000000e+000
    outer loop
      vertex  9.393810e+000  8.322189e+000  1.000000e+000
      vertex  7.129212e+000  1.032845e+001  5.500000e+000
      vertex  7.129212e+000  1.032845e+001  1.000000e+000
    endloop
  endfacet
  facet normal -4.647233e-001 -8.854559e-001  0.000000e+000
    outer loop
      vertex  7.129212e+000  1.032845e+001  1.000000e+000
      vertex  7.129212e+000  1.032845e+001  5.500000e+000
      vertex  4.450291e+000  1.173445e+001  5.500000e+000
    endloop
  endfacet
  facet normal -4.647233e-001 -8.854559e-001  -0.000000e+000
    outer loop
      vertex  7.129212e+000  1.032845e+001  1.000000e+000
      vertex  4.450291e+000  1.173445e+001  5.500000e+000
      vertex  4.450291e+000  1.173445e+001  1.000000e+000
    endloop
  endfacet
  facet normal -2.393155e-001 -9.709418e-001  0.000000e+000
    outer loop
      vertex  4.450291e+000  1.173445e+001  1.000000e+000
      vertex  4.450291e+000  1.173445e+001  5.500000e+000
      vertex  1.512735e+000  1.245850e+001  5.500000e+000
    endloop
  endfacet
  facet normal -2.393155e-001 -9.709418e-001  -0.000000e+000
    outer loop
      vertex  4.450291e+000  1.173445e+001  1.000000e+000
      vertex  1.512735e+000  1.245850e+001  5.500000e+000
      vertex  1.512735e+000  1.245850e+001  1.000000e+000
    endloop
  endfacet
  facet normal  0.000000e+000 -1.000000e+000  0.000000e+000
    outer loop
      vertex  1.512735e+000  1.245850e+001  1.000000e+000
      vertex  1.512735e+000  1.245850e+001  5.500000e+000
      vertex -1.512735e+000  1.245850e+001  5.500000e+000
    endloop
  endfacet
  facet normal  0.000000e+000 -1.000000e+000  0.000000e+000
    outer loop
      vertex  1.512735e+000  1.245850e+001  1.000000e+000
      vertex -1.512735e+000  1.245850e+001  5.500000e+000
      vertex -1.512735e+000  1.245850e+001  1.000000e+000
    endloop
  endfacet
  facet normal  2.393155e-001 -9.709418e-001  0.000000e+000
    outer loop
      vertex -1.512735e+000  1.245850e+001  1.000000e+000
      vertex -1.512735e+000  1.245850e+001  5.500000e+000
      vertex -4.450291e+000  1.173445e+001  5.500000e+000
    endloop
  endfacet
  facet normal  2.393155e-001 -9.709418e-001  0.000000e+000
    outer loop
      vertex -1.512735e+000  1.245850e+001  1.000000e+000
      vertex -4.450291e+000  1.173445e+001  5.500000e+000
      vertex -4.450291e+000  1.173445e+001  1.000000e+000
    endloop
  endfacet
  facet normal  4.647233e-001 -8.854559e-001  0.000000e+000
    outer loop
      vertex -4.450291e+000  1.173445e+001  1.000000e+000
      vertex -4.450291e+000  1.173445e+001  5.500000e+000
      vertex -7.129212e+000  1.032845e+001  5.500000e+000
    endloop
  endfacet
  facet normal  4.647233e-001 -8.854559e-001  0.000000e+000
    outer loop
      vertex -4.450291e+000  1.173445e+001  1.000000e+000
      vertex -7.129212e+000  1.032845e+001  5.500000e+000
      vertex -7.129212e+000  1.032845e+001  1.000000e+000
    endloop
  endfacet
  facet normal  6.631225e-001 -7.485109e-001  0.000000e+000
    outer loop
      vertex -7.129212e+000  1.032845e+001  1.000000e+000
      vertex -7.129212e+000  1.032845e+001  5.500000e+000
      vertex -9.393810e+000  8.322189e+000  5.500000e+000
    endloop
  endfacet
  facet normal  6.631225e-001 -7.485109e-001  0.000000e+000
    outer loop
      vertex -7.129212e+000  1.032845e+001  1.000000e+000
      vertex -9.393810e+000  8.322189e+000  5.500000e+000
      vertex -9.393810e+000  8.322189e+000  1.000000e+000
    endloop
  endfacet
  facet normal  8.229838e-001 -5.680647e-001  0.000000e+000
    outer loop
      vertex -9.393810e+000  8.322189e+000  1.000000e+000
      vertex -9.393810e+000  8.322189e+000  5.500000e+000
      vertex -1.111247e+001  5.832276e+000  5.500000e+000
    endloop
  endfacet
  facet normal  8.229838e-001 -5.680647e-001  0.000000e+000
    outer loop
      vertex -9.393810e+000  8.322189e+000  1.000000e+000
      vertex -1.111247e+001  5.832276e+000  5.500000e+000
      vertex -1.111247e+001  5.832276e+000  1.000000e+000
    endloop
  endfacet
  facet normal  9.350163e-001 -3.546048e-001  0.000000e+000
    outer loop
      vertex -1.111247e+001  5.832276e+000  1.000000e+000
      vertex -1.111247e+001  5.832276e+000  5.500000e+000
      vertex -1.218532e+001  3.003412e+000  5.500000e+000
    endloop
  endfacet
  facet normal  9.350163e-001 -3.546048e-001  0.000000e+000
    outer loop
      vertex -1.111247e+001  5.832276e+000  1.000000e+000
      vertex -1.218532e+001  3.003412e+000  5.500000e+000
      vertex -1.218532e+001  3.003412e+000  1.000000e+000
    endloop
  endfacet
  facet normal -9.866434e-001 -1.623124e-001  1.376702e-002
    outer loop
      vertex  1.244759e+001  1.600000e+000  3.250000e+000
      vertex  1.218532e+001  3.003412e+000  1.000000e+000
      vertex  1.247854e+001  1.337371e+000  2.371684e+000
    endloop
  endfacet
  facet normal -9.905664e-001 -1.202766e-001  6.566221e-002
    outer loop
      vertex  1.247854e+001  1.337371e+000  2.371684e+000
      vertex  1.218532e+001  3.003412e+000  1.000000e+000
      vertex  1.255000e+001 -2.536704e-014  1.000000e+000
    endloop
  endfacet
  facet normal -9.849426e-001 -1.466049e-001  9.162491e-002
    outer loop
      vertex  1.247854e+001  1.337371e+000  2.371684e+000
      vertex  1.255000e+001 -2.536704e-014  1.000000e+000
      vertex  1.253811e+001  5.462044e-001  1.746118e+000
    endloop
  endfacet
  facet normal  9.693230e-001  2.427667e-001 -3.843436e-002
    outer loop
      vertex -1.247854e+001 -1.337371e+000  4.128316e+000
      vertex -1.218532e+001 -3.003412e+000  1.000000e+000
      vertex -1.244759e+001 -1.600000e+000  3.250000e+000
    endloop
  endfacet
  facet normal  9.997631e-001  2.176749e-002  0.000000e+000
    outer loop
      vertex -1.255000e+001  1.536881e-015  1.650000e+000
      vertex -1.253811e+001 -5.462044e-001  1.746118e+000
      vertex -1.255000e+001  1.536881e-015  1.000000e+000
    endloop
  endfacet
  facet normal  9.905664e-001  1.202766e-001 -6.566221e-002
    outer loop
      vertex -1.255000e+001  1.536881e-015  5.500000e+000
      vertex -1.218532e+001 -3.003412e+000  5.500000e+000
      vertex -1.247854e+001 -1.337371e+000  4.128316e+000
    endloop
  endfacet
  facet normal  9.849426e-001  1.466049e-001 -9.162491e-002
    outer loop
      vertex -1.255000e+001  1.536881e-015  5.500000e+000
      vertex -1.247854e+001 -1.337371e+000  4.128316e+000
      vertex -1.253811e+001 -5.462044e-001  4.753882e+000
    endloop
  endfacet
  facet normal  9.997630e-001  2.176749e-002  0.000000e+000
    outer loop
      vertex -1.255000e+001  1.536881e-015  5.500000e+000
      vertex -1.253811e+001 -5.462044e-001  4.753882e+000
      vertex -1.255000e+001  1.536881e-015  4.850000e+000
    endloop
  endfacet
  facet normal -9.829823e-001  1.837000e-001  0.000000e+000
    outer loop
      vertex  1.218532e+001 -3.003412e+000  1.000000e+000
      vertex  1.218532e+001 -3.003412e+000  5.500000e+000
      vertex  1.244759e+001 -1.600000e+000  3.250000e+000
    endloop
  endfacet
  facet normal -9.866434e-001  1.623124e-001  1.376702e-002
    outer loop
      vertex  1.218532e+001 -3.003412e+000  1.000000e+000
      vertex  1.244759e+001 -1.600000e+000  3.250000e+000
      vertex  1.247854e+001 -1.337371e+000  2.371684e+000
    endloop
  endfacet
  facet normal -9.904268e-001  1.234338e-001  6.179764e-002
    outer loop
      vertex  1.218532e+001 -3.003412e+000  1.000000e+000
      vertex  1.247854e+001 -1.337371e+000  2.371684e+000
      vertex  1.253811e+001 -5.462044e-001  1.746118e+000
    endloop
  endfacet
  facet normal -9.672299e-001  6.428372e-002  2.456296e-001
    outer loop
      vertex  1.218532e+001 -3.003412e+000  1.000000e+000
      vertex  1.253811e+001 -5.462044e-001  1.746118e+000
      vertex  1.255000e+001  0.000000e+000  1.650000e+000
    endloop
  endfacet
  facet normal -9.927089e-001  1.205367e-001 -4.704092e-015
    outer loop
      vertex  1.218532e+001 -3.003412e+000  1.000000e+000
      vertex  1.255000e+001  0.000000e+000  1.650000e+000
      vertex  1.255000e+001 -2.536704e-014  1.000000e+000
    endloop
  endfacet
  facet normal -9.927089e-001  1.205367e-001  4.704091e-015
    outer loop
      vertex  1.218532e+001 -3.003412e+000  5.500000e+000
      vertex  1.255000e+001 -2.536704e-014  5.500000e+000
      vertex  1.255000e+001  0.000000e+000  4.850000e+000
    endloop
  endfacet
  facet normal -9.672299e-001  6.428368e-002 -2.456297e-001
    outer loop
      vertex  1.218532e+001 -3.003412e+000  5.500000e+000
      vertex  1.255000e+001  0.000000e+000  4.850000e+000
      vertex  1.253811e+001 -5.462044e-001  4.753882e+000
    endloop
  endfacet
  facet normal -9.904268e-001  1.234337e-001 -6.179764e-002
    outer loop
      vertex  1.218532e+001 -3.003412e+000  5.500000e+000
      vertex  1.253811e+001 -5.462044e-001  4.753882e+000
      vertex  1.247854e+001 -1.337371e+000  4.128316e+000
    endloop
  endfacet
  facet normal -9.866434e-001  1.623124e-001 -1.376702e-002
    outer loop
      vertex  1.218532e+001 -3.003412e+000  5.500000e+000
      vertex  1.247854e+001 -1.337371e+000  4.128316e+000
      vertex  1.244759e+001 -1.600000e+000  3.250000e+000
    endloop
  endfacet
  facet normal  9.848631e-001  1.733338e-001  0.000000e+000
    outer loop
      vertex -1.247854e+001 -1.337371e+000  4.128316e+000
      vertex -1.218532e+001 -3.003412e+000  5.500000e+000
      vertex -1.218532e+001 -3.003412e+000  1.000000e+000
    endloop
  endfacet
  facet normal  9.350163e-001  3.546048e-001  -0.000000e+000
    outer loop
      vertex -1.218532e+001 -3.003412e+000  1.000000e+000
      vertex -1.218532e+001 -3.003412e+000  5.500000e+000
      vertex -1.111247e+001 -5.832276e+000  5.500000e+000
    endloop
  endfacet
  facet normal  9.350163e-001  3.546048e-001  0.000000e+000
    outer loop
      vertex -1.218532e+001 -3.003412e+000  1.000000e+000
      vertex -1.111247e+001 -5.832276e+000  5.500000e+000
      vertex -1.111247e+001 -5.832276e+000  1.000000e+000
    endloop
  endfacet
  facet normal  8.229838e-001  5.680647e-001  -0.000000e+000
    outer loop
      vertex -1.111247e+001 -5.832276e+000  1.000000e+000
      vertex -1.111247e+001 -5.832276e+000  5.500000e+000
      vertex -9.393810e+000 -8.322189e+000  5.500000e+000
    endloop
  endfacet
  facet normal  8.229838e-001  5.680647e-001  0.000000e+000
    outer loop
      vertex -1.111247e+001 -5.832276e+000  1.000000e+000
      vertex -9.393810e+000 -8.322189e+000  5.500000e+000
      vertex -9.393810e+000 -8.322189e+000  1.000000e+000
    endloop
  endfacet
  facet normal  6.631225e-001  7.485109e-001  -0.000000e+000
    outer loop
      vertex -9.393810e+000 -8.322189e+000  1.000000e+000
      vertex -9.393810e+000 -8.322189e+000  5.500000e+000
      vertex -7.129212e+000 -1.032845e+001  5.500000e+000
    endloop
  endfacet
  facet normal  6.631225e-001  7.485109e-001  0.000000e+000
    outer loop
      vertex -9.393810e+000 -8.322189e+000  1.000000e+000
      vertex -7.129212e+000 -1.032845e+001  5.500000e+000
      vertex -7.129212e+000 -1.032845e+001  1.000000e+000
    endloop
  endfacet
  facet normal  4.647233e-001  8.854559e-001  -0.000000e+000
    outer loop
      vertex -7.129212e+000 -1.032845e+001  1.000000e+000
      vertex -7.129212e+000 -1.032845e+001  5.500000e+000
      vertex -4.450291e+000 -1.173445e+001  5.500000e+000
    endloop
  endfacet
  facet normal  4.647233e-001  8.854559e-001  0.000000e+000
    outer loop
      vertex -7.129212e+000 -1.032845e+001  1.000000e+000
      vertex -4.450291e+000 -1.173445e+001  5.500000e+000
      vertex -4.450291e+000 -1.173445e+001  1.000000e+000
    endloop
  endfacet
  facet normal  2.393155e-001  9.709418e-001  -0.000000e+000
    outer loop
      vertex -4.450291e+000 -1.173445e+001  1.000000e+000
      vertex -4.450291e+000 -1.173445e+001  5.500000e+000
      vertex -1.512735e+000 -1.245850e+001  5.500000e+000
    endloop
  endfacet
  facet normal  2.393155e-001  9.709418e-001  0.000000e+000
    outer loop
      vertex -4.450291e+000 -1.173445e+001  1.000000e+000
      vertex -1.512735e+000 -1.245850e+001  5.500000e+000
      vertex -1.512735e+000 -1.245850e+001  1.000000e+000
    endloop
  endfacet
  facet normal  0.000000e+000  1.000000e+000  0.000000e+000
    outer loop
      vertex -1.512735e+000 -1.245850e+001  1.000000e+000
      vertex -1.512735e+000 -1.245850e+001  5.500000e+000
      vertex  1.512735e+000 -1.245850e+001  5.500000e+000
    endloop
  endfacet
  facet normal  0.000000e+000  1.000000e+000  0.000000e+000
    outer loop
      vertex -1.512735e+000 -1.245850e+001  1.000000e+000
      vertex  1.512735e+000 -1.245850e+001  5.500000e+000
      vertex  1.512735e+000 -1.245850e+001  1.000000e+000
    endloop
  endfacet
  facet normal -2.393155e-001  9.709418e-001  0.000000e+000
    outer loop
      vertex  1.512735e+000 -1.245850e+001  1.000000e+000
      vertex  1.512735e+000 -1.245850e+001  5.500000e+000
      vertex  4.450291e+000 -1.173445e+001  5.500000e+000
    endloop
  endfacet
  facet normal -2.393155e-001  9.709418e-001  0.000000e+000
    outer loop
      vertex  1.512735e+000 -1.245850e+001  1.000000e+000
      vertex  4.450291e+000 -1.173445e+001  5.500000e+000
      vertex  4.450291e+000 -1.173445e+001  1.000000e+000
    endloop
  endfacet
  facet normal -4.647233e-001  8.854559e-001  0.000000e+000
    outer loop
      vertex  4.450291e+000 -1.173445e+001  1.000000e+000
      vertex  4.450291e+000 -1.173445e+001  5.500000e+000
      vertex  7.129212e+000 -1.032845e+001  5.500000e+000
    endloop
  endfacet
  facet normal -4.647233e-001  8.854559e-001  0.000000e+000
    outer loop
      vertex  4.450291e+000 -1.173445e+001  1.000000e+000
      vertex  7.129212e+000 -1.032845e+001  5.500000e+000
      vertex  7.129212e+000 -1.032845e+001  1.000000e+000
    endloop
  endfacet
  facet normal -6.631225e-001  7.485109e-001  0.000000e+000
    outer loop
      vertex  7.129212e+000 -1.032845e+001  1.000000e+000
      vertex  7.129212e+000 -1.032845e+001  5.500000e+000
      vertex  9.393810e+000 -8.322189e+000  5.500000e+000
    endloop
  endfacet
  facet normal -6.631225e-001  7.485109e-001  0.000000e+000
    outer loop
      vertex  7.129212e+000 -1.032845e+001  1.000000e+000
      vertex  9.393810e+000 -8.322189e+000  5.500000e+000
      vertex  9.393810e+000 -8.322189e+000  1.000000e+000
    endloop
  endfacet
  facet normal -8.229838e-001  5.680647e-001  0.000000e+000
    outer loop
      vertex  9.393810e+000 -8.322189e+000  1.000000e+000
      vertex  9.393810e+000 -8.322189e+000  5.500000e+000
      vertex  1.111247e+001 -5.832276e+000  5.500000e+000
    endloop
  endfacet
  facet normal -8.229838e-001  5.680647e-001  0.000000e+000
    outer loop
      vertex  9.393810e+000 -8.322189e+000  1.000000e+000
      vertex  1.111247e+001 -5.832276e+000  5.500000e+000
      vertex  1.111247e+001 -5.832276e+000  1.000000e+000
    endloop
  endfacet
  facet normal -9.350163e-001  3.546048e-001  0.000000e+000
    outer loop
      vertex  1.111247e+001 -5.832276e+000  1.000000e+000
      vertex  1.111247e+001 -5.832276e+000  5.500000e+000
      vertex  1.218532e+001 -3.003412e+000  5.500000e+000
    endloop
  endfacet
  facet normal -9.350163e-001  3.546048e-001  0.000000e+000
    outer loop
      vertex  1.111247e+001 -5.832276e+000  1.000000e+000
      vertex  1.218532e+001 -3.003412e+000  5.500000e+000
      vertex  1.218532e+001 -3.003412e+000  1.000000e+000
    endloop
  endfacet
  facet normal  9.866434e-001  1.623124e-001  1.376702e-002
    outer loop
      vertex -1.244759e+001 -1.600000e+000  3.250000e+000
      vertex -1.218532e+001 -3.003412e+000  1.000000e+000
      vertex -1.247854e+001 -1.337371e+000  2.371684e+000
    endloop
  endfacet
  facet normal  9.905664e-001  1.202766e-001  6.566221e-002
    outer loop
      vertex -1.247854e+001 -1.337371e+000  2.371684e+000
      vertex -1.218532e+001 -3.003412e+000  1.000000e+000
      vertex -1.255000e+001  1.536881e-015  1.000000e+000
    endloop
  endfacet
  facet normal  9.849426e-001  1.466049e-001  9.162491e-002
    outer loop
      vertex -1.247854e+001 -1.337371e+000  2.371684e+000
      vertex -1.255000e+001  1.536881e-015  1.000000e+000
      vertex -1.253811e+001 -5.462044e-001  1.746118e+000
    endloop
  endfacet
  facet normal  0.000000e+000  0.000000e+000 -9.999999e-001
    outer loop
      vertex -1.702373e-015  1.355000e+001  0.000000e+000
      vertex -7.750000e+000  1.342339e+001  0.000000e+000
      vertex -4.789763e+000  1.474138e+001  0.000000e+000
    endloop
  endfacet
  facet normal  0.000000e+000  0.000000e+000 -1.000000e+000
    outer loop
      vertex -1.059382e+001  8.448287e+000  0.000000e+000
      vertex -1.253976e+001  9.110671e+000  0.000000e+000
      vertex -8.448287e+000  1.059382e+001  0.000000e+000
    endloop
  endfacet
  facet normal  0.000000e+000  0.000000e+000 -1.000000e+000
    outer loop
      vertex  3.015159e+000  1.321027e+001  0.000000e+000
      vertex -1.702373e-015  1.355000e+001  0.000000e+000
      vertex  7.750000e+000  1.342339e+001  0.000000e+000
    endloop
  endfacet
  facet normal  0.000000e+000  0.000000e+000 -9.999999e-001
    outer loop
      vertex  7.750000e+000 -1.342339e+001  0.000000e+000
      vertex  4.789763e+000 -1.474138e+001  0.000000e+000
      vertex -2.012351e-015 -1.355000e+001  0.000000e+000
    endloop
  endfacet
  facet normal  0.000000e+000  0.000000e+000 -1.000000e+000
    outer loop
      vertex -2.012351e-015 -1.355000e+001  0.000000e+000
      vertex  4.789763e+000 -1.474138e+001  0.000000e+000
      vertex  1.620191e+000 -1.541509e+001  0.000000e+000
    endloop
  endfacet
  facet normal  0.000000e+000  0.000000e+000 -1.000000e+000
    outer loop
      vertex -2.012351e-015 -1.355000e+001  0.000000e+000
      vertex  1.620191e+000 -1.541509e+001  0.000000e+000
      vertex -1.620191e+000 -1.541509e+001  0.000000e+000
    endloop
  endfacet
  facet normal  0.000000e+000  0.000000e+000 -9.999999e-001
    outer loop
      vertex  7.750000e+000  1.342339e+001  0.000000e+000
      vertex -1.702373e-015  1.355000e+001  0.000000e+000
      vertex  4.789763e+000  1.474138e+001  0.000000e+000
    endloop
  endfacet
  facet normal  -0.000000e+000  0.000000e+000 -1.000000e+000
    outer loop
      vertex  4.789763e+000  1.474138e+001  0.000000e+000
      vertex -1.702373e-015  1.355000e+001  0.000000e+000
      vertex  1.620191e+000  1.541509e+001  0.000000e+000
    endloop
  endfacet
  facet normal  0.000000e+000  0.000000e+000 -1.000000e+000
    outer loop
      vertex -1.702373e-015  1.355000e+001  0.000000e+000
      vertex -4.789763e+000  1.474138e+001  0.000000e+000
      vertex  1.620191e+000  1.541509e+001  0.000000e+000
    endloop
  endfacet
  facet normal  -0.000000e+000  0.000000e+000 -1.000000e+000
    outer loop
      vertex  1.620191e+000  1.541509e+001  0.000000e+000
      vertex -4.789763e+000  1.474138e+001  0.000000e+000
      vertex -1.620191e+000  1.541509e+001  0.000000e+000
    endloop
  endfacet
  facet normal  0.000000e+000  0.000000e+000 -1.000000e+000
    outer loop
      vertex -1.702373e-015  1.355000e+001  0.000000e+000
      vertex -3.015159e+000  1.321027e+001  0.000000e+000
      vertex -7.750000e+000  1.342339e+001  0.000000e+000
    endloop
  endfacet
  facet normal  0.000000e+000  0.000000e+000 -1.000000e+000
    outer loop
      vertex -7.750000e+000  1.342339e+001  0.000000e+000
      vertex -3.015159e+000  1.321027e+001  0.000000e+000
      vertex -5.879125e+000  1.220813e+001  0.000000e+000
    endloop
  endfacet
  facet normal  -0.000000e+000  0.000000e+000 -1.000000e+000
    outer loop
      vertex -7.750000e+000  1.342339e+001  0.000000e+000
      vertex -5.879125e+000  1.220813e+001  0.000000e+000
      vertex -1.037152e+001  1.151874e+001  0.000000e+000
    endloop
  endfacet
  facet normal  0.000000e+000  0.000000e+000 -1.000000e+000
    outer loop
      vertex -1.037152e+001  1.151874e+001  0.000000e+000
      vertex -5.879125e+000  1.220813e+001  0.000000e+000
      vertex -8.448287e+000  1.059382e+001  0.000000e+000
    endloop
  endfacet
  facet normal  -0.000000e+000  0.000000e+000 -1.000000e+000
    outer loop
      vertex -1.037152e+001  1.151874e+001  0.000000e+000
      vertex -8.448287e+000  1.059382e+001  0.000000e+000
      vertex -1.253976e+001  9.110671e+000  0.000000e+000
    endloop
  endfacet
  facet normal  0.000000e+000  0.000000e+000 -1.000000e+000
    outer loop
      vertex -5.879125e+000 -1.220813e+001  0.000000e+000
      vertex -1.037152e+001 -1.151874e+001  0.000000e+000
      vertex -8.448287e+000 -1.059382e+001  0.000000e+000
    endloop
  endfacet
  facet normal  -0.000000e+000  0.000000e+000 -1.000000e+000
    outer loop
      vertex -8.448287e+000 -1.059382e+001  0.000000e+000
      vertex -1.037152e+001 -1.151874e+001  0.000000e+000
      vertex -1.253976e+001 -9.110671e+000  0.000000e+000
    endloop
  endfacet
  facet normal  0.000000e+000  0.000000e+000 -1.000000e+000
    outer loop
      vertex -8.448287e+000 -1.059382e+001  0.000000e+000
      vertex -1.253976e+001 -9.110671e+000  0.000000e+000
      vertex -1.059382e+001 -8.448287e+000  0.000000e+000
    endloop
  endfacet
  facet normal  -0.000000e+000  0.000000e+000 -1.000000e+000
    outer loop
      vertex -1.059382e+001 -8.448287e+000  0.000000e+000
      vertex -1.253976e+001 -9.110671e+000  0.000000e+000
      vertex -1.415996e+001 -6.304418e+000  0.000000e+000
    endloop
  endfacet
  facet normal  0.000000e+000  0.000000e+000 -1.000000e+000
    outer loop
      vertex -1.059382e+001 -8.448287e+000  0.000000e+000
      vertex -1.415996e+001 -6.304418e+000  0.000000e+000
      vertex -1.220813e+001 -5.879125e+000  0.000000e+000
    endloop
  endfacet
  facet normal  -0.000000e+000  0.000000e+000 -1.000000e+000
    outer loop
      vertex -1.220813e+001 -5.879125e+000  0.000000e+000
      vertex -1.415996e+001 -6.304418e+000  0.000000e+000
      vertex -1.516129e+001 -3.222631e+000  0.000000e+000
    endloop
  endfacet
  facet normal  0.000000e+000  0.000000e+000 -1.000000e+000
    outer loop
      vertex -1.220813e+001 -5.879125e+000  0.000000e+000
      vertex -1.516129e+001 -3.222631e+000  0.000000e+000
      vertex -1.321027e+001 -3.015159e+000  0.000000e+000
    endloop
  endfacet
  facet normal  -0.000000e+000  0.000000e+000 -1.000000e+000
    outer loop
      vertex -1.321027e+001 -3.015159e+000  0.000000e+000
      vertex -1.516129e+001 -3.222631e+000  0.000000e+000
      vertex -1.550000e+001 -1.211248e-014  0.000000e+000
    endloop
  endfacet
  facet normal  0.000000e+000  0.000000e+000 -1.000000e+000
    outer loop
      vertex -1.321027e+001 -3.015159e+000  0.000000e+000
      vertex -1.550000e+001 -1.211248e-014  0.000000e+000
      vertex -1.355000e+001 -3.437382e-015  0.000000e+000
    endloop
  endfacet
  facet normal  -0.000000e+000  0.000000e+000 -1.000000e+000
    outer loop
      vertex -1.355000e+001 -3.437382e-015  0.000000e+000
      vertex -1.550000e+001 -1.211248e-014  0.000000e+000
      vertex -1.516129e+001  3.222631e+000  0.000000e+000
    endloop
  endfacet
  facet normal  0.000000e+000  0.000000e+000 -1.000000e+000
    outer loop
      vertex -1.355000e+001 -3.437382e-015  0.000000e+000
      vertex -1.516129e+001  3.222631e+000  0.000000e+000
      vertex -1.321027e+001  3.015159e+000  0.000000e+000
    endloop
  endfacet
  facet normal  0.000000e+000  0.000000e+000 -1.000000e+000
    outer loop
      vertex -1.321027e+001  3.015159e+000  0.000000e+000
      vertex -1.516129e+001  3.222631e+000  0.000000e+000
      vertex -1.415996e+001  6.304418e+000  0.000000e+000
    endloop
  endfacet
  facet normal  0.000000e+000  0.000000e+000 -1.000000e+000
    outer loop
      vertex -1.321027e+001  3.015159e+000  0.000000e+000
      vertex -1.415996e+001  6.304418e+000  0.000000e+000
      vertex -1.220813e+001  5.879125e+000  0.000000e+000
    endloop
  endfacet
  facet normal  0.000000e+000  0.000000e+000 -1.000000e+000
    outer loop
      vertex -1.220813e+001  5.879125e+000  0.000000e+000
      vertex -1.415996e+001  6.304418e+000  0.000000e+000
      vertex -1.253976e+001  9.110671e+000  0.000000e+000
    endloop
  endfacet
  facet normal  0.000000e+000  0.000000e+000 -1.000000e+000
    outer loop
      vertex -1.220813e+001  5.879125e+000  0.000000e+000
      vertex -1.253976e+001  9.110671e+000  0.000000e+000
      vertex -1.059382e+001  8.448287e+000  0.000000e+000
    endloop
  endfacet
  facet normal  0.000000e+000  0.000000e+000 -1.000000e+000
    outer loop
      vertex -1.620191e+000 -1.541509e+001  0.000000e+000
      vertex -4.789763e+000 -1.474138e+001  0.000000e+000
      vertex -2.012351e-015 -1.355000e+001  0.000000e+000
    endloop
  endfacet
  facet normal  -0.000000e+000  0.000000e+000 -9.999999e-001
    outer loop
      vertex -2.012351e-015 -1.355000e+001  0.000000e+000
      vertex -4.789763e+000 -1.474138e+001  0.000000e+000
      vertex -7.750000e+000 -1.342339e+001  0.000000e+000
    endloop
  endfacet
  facet normal  0.000000e+000  0.000000e+000 -1.000000e+000
    outer loop
      vertex -2.012351e-015 -1.355000e+001  0.000000e+000
      vertex -7.750000e+000 -1.342339e+001  0.000000e+000
      vertex -3.015159e+000 -1.321027e+001  0.000000e+000
    endloop
  endfacet
  facet normal  -0.000000e+000  0.000000e+000 -9.999999e-001
    outer loop
      vertex -3.015159e+000 -1.321027e+001  0.000000e+000
      vertex -7.750000e+000 -1.342339e+001  0.000000e+000
      vertex -1.037152e+001 -1.151874e+001  0.000000e+000
    endloop
  endfacet
  facet normal  0.000000e+000  0.000000e+000 -1.000000e+000
    outer loop
      vertex -3.015159e+000 -1.321027e+001  0.000000e+000
      vertex -1.037152e+001 -1.151874e+001  0.000000e+000
      vertex -5.879125e+000 -1.220813e+001  0.000000e+000
    endloop
  endfacet
  facet normal  0.000000e+000  0.000000e+000 -1.000000e+000
    outer loop
      vertex  1.059382e+001  8.448287e+000  0.000000e+000
      vertex  8.448287e+000  1.059382e+001  0.000000e+000
      vertex  1.253976e+001  9.110671e+000  0.000000e+000
    endloop
  endfacet
  facet normal  0.000000e+000  0.000000e+000 -1.000000e+000
    outer loop
      vertex  1.253976e+001  9.110671e+000  0.000000e+000
      vertex  8.448287e+000  1.059382e+001  0.000000e+000
      vertex  5.879125e+000  1.220813e+001  0.000000e+000
    endloop
  endfacet
  facet normal  0.000000e+000  0.000000e+000 -1.000000e+000
    outer loop
      vertex  1.253976e+001  9.110671e+000  0.000000e+000
      vertex  5.879125e+000  1.220813e+001  0.000000e+000
      vertex  1.037152e+001  1.151874e+001  0.000000e+000
    endloop
  endfacet
  facet normal  0.000000e+000  0.000000e+000 -1.000000e+000
    outer loop
      vertex  1.037152e+001  1.151874e+001  0.000000e+000
      vertex  5.879125e+000  1.220813e+001  0.000000e+000
      vertex  3.015159e+000  1.321027e+001  0.000000e+000
    endloop
  endfacet
  facet normal  0.000000e+000  0.000000e+000 -9.999999e-001
    outer loop
      vertex  1.037152e+001  1.151874e+001  0.000000e+000
      vertex  3.015159e+000  1.321027e+001  0.000000e+000
      vertex  7.750000e+000  1.342339e+001  0.000000e+000
    endloop
  endfacet
  facet normal  0.000000e+000  -0.000000e+000 -1.000000e+000
    outer loop
      vertex  5.879125e+000 -1.220813e+001  0.000000e+000
      vertex  8.448287e+000 -1.059382e+001  0.000000e+000
      vertex  1.037152e+001 -1.151874e+001  0.000000e+000
    endloop
  endfacet
  facet normal  0.000000e+000  0.000000e+000 -1.000000e+000
    outer loop
      vertex  1.037152e+001 -1.151874e+001  0.000000e+000
      vertex  8.448287e+000 -1.059382e+001  0.000000e+000
      vertex  1.059382e+001 -8.448287e+000  0.000000e+000
    endloop
  endfacet
  facet normal  0.000000e+000  -0.000000e+000 -1.000000e+000
    outer loop
      vertex  1.037152e+001 -1.151874e+001  0.000000e+000
      vertex  1.059382e+001 -8.448287e+000  0.000000e+000
      vertex  1.253976e+001 -9.110671e+000  0.000000e+000
    endloop
  endfacet
  facet normal  0.000000e+000  0.000000e+000 -1.000000e+000
    outer loop
      vertex  1.253976e+001 -9.110671e+000  0.000000e+000
      vertex  1.059382e+001 -8.448287e+000  0.000000e+000
      vertex  1.220813e+001 -5.879125e+000  0.000000e+000
    endloop
  endfacet
  facet normal  0.000000e+000  0.000000e+000 -1.000000e+000
    outer loop
      vertex  1.253976e+001 -9.110671e+000  0.000000e+000
      vertex  1.220813e+001 -5.879125e+000  0.000000e+000
      vertex  1.415996e+001 -6.304418e+000  0.000000e+000
    endloop
  endfacet
  facet normal  0.000000e+000  0.000000e+000 -1.000000e+000
    outer loop
      vertex  1.415996e+001 -6.304418e+000  0.000000e+000
      vertex  1.220813e+001 -5.879125e+000  0.000000e+000
      vertex  1.321027e+001 -3.015159e+000  0.000000e+000
    endloop
  endfacet
  facet normal  0.000000e+000  0.000000e+000 -1.000000e+000
    outer loop
      vertex  1.415996e+001 -6.304418e+000  0.000000e+000
      vertex  1.321027e+001 -3.015159e+000  0.000000e+000
      vertex  1.516129e+001 -3.222631e+000  0.000000e+000
    endloop
  endfacet
  facet normal  0.000000e+000  0.000000e+000 -1.000000e+000
    outer loop
      vertex  1.516129e+001 -3.222631e+000  0.000000e+000
      vertex  1.321027e+001 -3.015159e+000  0.000000e+000
      vertex  1.355000e+001 -2.397998e-015  0.000000e+000
    endloop
  endfacet
  facet normal  0.000000e+000  0.000000e+000 -1.000000e+000
    outer loop
      vertex  1.516129e+001 -3.222631e+000  0.000000e+000
      vertex  1.355000e+001 -2.397998e-015  0.000000e+000
      vertex  1.550000e+001 -4.040135e-015  0.000000e+000
    endloop
  endfacet
  facet normal  0.000000e+000  0.000000e+000 -1.000000e+000
    outer loop
      vertex  1.550000e+001 -4.040135e-015  0.000000e+000
      vertex  1.355000e+001 -2.397998e-015  0.000000e+000
      vertex  1.321027e+001  3.015159e+000  0.000000e+000
    endloop
  endfacet
  facet normal  0.000000e+000  0.000000e+000 -1.000000e+000
    outer loop
      vertex  1.550000e+001 -4.040135e-015  0.000000e+000
      vertex  1.321027e+001  3.015159e+000  0.000000e+000
      vertex  1.516129e+001  3.222631e+000  0.000000e+000
    endloop
  endfacet
  facet normal  -0.000000e+000  0.000000e+000 -1.000000e+000
    outer loop
      vertex  1.516129e+001  3.222631e+000  0.000000e+000
      vertex  1.321027e+001  3.015159e+000  0.000000e+000
      vertex  1.220813e+001  5.879125e+000  0.000000e+000
    endloop
  endfacet
  facet normal  0.000000e+000  0.000000e+000 -1.000000e+000
    outer loop
      vertex  1.516129e+001  3.222631e+000  0.000000e+000
      vertex  1.220813e+001  5.879125e+000  0.000000e+000
      vertex  1.415996e+001  6.304418e+000  0.000000e+000
    endloop
  endfacet
  facet normal  -0.000000e+000  0.000000e+000 -1.000000e+000
    outer loop
      vertex  1.415996e+001  6.304418e+000  0.000000e+000
      vertex  1.220813e+001  5.879125e+000  0.000000e+000
      vertex  1.059382e+001  8.448287e+000  0.000000e+000
    endloop
  endfacet
  facet normal  0.000000e+000  0.000000e+000 -1.000000e+000
    outer loop
      vertex  1.415996e+001  6.304418e+000  0.000000e+000
      vertex  1.059382e+001  8.448287e+000  0.000000e+000
      vertex  1.253976e+001  9.110671e+000  0.000000e+000
    endloop
  endfacet
  facet normal  0.000000e+000  -0.000000e+000 -1.000000e+000
    outer loop
      vertex -2.012351e-015 -1.355000e+001  0.000000e+000
      vertex  3.015159e+000 -1.321027e+001  0.000000e+000
      vertex  7.750000e+000 -1.342339e+001  0.000000e+000
    endloop
  endfacet
  facet normal  0.000000e+000  0.000000e+000 -1.000000e+000
    outer loop
      vertex  7.750000e+000 -1.342339e+001  0.000000e+000
      vertex  3.015159e+000 -1.321027e+001  0.000000e+000
      vertex  5.879125e+000 -1.220813e+001  0.000000e+000
    endloop
  endfacet
  facet normal  0.000000e+000  0.000000e+000 -1.000000e+000
    outer loop
      vertex  7.750000e+000 -1.342339e+001  0.000000e+000
      vertex  5.879125e+000 -1.220813e+001  0.000000e+000
      vertex  1.037152e+001 -1.151874e+001  0.000000e+000
    endloop
  endfacet
  facet normal  3.902754e-001  6.211199e-001 -6.796286e-001
    outer loop
      vertex -7.129212e+000 -1.032845e+001  1.000000e+000
      vertex -5.879125e+000 -1.220813e+001  0.000000e+000
      vertex -8.448287e+000 -1.059382e+001  0.000000e+000
    endloop
  endfacet
  facet normal  4.520294e-001  5.102359e-001 -7.316616e-001
    outer loop
      vertex -7.129212e+000 -1.032845e+001  1.000000e+000
      vertex -8.448287e+000 -1.059382e+001  0.000000e+000
      vertex -9.393810e+000 -8.322189e+000  1.000000e+000
    endloop
  endfacet
  facet normal  2.431829e-001  6.949769e-001 -6.766602e-001
    outer loop
      vertex -4.450291e+000 -1.173445e+001  1.000000e+000
      vertex -3.015159e+000 -1.321027e+001  0.000000e+000
      vertex -5.879125e+000 -1.220813e+001  0.000000e+000
    endloop
  endfacet
  facet normal  3.151974e-001  6.005583e-001 -7.348335e-001
    outer loop
      vertex -4.450291e+000 -1.173445e+001  1.000000e+000
      vertex -5.879125e+000 -1.220813e+001  0.000000e+000
      vertex -7.129212e+000 -1.032845e+001  1.000000e+000
    endloop
  endfacet
  facet normal  8.259274e-002  7.330295e-001 -6.751637e-001
    outer loop
      vertex -1.512735e+000 -1.245850e+001  1.000000e+000
      vertex -2.012351e-015 -1.355000e+001  0.000000e+000
      vertex -3.015159e+000 -1.321027e+001  0.000000e+000
    endloop
  endfacet
  facet normal  1.618262e-001  6.565551e-001 -7.367142e-001
    outer loop
      vertex -1.512735e+000 -1.245850e+001  1.000000e+000
      vertex -3.015159e+000 -1.321027e+001  0.000000e+000
      vertex -4.450291e+000 -1.173445e+001  1.000000e+000
    endloop
  endfacet
  facet normal -1.618262e-001  6.565551e-001 -7.367142e-001
    outer loop
      vertex  1.512735e+000 -1.245850e+001  1.000000e+000
      vertex  4.450291e+000 -1.173445e+001  1.000000e+000
      vertex  3.015159e+000 -1.321027e+001  0.000000e+000
    endloop
  endfacet
  facet normal -8.259274e-002  7.330295e-001 -6.751637e-001
    outer loop
      vertex  3.015159e+000 -1.321027e+001  0.000000e+000
      vertex -2.012351e-015 -1.355000e+001  0.000000e+000
      vertex  1.512735e+000 -1.245850e+001  1.000000e+000
    endloop
  endfacet
  facet normal  0.000000e+000  6.755244e-001 -7.373376e-001
    outer loop
      vertex  1.512735e+000 -1.245850e+001  1.000000e+000
      vertex -2.012351e-015 -1.355000e+001  0.000000e+000
      vertex -1.512735e+000 -1.245850e+001  1.000000e+000
    endloop
  endfacet
  facet normal -3.902754e-001  6.211199e-001 -6.796286e-001
    outer loop
      vertex  7.129212e+000 -1.032845e+001  1.000000e+000
      vertex  8.448287e+000 -1.059382e+001  0.000000e+000
      vertex  5.879125e+000 -1.220813e+001  0.000000e+000
    endloop
  endfacet
  facet normal -3.151974e-001  6.005583e-001 -7.348335e-001
    outer loop
      vertex  7.129212e+000 -1.032845e+001  1.000000e+000
      vertex  5.879125e+000 -1.220813e+001  0.000000e+000
      vertex  4.450291e+000 -1.173445e+001  1.000000e+000
    endloop
  endfacet
  facet normal -2.431829e-001  6.949769e-001 -6.766602e-001
    outer loop
      vertex  5.879125e+000 -1.220813e+001  0.000000e+000
      vertex  3.015159e+000 -1.321027e+001  0.000000e+000
      vertex  4.450291e+000 -1.173445e+001  1.000000e+000
    endloop
  endfacet
  facet normal -4.520294e-001  5.102359e-001 -7.316616e-001
    outer loop
      vertex  9.393810e+000 -8.322189e+000  1.000000e+000
      vertex  8.448287e+000 -1.059382e+001  0.000000e+000
      vertex  7.129212e+000 -1.032845e+001  1.000000e+000
    endloop
  endfacet
  facet normal  7.048732e-001  7.942028e-002 -7.048732e-001
    outer loop
      vertex -1.355000e+001 -3.437382e-015  0.000000e+000
      vertex -1.255000e+001  1.536881e-015  1.000000e+000
      vertex -1.321027e+001 -3.015159e+000  0.000000e+000
    endloop
  endfacet
  facet normal  6.953509e-001  8.443090e-002 -7.136937e-001
    outer loop
      vertex -1.321027e+001 -3.015159e+000  0.000000e+000
      vertex -1.255000e+001  1.536881e-015  1.000000e+000
      vertex -1.218532e+001 -3.003412e+000  1.000000e+000
    endloop
  endfacet
  facet normal  6.770663e-001  2.369157e-001 -6.967441e-001
    outer loop
      vertex -1.321027e+001 -3.015159e+000  0.000000e+000
      vertex -1.218532e+001 -3.003412e+000  1.000000e+000
      vertex -1.220813e+001 -5.879125e+000  0.000000e+000
    endloop
  endfacet
  facet normal  6.477224e-001  2.456486e-001 -7.211883e-001
    outer loop
      vertex -1.220813e+001 -5.879125e+000  0.000000e+000
      vertex -1.218532e+001 -3.003412e+000  1.000000e+000
      vertex -1.111247e+001 -5.832276e+000  1.000000e+000
    endloop
  endfacet
  facet normal  6.130652e-001  3.852143e-001 -6.897544e-001
    outer loop
      vertex -1.220813e+001 -5.879125e+000  0.000000e+000
      vertex -1.111247e+001 -5.832276e+000  1.000000e+000
      vertex -1.059382e+001 -8.448287e+000  0.000000e+000
    endloop
  endfacet
  facet normal  5.649689e-001  3.899699e-001 -7.271407e-001
    outer loop
      vertex -1.059382e+001 -8.448287e+000  0.000000e+000
      vertex -1.111247e+001 -5.832276e+000  1.000000e+000
      vertex -9.393810e+000 -8.322189e+000  1.000000e+000
    endloop
  endfacet
  facet normal  5.158099e-001  5.158099e-001 -6.840177e-001
    outer loop
      vertex -1.059382e+001 -8.448287e+000  0.000000e+000
      vertex -9.393810e+000 -8.322189e+000  1.000000e+000
      vertex -8.448287e+000 -1.059382e+001  0.000000e+000
    endloop
  endfacet
  facet normal -7.045149e-001  8.554362e-002 -7.045149e-001
    outer loop
      vertex  1.255000e+001 -2.536704e-014  1.000000e+000
      vertex  1.355000e+001 -2.397998e-015  0.000000e+000
      vertex  1.218532e+001 -3.003412e+000  1.000000e+000
    endloop
  endfacet
  facet normal -6.957309e-001  7.839018e-002 -7.140122e-001
    outer loop
      vertex  1.218532e+001 -3.003412e+000  1.000000e+000
      vertex  1.355000e+001 -2.397998e-015  0.000000e+000
      vertex  1.321027e+001 -3.015159e+000  0.000000e+000
    endloop
  endfacet
  facet normal -6.736625e-001  2.554864e-001 -6.934736e-001
    outer loop
      vertex  1.218532e+001 -3.003412e+000  1.000000e+000
      vertex  1.321027e+001 -3.015159e+000  0.000000e+000
      vertex  1.111247e+001 -5.832276e+000  1.000000e+000
    endloop
  endfacet
  facet normal -6.510701e-001  2.278192e-001 -7.240208e-001
    outer loop
      vertex  1.111247e+001 -5.832276e+000  1.000000e+000
      vertex  1.321027e+001 -3.015159e+000  0.000000e+000
      vertex  1.220813e+001 -5.879125e+000  0.000000e+000
    endloop
  endfacet
  facet normal -6.031532e-001  4.163266e-001 -6.803519e-001
    outer loop
      vertex  1.111247e+001 -5.832276e+000  1.000000e+000
      vertex  1.220813e+001 -5.879125e+000  0.000000e+000
      vertex  9.393810e+000 -8.322189e+000  1.000000e+000
    endloop
  endfacet
  facet normal -5.743651e-001  3.608974e-001 -7.347502e-001
    outer loop
      vertex  9.393810e+000 -8.322189e+000  1.000000e+000
      vertex  1.220813e+001 -5.879125e+000  0.000000e+000
      vertex  1.059382e+001 -8.448287e+000  0.000000e+000
    endloop
  endfacet
  facet normal -5.158099e-001  5.158099e-001 -6.840177e-001
    outer loop
      vertex  9.393810e+000 -8.322189e+000  1.000000e+000
      vertex  1.059382e+001 -8.448287e+000  0.000000e+000
      vertex  8.448287e+000 -1.059382e+001  0.000000e+000
    endloop
  endfacet
  facet normal -3.902754e-001 -6.211199e-001 -6.796286e-001
    outer loop
      vertex  7.129212e+000  1.032845e+001  1.000000e+000
      vertex  5.879125e+000  1.220813e+001  0.000000e+000
      vertex  8.448287e+000  1.059382e+001  0.000000e+000
    endloop
  endfacet
  facet normal -4.520294e-001 -5.102359e-001 -7.316616e-001
    outer loop
      vertex  7.129212e+000  1.032845e+001  1.000000e+000
      vertex  8.448287e+000  1.059382e+001  0.000000e+000
      vertex  9.393810e+000  8.322189e+000  1.000000e+000
    endloop
  endfacet
  facet normal -2.431829e-001 -6.949769e-001 -6.766602e-001
    outer loop
      vertex  4.450291e+000  1.173445e+001  1.000000e+000
      vertex  3.015159e+000  1.321027e+001  0.000000e+000
      vertex  5.879125e+000  1.220813e+001  0.000000e+000
    endloop
  endfacet
  facet normal -3.151974e-001 -6.005583e-001 -7.348335e-001
    outer loop
      vertex  4.450291e+000  1.173445e+001  1.000000e+000
      vertex  5.879125e+000  1.220813e+001  0.000000e+000
      vertex  7.129212e+000  1.032845e+001  1.000000e+000
    endloop
  endfacet
  facet normal -8.259274e-002 -7.330295e-001 -6.751637e-001
    outer loop
      vertex  1.512735e+000  1.245850e+001  1.000000e+000
      vertex -1.702373e-015  1.355000e+001  0.000000e+000
      vertex  3.015159e+000  1.321027e+001  0.000000e+000
    endloop
  endfacet
  facet normal -1.618262e-001 -6.565551e-001 -7.367142e-001
    outer loop
      vertex  1.512735e+000  1.245850e+001  1.000000e+000
      vertex  3.015159e+000  1.321027e+001  0.000000e+000
      vertex  4.450291e+000  1.173445e+001  1.000000e+000
    endloop
  endfacet
  facet normal  1.618262e-001 -6.565551e-001 -7.367142e-001
    outer loop
      vertex -1.512735e+000  1.245850e+001  1.000000e+000
      vertex -4.450291e+000  1.173445e+001  1.000000e+000
      vertex -3.015159e+000  1.321027e+001  0.000000e+000
    endloop
  endfacet
  facet normal  8.259274e-002 -7.330295e-001 -6.751637e-001
    outer loop
      vertex -3.015159e+000  1.321027e+001  0.000000e+000
      vertex -1.702373e-015  1.355000e+001  0.000000e+000
      vertex -1.512735e+000  1.245850e+001  1.000000e+000
    endloop
  endfacet
  facet normal  0.000000e+000 -6.755244e-001 -7.373376e-001
    outer loop
      vertex -1.512735e+000  1.245850e+001  1.000000e+000
      vertex -1.702373e-015  1.355000e+001  0.000000e+000
      vertex  1.512735e+000  1.245850e+001  1.000000e+000
    endloop
  endfacet
  facet normal  3.902754e-001 -6.211199e-001 -6.796286e-001
    outer loop
      vertex -7.129212e+000  1.032845e+001  1.000000e+000
      vertex -8.448287e+000  1.059382e+001  0.000000e+000
      vertex -5.879125e+000  1.220813e+001  0.000000e+000
    endloop
  endfacet
  facet normal  3.151974e-001 -6.005583e-001 -7.348335e-001
    outer loop
      vertex -7.129212e+000  1.032845e+001  1.000000e+000
      vertex -5.879125e+000  1.220813e+001  0.000000e+000
      vertex -4.450291e+000  1.173445e+001  1.000000e+000
    endloop
  endfacet
  facet normal  2.431829e-001 -6.949769e-001 -6.766602e-001
    outer loop
      vertex -5.879125e+000  1.220813e+001  0.000000e+000
      vertex -3.015159e+000  1.321027e+001  0.000000e+000
      vertex -4.450291e+000  1.173445e+001  1.000000e+000
    endloop
  endfacet
  facet normal  4.520294e-001 -5.102359e-001 -7.316616e-001
    outer loop
      vertex -9.393810e+000  8.322189e+000  1.000000e+000
      vertex -8.448287e+000  1.059382e+001  0.000000e+000
      vertex -7.129212e+000  1.032845e+001  1.000000e+000
    endloop
  endfacet
  facet normal -7.048732e-001 -7.942028e-002 -7.048732e-001
    outer loop
      vertex  1.355000e+001 -2.397998e-015  0.000000e+000
      vertex  1.255000e+001 -2.536704e-014  1.000000e+000
      vertex  1.321027e+001  3.015159e+000  0.000000e+000
    endloop
  endfacet
  facet normal -6.953509e-001 -8.443090e-002 -7.136937e-001
    outer loop
      vertex  1.321027e+001  3.015159e+000  0.000000e+000
      vertex  1.255000e+001 -2.536704e-014  1.000000e+000
      vertex  1.218532e+001  3.003412e+000  1.000000e+000
    endloop
  endfacet
  facet normal -6.770663e-001 -2.369157e-001 -6.967441e-001
    outer loop
      vertex  1.321027e+001  3.015159e+000  0.000000e+000
      vertex  1.218532e+001  3.003412e+000  1.000000e+000
      vertex  1.220813e+001  5.879125e+000  0.000000e+000
    endloop
  endfacet
  facet normal -6.477224e-001 -2.456486e-001 -7.211883e-001
    outer loop
      vertex  1.220813e+001  5.879125e+000  0.000000e+000
      vertex  1.218532e+001  3.003412e+000  1.000000e+000
      vertex  1.111247e+001  5.832276e+000  1.000000e+000
    endloop
  endfacet
  facet normal -6.130652e-001 -3.852143e-001 -6.897544e-001
    outer loop
      vertex  1.220813e+001  5.879125e+000  0.000000e+000
      vertex  1.111247e+001  5.832276e+000  1.000000e+000
      vertex  1.059382e+001  8.448287e+000  0.000000e+000
    endloop
  endfacet
  facet normal -5.649689e-001 -3.899699e-001 -7.271407e-001
    outer loop
      vertex  1.059382e+001  8.448287e+000  0.000000e+000
      vertex  1.111247e+001  5.832276e+000  1.000000e+000
      vertex  9.393810e+000  8.322189e+000  1.000000e+000
    endloop
  endfacet
  facet normal -5.158099e-001 -5.158099e-001 -6.840177e-001
    outer loop
      vertex  1.059382e+001  8.448287e+000  0.000000e+000
      vertex  9.393810e+000  8.322189e+000  1.000000e+000
      vertex  8.448287e+000  1.059382e+001  0.000000e+000
    endloop
  endfacet
  facet normal  7.045149e-001 -8.554362e-002 -7.045149e-001
    outer loop
      vertex -1.255000e+001  1.536881e-015  1.000000e+000
      vertex -1.355000e+001 -3.437382e-015  0.000000e+000
      vertex -1.218532e+001  3.003412e+000  1.000000e+000
    endloop
  endfacet
  facet normal  6.957309e-001 -7.839018e-002 -7.140122e-001
    outer loop
      vertex -1.218532e+001  3.003412e+000  1.000000e+000
      vertex -1.355000e+001 -3.437382e-015  0.000000e+000
      vertex -1.321027e+001  3.015159e+000  0.000000e+000
    endloop
  endfacet
  facet normal  6.736625e-001 -2.554864e-001 -6.934736e-001
    outer loop
      vertex -1.218532e+001  3.003412e+000  1.000000e+000
      vertex -1.321027e+001  3.015159e+000  0.000000e+000
      vertex -1.111247e+001  5.832276e+000  1.000000e+000
    endloop
  endfacet
  facet normal  6.510701e-001 -2.278192e-001 -7.240208e-001
    outer loop
      vertex -1.111247e+001  5.832276e+000  1.000000e+000
      vertex -1.321027e+001  3.015159e+000  0.000000e+000
      vertex -1.220813e+001  5.879125e+000  0.000000e+000
    endloop
  endfacet
  facet normal  6.031532e-001 -4.163266e-001 -6.803519e-001
    outer loop
      vertex -1.111247e+001  5.832276e+000  1.000000e+000
      vertex -1.220813e+001  5.879125e+000  0.000000e+000
      vertex -9.393810e+000  8.322189e+000  1.000000e+000
    endloop
  endfacet
  facet normal  5.743651e-001 -3.608974e-001 -7.347502e-001
    outer loop
      vertex -9.393810e+000  8.322189e+000  1.000000e+000
      vertex -1.220813e+001  5.879125e+000  0.000000e+000
      vertex -1.059382e+001  8.448287e+000  0.000000e+000
    endloop
  endfacet
  facet normal  5.158099e-001 -5.158099e-001 -6.840177e-001
    outer loop
      vertex -9.393810e+000  8.322189e+000  1.000000e+000
      vertex -1.059382e+001  8.448287e+000  0.000000e+000
      vertex -8.448287e+000  1.059382e+001  0.000000e+000
    endloop
  endfacet
  facet normal  0.000000e+000  0.000000e+000  9.999999e-001
    outer loop
      vertex -4.789763e+000  1.474138e+001  6.500000e+000
      vertex -7.750000e+000  1.342339e+001  6.500000e+000
      vertex -1.702373e-015  1.355000e+001  6.500000e+000
    endloop
  endfacet
  facet normal  -0.000000e+000  0.000000e+000  1.000000e+000
    outer loop
      vertex -8.448287e+000  1.059382e+001  6.500000e+000
      vertex -1.253976e+001  9.110671e+000  6.500000e+000
      vertex -1.059382e+001  8.448287e+000  6.500000e+000
    endloop
  endfacet
  facet normal  0.000000e+000  0.000000e+000  1.000000e+000
    outer loop
      vertex  7.750000e+000  1.342339e+001  6.500000e+000
      vertex -1.702373e-015  1.355000e+001  6.500000e+000
      vertex  3.015159e+000  1.321027e+001  6.500000e+000
    endloop
  endfacet
  facet normal  0.000000e+000  0.000000e+000  1.000000e+000
    outer loop
      vertex -1.620191e+000 -1.541509e+001  6.500000e+000
      vertex  1.620191e+000 -1.541509e+001  6.500000e+000
      vertex -2.012351e-015 -1.355000e+001  6.500000e+000
    endloop
  endfacet
  facet normal  0.000000e+000  0.000000e+000  1.000000e+000
    outer loop
      vertex -2.012351e-015 -1.355000e+001  6.500000e+000
      vertex  1.620191e+000 -1.541509e+001  6.500000e+000
      vertex  4.789763e+000 -1.474138e+001  6.500000e+000
    endloop
  endfacet
  facet normal  0.000000e+000  -0.000000e+000  9.999999e-001
    outer loop
      vertex -2.012351e-015 -1.355000e+001  6.500000e+000
      vertex  4.789763e+000 -1.474138e+001  6.500000e+000
      vertex  7.750000e+000 -1.342339e+001  6.500000e+000
    endloop
  endfacet
  facet normal  0.000000e+000  0.000000e+000  9.999999e-001
    outer loop
      vertex  7.750000e+000  1.342339e+001  6.500000e+000
      vertex  4.789763e+000  1.474138e+001  6.500000e+000
      vertex -1.702373e-015  1.355000e+001  6.500000e+000
    endloop
  endfacet
  facet normal  0.000000e+000  0.000000e+000  1.000000e+000
    outer loop
      vertex -1.702373e-015  1.355000e+001  6.500000e+000
      vertex  4.789763e+000  1.474138e+001  6.500000e+000
      vertex  1.620191e+000  1.541509e+001  6.500000e+000
    endloop
  endfacet
  facet normal  0.000000e+000  0.000000e+000  1.000000e+000
    outer loop
      vertex -1.702373e-015  1.355000e+001  6.500000e+000
      vertex  1.620191e+000  1.541509e+001  6.500000e+000
      vertex -4.789763e+000  1.474138e+001  6.500000e+000
    endloop
  endfacet
  facet normal  0.000000e+000  0.000000e+000  1.000000e+000
    outer loop
      vertex -4.789763e+000  1.474138e+001  6.500000e+000
      vertex  1.620191e+000  1.541509e+001  6.500000e+000
      vertex -1.620191e+000  1.541509e+001  6.500000e+000
    endloop
  endfacet
  facet normal  0.000000e+000  0.000000e+000  1.000000e+000
    outer loop
      vertex -1.253976e+001  9.110671e+000  6.500000e+000
      vertex -8.448287e+000  1.059382e+001  6.500000e+000
      vertex -1.037152e+001  1.151874e+001  6.500000e+000
    endloop
  endfacet
  facet normal  -0.000000e+000  0.000000e+000  1.000000e+000
    outer loop
      vertex -1.037152e+001  1.151874e+001  6.500000e+000
      vertex -8.448287e+000  1.059382e+001  6.500000e+000
      vertex -5.879125e+000  1.220813e+001  6.500000e+000
    endloop
  endfacet
  facet normal  0.000000e+000  0.000000e+000  1.000000e+000
    outer loop
      vertex -1.037152e+001  1.151874e+001  6.500000e+000
      vertex -5.879125e+000  1.220813e+001  6.500000e+000
      vertex -7.750000e+000  1.342339e+001  6.500000e+000
    endloop
  endfacet
  facet normal  0.000000e+000  0.000000e+000  1.000000e+000
    outer loop
      vertex -7.750000e+000  1.342339e+001  6.500000e+000
      vertex -5.879125e+000  1.220813e+001  6.500000e+000
      vertex -3.015159e+000  1.321027e+001  6.500000e+000
    endloop
  endfacet
  facet normal  0.000000e+000  -0.000000e+000  1.000000e+000
    outer loop
      vertex -7.750000e+000  1.342339e+001  6.500000e+000
      vertex -3.015159e+000  1.321027e+001  6.500000e+000
      vertex -1.702373e-015  1.355000e+001  6.500000e+000
    endloop
  endfacet
  facet normal  0.000000e+000  0.000000e+000  1.000000e+000
    outer loop
      vertex -1.059382e+001  8.448287e+000  6.500000e+000
      vertex -1.253976e+001  9.110671e+000  6.500000e+000
      vertex -1.220813e+001  5.879125e+000  6.500000e+000
    endloop
  endfacet
  facet normal  0.000000e+000  0.000000e+000  1.000000e+000
    outer loop
      vertex -1.220813e+001  5.879125e+000  6.500000e+000
      vertex -1.253976e+001  9.110671e+000  6.500000e+000
      vertex -1.415996e+001  6.304418e+000  6.500000e+000
    endloop
  endfacet
  facet normal  0.000000e+000  0.000000e+000  1.000000e+000
    outer loop
      vertex -1.220813e+001  5.879125e+000  6.500000e+000
      vertex -1.415996e+001  6.304418e+000  6.500000e+000
      vertex -1.321027e+001  3.015159e+000  6.500000e+000
    endloop
  endfacet
  facet normal  0.000000e+000  0.000000e+000  1.000000e+000
    outer loop
      vertex -1.321027e+001  3.015159e+000  6.500000e+000
      vertex -1.415996e+001  6.304418e+000  6.500000e+000
      vertex -1.516129e+001  3.222631e+000  6.500000e+000
    endloop
  endfacet
  facet normal  0.000000e+000  0.000000e+000  1.000000e+000
    outer loop
      vertex -1.321027e+001  3.015159e+000  6.500000e+000
      vertex -1.516129e+001  3.222631e+000  6.500000e+000
      vertex -1.355000e+001 -3.437382e-015  6.500000e+000
    endloop
  endfacet
  facet normal  0.000000e+000  0.000000e+000  1.000000e+000
    outer loop
      vertex -1.355000e+001 -3.437382e-015  6.500000e+000
      vertex -1.516129e+001  3.222631e+000  6.500000e+000
      vertex -1.550000e+001 -1.211248e-014  6.500000e+000
    endloop
  endfacet
  facet normal  -0.000000e+000  0.000000e+000  1.000000e+000
    outer loop
      vertex -1.355000e+001 -3.437382e-015  6.500000e+000
      vertex -1.550000e+001 -1.211248e-014  6.500000e+000
      vertex -1.321027e+001 -3.015159e+000  6.500000e+000
    endloop
  endfacet
  facet normal  0.000000e+000  0.000000e+000  1.000000e+000
    outer loop
      vertex -1.321027e+001 -3.015159e+000  6.500000e+000
      vertex -1.550000e+001 -1.211248e-014  6.500000e+000
      vertex -1.516129e+001 -3.222631e+000  6.500000e+000
    endloop
  endfacet
  facet normal  -0.000000e+000  0.000000e+000  1.000000e+000
    outer loop
      vertex -1.321027e+001 -3.015159e+000  6.500000e+000
      vertex -1.516129e+001 -3.222631e+000  6.500000e+000
      vertex -1.220813e+001 -5.879125e+000  6.500000e+000
    endloop
  endfacet
  facet normal  0.000000e+000  0.000000e+000  1.000000e+000
    outer loop
      vertex -1.220813e+001 -5.879125e+000  6.500000e+000
      vertex -1.516129e+001 -3.222631e+000  6.500000e+000
      vertex -1.415996e+001 -6.304418e+000  6.500000e+000
    endloop
  endfacet
  facet normal  -0.000000e+000  0.000000e+000  1.000000e+000
    outer loop
      vertex -1.220813e+001 -5.879125e+000  6.500000e+000
      vertex -1.415996e+001 -6.304418e+000  6.500000e+000
      vertex -1.059382e+001 -8.448287e+000  6.500000e+000
    endloop
  endfacet
  facet normal  0.000000e+000  0.000000e+000  1.000000e+000
    outer loop
      vertex -1.059382e+001 -8.448287e+000  6.500000e+000
      vertex -1.415996e+001 -6.304418e+000  6.500000e+000
      vertex -1.253976e+001 -9.110671e+000  6.500000e+000
    endloop
  endfacet
  facet normal  -0.000000e+000  0.000000e+000  1.000000e+000
    outer loop
      vertex -1.059382e+001 -8.448287e+000  6.500000e+000
      vertex -1.253976e+001 -9.110671e+000  6.500000e+000
      vertex -8.448287e+000 -1.059382e+001  6.500000e+000
    endloop
  endfacet
  facet normal  0.000000e+000  0.000000e+000  1.000000e+000
    outer loop
      vertex -8.448287e+000 -1.059382e+001  6.500000e+000
      vertex -1.253976e+001 -9.110671e+000  6.500000e+000
      vertex -1.037152e+001 -1.151874e+001  6.500000e+000
    endloop
  endfacet
  facet normal  -0.000000e+000  0.000000e+000  1.000000e+000
    outer loop
      vertex -8.448287e+000 -1.059382e+001  6.500000e+000
      vertex -1.037152e+001 -1.151874e+001  6.500000e+000
      vertex -5.879125e+000 -1.220813e+001  6.500000e+000
    endloop
  endfacet
  facet normal  0.000000e+000  0.000000e+000  1.000000e+000
    outer loop
      vertex -5.879125e+000 -1.220813e+001  6.500000e+000
      vertex -1.037152e+001 -1.151874e+001  6.500000e+000
      vertex -3.015159e+000 -1.321027e+001  6.500000e+000
    endloop
  endfacet
  facet normal  0.000000e+000  0.000000e+000  9.999999e-001
    outer loop
      vertex -3.015159e+000 -1.321027e+001  6.500000e+000
      vertex -1.037152e+001 -1.151874e+001  6.500000e+000
      vertex -7.750000e+000 -1.342339e+001  6.500000e+000
    endloop
  endfacet
  facet normal  -0.000000e+000  0.000000e+000  1.000000e+000
    outer loop
      vertex -3.015159e+000 -1.321027e+001  6.500000e+000
      vertex -7.750000e+000 -1.342339e+001  6.500000e+000
      vertex -2.012351e-015 -1.355000e+001  6.500000e+000
    endloop
  endfacet
  facet normal  0.000000e+000  0.000000e+000  9.999999e-001
    outer loop
      vertex -2.012351e-015 -1.355000e+001  6.500000e+000
      vertex -7.750000e+000 -1.342339e+001  6.500000e+000
      vertex -4.789763e+000 -1.474138e+001  6.500000e+000
    endloop
  endfacet
  facet normal  -0.000000e+000  0.000000e+000  1.000000e+000
    outer loop
      vertex -2.012351e-015 -1.355000e+001  6.500000e+000
      vertex -4.789763e+000 -1.474138e+001  6.500000e+000
      vertex -1.620191e+000 -1.541509e+001  6.500000e+000
    endloop
  endfacet
  facet normal  -0.000000e+000  0.000000e+000  9.999999e-001
    outer loop
      vertex  7.750000e+000  1.342339e+001  6.500000e+000
      vertex  3.015159e+000  1.321027e+001  6.500000e+000
      vertex  1.037152e+001  1.151874e+001  6.500000e+000
    endloop
  endfacet
  facet normal  0.000000e+000  0.000000e+000  1.000000e+000
    outer loop
      vertex  1.037152e+001  1.151874e+001  6.500000e+000
      vertex  3.015159e+000  1.321027e+001  6.500000e+000
      vertex  5.879125e+000  1.220813e+001  6.500000e+000
    endloop
  endfacet
  facet normal  0.000000e+000  0.000000e+000  1.000000e+000
    outer loop
      vertex  1.037152e+001  1.151874e+001  6.500000e+000
      vertex  5.879125e+000  1.220813e+001  6.500000e+000
      vertex  1.253976e+001  9.110671e+000  6.500000e+000
    endloop
  endfacet
  facet normal  0.000000e+000  0.000000e+000  1.000000e+000
    outer loop
      vertex  1.253976e+001  9.110671e+000  6.500000e+000
      vertex  5.879125e+000  1.220813e+001  6.500000e+000
      vertex  8.448287e+000  1.059382e+001  6.500000e+000
    endloop
  endfacet
  facet normal  0.000000e+000  0.000000e+000  1.000000e+000
    outer loop
      vertex  1.253976e+001  9.110671e+000  6.500000e+000
      vertex  8.448287e+000  1.059382e+001  6.500000e+000
      vertex  1.059382e+001  8.448287e+000  6.500000e+000
    endloop
  endfacet
  facet normal  -0.000000e+000  0.000000e+000  1.000000e+000
    outer loop
      vertex  1.253976e+001  9.110671e+000  6.500000e+000
      vertex  1.059382e+001  8.448287e+000  6.500000e+000
      vertex  1.415996e+001  6.304418e+000  6.500000e+000
    endloop
  endfacet
  facet normal  0.000000e+000  0.000000e+000  1.000000e+000
    outer loop
      vertex  1.415996e+001  6.304418e+000  6.500000e+000
      vertex  1.059382e+001  8.448287e+000  6.500000e+000
      vertex  1.220813e+001  5.879125e+000  6.500000e+000
    endloop
  endfacet
  facet normal  -0.000000e+000  0.000000e+000  1.000000e+000
    outer loop
      vertex  1.415996e+001  6.304418e+000  6.500000e+000
      vertex  1.220813e+001  5.879125e+000  6.500000e+000
      vertex  1.516129e+001  3.222631e+000  6.500000e+000
    endloop
  endfacet
  facet normal  0.000000e+000  0.000000e+000  1.000000e+000
    outer loop
      vertex  1.516129e+001  3.222631e+000  6.500000e+000
      vertex  1.220813e+001  5.879125e+000  6.500000e+000
      vertex  1.321027e+001  3.015159e+000  6.500000e+000
    endloop
  endfacet
  facet normal  -0.000000e+000  0.000000e+000  1.000000e+000
    outer loop
      vertex  1.516129e+001  3.222631e+000  6.500000e+000
      vertex  1.321027e+001  3.015159e+000  6.500000e+000
      vertex  1.550000e+001 -4.040135e-015  6.500000e+000
    endloop
  endfacet
  facet normal  0.000000e+000  0.000000e+000  1.000000e+000
    outer loop
      vertex  1.550000e+001 -4.040135e-015  6.500000e+000
      vertex  1.321027e+001  3.015159e+000  6.500000e+000
      vertex  1.355000e+001 -2.397998e-015  6.500000e+000
    endloop
  endfacet
  facet normal  0.000000e+000  0.000000e+000  1.000000e+000
    outer loop
      vertex  1.550000e+001 -4.040135e-015  6.500000e+000
      vertex  1.355000e+001 -2.397998e-015  6.500000e+000
      vertex  1.516129e+001 -3.222631e+000  6.500000e+000
    endloop
  endfacet
  facet normal  0.000000e+000  0.000000e+000  1.000000e+000
    outer loop
      vertex  1.516129e+001 -3.222631e+000  6.500000e+000
      vertex  1.355000e+001 -2.397998e-015  6.500000e+000
      vertex  1.321027e+001 -3.015159e+000  6.500000e+000
    endloop
  endfacet
  facet normal  0.000000e+000  0.000000e+000  1.000000e+000
    outer loop
      vertex  1.516129e+001 -3.222631e+000  6.500000e+000
      vertex  1.321027e+001 -3.015159e+000  6.500000e+000
      vertex  1.415996e+001 -6.304418e+000  6.500000e+000
    endloop
  endfacet
  facet normal  0.000000e+000  0.000000e+000  1.000000e+000
    outer loop
      vertex  1.415996e+001 -6.304418e+000  6.500000e+000
      vertex  1.321027e+001 -3.015159e+000  6.500000e+000
      vertex  1.220813e+001 -5.879125e+000  6.500000e+000
    endloop
  endfacet
  facet normal  0.000000e+000  0.000000e+000  1.000000e+000
    outer loop
      vertex  1.415996e+001 -6.304418e+000  6.500000e+000
      vertex  1.220813e+001 -5.879125e+000  6.500000e+000
      vertex  1.253976e+001 -9.110671e+000  6.500000e+000
    endloop
  endfacet
  facet normal  0.000000e+000  0.000000e+000  1.000000e+000
    outer loop
      vertex  1.253976e+001 -9.110671e+000  6.500000e+000
      vertex  1.220813e+001 -5.879125e+000  6.500000e+000
      vertex  1.059382e+001 -8.448287e+000  6.500000e+000
    endloop
  endfacet
  facet normal  0.000000e+000  0.000000e+000  1.000000e+000
    outer loop
      vertex  1.253976e+001 -9.110671e+000  6.500000e+000
      vertex  1.059382e+001 -8.448287e+000  6.500000e+000
      vertex  1.037152e+001 -1.151874e+001  6.500000e+000
    endloop
  endfacet
  facet normal  0.000000e+000  -0.000000e+000  1.000000e+000
    outer loop
      vertex  1.037152e+001 -1.151874e+001  6.500000e+000
      vertex  1.059382e+001 -8.448287e+000  6.500000e+000
      vertex  8.448287e+000 -1.059382e+001  6.500000e+000
    endloop
  endfacet
  facet normal  0.000000e+000  0.000000e+000  1.000000e+000
    outer loop
      vertex  1.037152e+001 -1.151874e+001  6.500000e+000
      vertex  8.448287e+000 -1.059382e+001  6.500000e+000
      vertex  5.879125e+000 -1.220813e+001  6.500000e+000
    endloop
  endfacet
  facet normal  -0.000000e+000  0.000000e+000  1.000000e+000
    outer loop
      vertex  1.037152e+001 -1.151874e+001  6.500000e+000
      vertex  5.879125e+000 -1.220813e+001  6.500000e+000
      vertex  7.750000e+000 -1.342339e+001  6.500000e+000
    endloop
  endfacet
  facet normal  0.000000e+000  0.000000e+000  1.000000e+000
    outer loop
      vertex  7.750000e+000 -1.342339e+001  6.500000e+000
      vertex  5.879125e+000 -1.220813e+001  6.500000e+000
      vertex  3.015159e+000 -1.321027e+001  6.500000e+000
    endloop
  endfacet
  facet normal  0.000000e+000  0.000000e+000  1.000000e+000
    outer loop
      vertex  7.750000e+000 -1.342339e+001  6.500000e+000
      vertex  3.015159e+000 -1.321027e+001  6.500000e+000
      vertex -2.012351e-015 -1.355000e+001  6.500000e+000
    endloop
  endfacet
  facet normal  3.902754e-001  6.211199e-001  6.796286e-001
    outer loop
      vertex -8.448287e+000 -1.059382e+001  6.500000e+000
      vertex -5.879125e+000 -1.220813e+001  6.500000e+000
      vertex -7.129212e+000 -1.032845e+001  5.500000e+000
    endloop
  endfacet
  facet normal  4.520294e-001  5.102359e-001  7.316616e-001
    outer loop
      vertex -9.393810e+000 -8.322189e+000  5.500000e+000
      vertex -8.448287e+000 -1.059382e+001  6.500000e+000
      vertex -7.129212e+000 -1.032845e+001  5.500000e+000
    endloop
  endfacet
  facet normal  2.431829e-001  6.949769e-001  6.766602e-001
    outer loop
      vertex -5.879125e+000 -1.220813e+001  6.500000e+000
      vertex -3.015159e+000 -1.321027e+001  6.500000e+000
      vertex -4.450291e+000 -1.173445e+001  5.500000e+000
    endloop
  endfacet
  facet normal  3.151974e-001  6.005583e-001  7.348335e-001
    outer loop
      vertex -7.129212e+000 -1.032845e+001  5.500000e+000
      vertex -5.879125e+000 -1.220813e+001  6.500000e+000
      vertex -4.450291e+000 -1.173445e+001  5.500000e+000
    endloop
  endfacet
  facet normal  8.259274e-002  7.330295e-001  6.751637e-001
    outer loop
      vertex -3.015159e+000 -1.321027e+001  6.500000e+000
      vertex -2.012351e-015 -1.355000e+001  6.500000e+000
      vertex -1.512735e+000 -1.245850e+001  5.500000e+000
    endloop
  endfacet
  facet normal  1.618262e-001  6.565551e-001  7.367142e-001
    outer loop
      vertex -4.450291e+000 -1.173445e+001  5.500000e+000
      vertex -3.015159e+000 -1.321027e+001  6.500000e+000
      vertex -1.512735e+000 -1.245850e+001  5.500000e+000
    endloop
  endfacet
  facet normal -1.618262e-001  6.565551e-001  7.367142e-001
    outer loop
      vertex  3.015159e+000 -1.321027e+001  6.500000e+000
      vertex  4.450291e+000 -1.173445e+001  5.500000e+000
      vertex  1.512735e+000 -1.245850e+001  5.500000e+000
    endloop
  endfacet
  facet normal -8.259274e-002  7.330295e-001  6.751637e-001
    outer loop
      vertex  1.512735e+000 -1.245850e+001  5.500000e+000
      vertex -2.012351e-015 -1.355000e+001  6.500000e+000
      vertex  3.015159e+000 -1.321027e+001  6.500000e+000
    endloop
  endfacet
  facet normal  0.000000e+000  6.755244e-001  7.373376e-001
    outer loop
      vertex -1.512735e+000 -1.245850e+001  5.500000e+000
      vertex -2.012351e-015 -1.355000e+001  6.500000e+000
      vertex  1.512735e+000 -1.245850e+001  5.500000e+000
    endloop
  endfacet
  facet normal -3.902754e-001  6.211199e-001  6.796286e-001
    outer loop
      vertex  5.879125e+000 -1.220813e+001  6.500000e+000
      vertex  8.448287e+000 -1.059382e+001  6.500000e+000
      vertex  7.129212e+000 -1.032845e+001  5.500000e+000
    endloop
  endfacet
  facet normal -3.151974e-001  6.005583e-001  7.348335e-001
    outer loop
      vertex  4.450291e+000 -1.173445e+001  5.500000e+000
      vertex  5.879125e+000 -1.220813e+001  6.500000e+000
      vertex  7.129212e+000 -1.032845e+001  5.500000e+000
    endloop
  endfacet
  facet normal -2.431829e-001  6.949769e-001  6.766602e-001
    outer loop
      vertex  4.450291e+000 -1.173445e+001  5.500000e+000
      vertex  3.015159e+000 -1.321027e+001  6.500000e+000
      vertex  5.879125e+000 -1.220813e+001  6.500000e+000
    endloop
  endfacet
  facet normal -4.520294e-001  5.102359e-001  7.316616e-001
    outer loop
      vertex  7.129212e+000 -1.032845e+001  5.500000e+000
      vertex  8.448287e+000 -1.059382e+001  6.500000e+000
      vertex  9.393810e+000 -8.322189e+000  5.500000e+000
    endloop
  endfacet
  facet normal -5.158099e-001  5.158099e-001  6.840177e-001
    outer loop
      vertex  8.448287e+000 -1.059382e+001  6.500000e+000
      vertex  1.059382e+001 -8.448287e+000  6.500000e+000
      vertex  9.393810e+000 -8.322189e+000  5.500000e+000
    endloop
  endfacet
  facet normal -5.743651e-001  3.608974e-001  7.347502e-001
    outer loop
      vertex  9.393810e+000 -8.322189e+000  5.500000e+000
      vertex  1.059382e+001 -8.448287e+000  6.500000e+000
      vertex  1.220813e+001 -5.879125e+000  6.500000e+000
    endloop
  endfacet
  facet normal -6.031532e-001  4.163266e-001  6.803519e-001
    outer loop
      vertex  9.393810e+000 -8.322189e+000  5.500000e+000
      vertex  1.220813e+001 -5.879125e+000  6.500000e+000
      vertex  1.111247e+001 -5.832276e+000  5.500000e+000
    endloop
  endfacet
  facet normal -6.510701e-001  2.278192e-001  7.240208e-001
    outer loop
      vertex  1.111247e+001 -5.832276e+000  5.500000e+000
      vertex  1.220813e+001 -5.879125e+000  6.500000e+000
      vertex  1.321027e+001 -3.015159e+000  6.500000e+000
    endloop
  endfacet
  facet normal -6.736625e-001  2.554864e-001  6.934736e-001
    outer loop
      vertex  1.111247e+001 -5.832276e+000  5.500000e+000
      vertex  1.321027e+001 -3.015159e+000  6.500000e+000
      vertex  1.218532e+001 -3.003412e+000  5.500000e+000
    endloop
  endfacet
  facet normal -6.957309e-001  7.839018e-002  7.140122e-001
    outer loop
      vertex  1.218532e+001 -3.003412e+000  5.500000e+000
      vertex  1.321027e+001 -3.015159e+000  6.500000e+000
      vertex  1.355000e+001 -2.397998e-015  6.500000e+000
    endloop
  endfacet
  facet normal -7.045149e-001  8.554362e-002  7.045149e-001
    outer loop
      vertex  1.218532e+001 -3.003412e+000  5.500000e+000
      vertex  1.355000e+001 -2.397998e-015  6.500000e+000
      vertex  1.255000e+001 -2.536704e-014  5.500000e+000
    endloop
  endfacet
  facet normal  5.158099e-001  5.158099e-001  6.840177e-001
    outer loop
      vertex -8.448287e+000 -1.059382e+001  6.500000e+000
      vertex -9.393810e+000 -8.322189e+000  5.500000e+000
      vertex -1.059382e+001 -8.448287e+000  6.500000e+000
    endloop
  endfacet
  facet normal  5.649689e-001  3.899699e-001  7.271407e-001
    outer loop
      vertex -1.059382e+001 -8.448287e+000  6.500000e+000
      vertex -9.393810e+000 -8.322189e+000  5.500000e+000
      vertex -1.111247e+001 -5.832276e+000  5.500000e+000
    endloop
  endfacet
  facet normal  6.130652e-001  3.852143e-001  6.897544e-001
    outer loop
      vertex -1.059382e+001 -8.448287e+000  6.500000e+000
      vertex -1.111247e+001 -5.832276e+000  5.500000e+000
      vertex -1.220813e+001 -5.879125e+000  6.500000e+000
    endloop
  endfacet
  facet normal  6.477224e-001  2.456486e-001  7.211883e-001
    outer loop
      vertex -1.220813e+001 -5.879125e+000  6.500000e+000
      vertex -1.111247e+001 -5.832276e+000  5.500000e+000
      vertex -1.218532e+001 -3.003412e+000  5.500000e+000
    endloop
  endfacet
  facet normal  6.770663e-001  2.369157e-001  6.967441e-001
    outer loop
      vertex -1.220813e+001 -5.879125e+000  6.500000e+000
      vertex -1.218532e+001 -3.003412e+000  5.500000e+000
      vertex -1.321027e+001 -3.015159e+000  6.500000e+000
    endloop
  endfacet
  facet normal  6.953509e-001  8.443090e-002  7.136937e-001
    outer loop
      vertex -1.321027e+001 -3.015159e+000  6.500000e+000
      vertex -1.218532e+001 -3.003412e+000  5.500000e+000
      vertex -1.255000e+001  1.536881e-015  5.500000e+000
    endloop
  endfacet
  facet normal  7.048732e-001  7.942028e-002  7.048732e-001
    outer loop
      vertex -1.321027e+001 -3.015159e+000  6.500000e+000
      vertex -1.255000e+001  1.536881e-015  5.500000e+000
      vertex -1.355000e+001 -3.437382e-015  6.500000e+000
    endloop
  endfacet
  facet normal -3.902754e-001 -6.211199e-001  6.796286e-001
    outer loop
      vertex  8.448287e+000  1.059382e+001  6.500000e+000
      vertex  5.879125e+000  1.220813e+001  6.500000e+000
      vertex  7.129212e+000  1.032845e+001  5.500000e+000
    endloop
  endfacet
  facet normal -4.520294e-001 -5.102359e-001  7.316616e-001
    outer loop
      vertex  9.393810e+000  8.322189e+000  5.500000e+000
      vertex  8.448287e+000  1.059382e+001  6.500000e+000
      vertex  7.129212e+000  1.032845e+001  5.500000e+000
    endloop
  endfacet
  facet normal -2.431829e-001 -6.949769e-001  6.766602e-001
    outer loop
      vertex  5.879125e+000  1.220813e+001  6.500000e+000
      vertex  3.015159e+000  1.321027e+001  6.500000e+000
      vertex  4.450291e+000  1.173445e+001  5.500000e+000
    endloop
  endfacet
  facet normal -3.151974e-001 -6.005583e-001  7.348335e-001
    outer loop
      vertex  7.129212e+000  1.032845e+001  5.500000e+000
      vertex  5.879125e+000  1.220813e+001  6.500000e+000
      vertex  4.450291e+000  1.173445e+001  5.500000e+000
    endloop
  endfacet
  facet normal -8.259274e-002 -7.330295e-001  6.751637e-001
    outer loop
      vertex  3.015159e+000  1.321027e+001  6.500000e+000
      vertex -1.702373e-015  1.355000e+001  6.500000e+000
      vertex  1.512735e+000  1.245850e+001  5.500000e+000
    endloop
  endfacet
  facet normal -1.618262e-001 -6.565551e-001  7.367142e-001
    outer loop
      vertex  4.450291e+000  1.173445e+001  5.500000e+000
      vertex  3.015159e+000  1.321027e+001  6.500000e+000
      vertex  1.512735e+000  1.245850e+001  5.500000e+000
    endloop
  endfacet
  facet normal  1.618262e-001 -6.565551e-001  7.367142e-001
    outer loop
      vertex -3.015159e+000  1.321027e+001  6.500000e+000
      vertex -4.450291e+000  1.173445e+001  5.500000e+000
      vertex -1.512735e+000  1.245850e+001  5.500000e+000
    endloop
  endfacet
  facet normal  8.259274e-002 -7.330295e-001  6.751637e-001
    outer loop
      vertex -1.512735e+000  1.245850e+001  5.500000e+000
      vertex -1.702373e-015  1.355000e+001  6.500000e+000
      vertex -3.015159e+000  1.321027e+001  6.500000e+000
    endloop
  endfacet
  facet normal  0.000000e+000 -6.755244e-001  7.373376e-001
    outer loop
      vertex  1.512735e+000  1.245850e+001  5.500000e+000
      vertex -1.702373e-015  1.355000e+001  6.500000e+000
      vertex -1.512735e+000  1.245850e+001  5.500000e+000
    endloop
  endfacet
  facet normal  3.902754e-001 -6.211199e-001  6.796286e-001
    outer loop
      vertex -5.879125e+000  1.220813e+001  6.500000e+000
      vertex -8.448287e+000  1.059382e+001  6.500000e+000
      vertex -7.129212e+000  1.032845e+001  5.500000e+000
    endloop
  endfacet
  facet normal  3.151974e-001 -6.005583e-001  7.348335e-001
    outer loop
      vertex -4.450291e+000  1.173445e+001  5.500000e+000
      vertex -5.879125e+000  1.220813e+001  6.500000e+000
      vertex -7.129212e+000  1.032845e+001  5.500000e+000
    endloop
  endfacet
  facet normal  2.431829e-001 -6.949769e-001  6.766602e-001
    outer loop
      vertex -4.450291e+000  1.173445e+001  5.500000e+000
      vertex -3.015159e+000  1.321027e+001  6.500000e+000
      vertex -5.879125e+000  1.220813e+001  6.500000e+000
    endloop
  endfacet
  facet normal  4.520294e-001 -5.102359e-001  7.316616e-001
    outer loop
      vertex -7.129212e+000  1.032845e+001  5.500000e+000
      vertex -8.448287e+000  1.059382e+001  6.500000e+000
      vertex -9.393810e+000  8.322189e+000  5.500000e+000
    endloop
  endfacet
  facet normal  5.158099e-001 -5.158099e-001  6.840177e-001
    outer loop
      vertex -8.448287e+000  1.059382e+001  6.500000e+000
      vertex -1.059382e+001  8.448287e+000  6.500000e+000
      vertex -9.393810e+000  8.322189e+000  5.500000e+000
    endloop
  endfacet
  facet normal  5.743651e-001 -3.608974e-001  7.347502e-001
    outer loop
      vertex -9.393810e+000  8.322189e+000  5.500000e+000
      vertex -1.059382e+001  8.448287e+000  6.500000e+000
      vertex -1.220813e+001  5.879125e+000  6.500000e+000
    endloop
  endfacet
  facet normal  6.031532e-001 -4.163266e-001  6.803519e-001
    outer loop
      vertex -9.393810e+000  8.322189e+000  5.500000e+000
      vertex -1.220813e+001  5.879125e+000  6.500000e+000
      vertex -1.111247e+001  5.832276e+000  5.500000e+000
    endloop
  endfacet
  facet normal  6.510701e-001 -2.278192e-001  7.240208e-001
    outer loop
      vertex -1.111247e+001  5.832276e+000  5.500000e+000
      vertex -1.220813e+001  5.879125e+000  6.500000e+000
      vertex -1.321027e+001  3.015159e+000  6.500000e+000
    endloop
  endfacet
  facet normal  6.736625e-001 -2.554864e-001  6.934736e-001
    outer loop
      vertex -1.111247e+001  5.832276e+000  5.500000e+000
      vertex -1.321027e+001  3.015159e+000  6.500000e+000
      vertex -1.218532e+001  3.003412e+000  5.500000e+000
    endloop
  endfacet
  facet normal  6.957309e-001 -7.839018e-002  7.140122e-001
    outer loop
      vertex -1.218532e+001  3.003412e+000  5.500000e+000
      vertex -1.321027e+001  3.015159e+000  6.500000e+000
      vertex -1.355000e+001 -3.437382e-015  6.500000e+000
    endloop
  endfacet
  facet normal  7.045149e-001 -8.554362e-002  7.045149e-001
    outer loop
      vertex -1.218532e+001  3.003412e+000  5.500000e+000
      vertex -1.355000e+001 -3.437382e-015  6.500000e+000
      vertex -1.255000e+001  1.536881e-015  5.500000e+000
    endloop
  endfacet
  facet normal -5.158099e-001 -5.158099e-001  6.840177e-001
    outer loop
      vertex  8.448287e+000  1.059382e+001  6.500000e+000
      vertex  9.393810e+000  8.322189e+000  5.500000e+000
      vertex  1.059382e+001  8.448287e+000  6.500000e+000
    endloop
  endfacet
  facet normal -5.649689e-001 -3.899699e-001  7.271407e-001
    outer loop
      vertex  1.059382e+001  8.448287e+000  6.500000e+000
      vertex  9.393810e+000  8.322189e+000  5.500000e+000
      vertex  1.111247e+001  5.832276e+000  5.500000e+000
    endloop
  endfacet
  facet normal -6.130652e-001 -3.852143e-001  6.897544e-001
    outer loop
      vertex  1.059382e+001  8.448287e+000  6.500000e+000
      vertex  1.111247e+001  5.832276e+000  5.500000e+000
      vertex  1.220813e+001  5.879125e+000  6.500000e+000
    endloop
  endfacet
  facet normal -6.477224e-001 -2.456486e-001  7.211883e-001
    outer loop
      vertex  1.220813e+001  5.879125e+000  6.500000e+000
      vertex  1.111247e+001  5.832276e+000  5.500000e+000
      vertex  1.218532e+001  3.003412e+000  5.500000e+000
    endloop
  endfacet
  facet normal -6.770663e-001 -2.369157e-001  6.967441e-001
    outer loop
      vertex  1.220813e+001  5.879125e+000  6.500000e+000
      vertex  1.218532e+001  3.003412e+000  5.500000e+000
      vertex  1.321027e+001  3.015159e+000  6.500000e+000
    endloop
  endfacet
  facet normal -6.953509e-001 -8.443090e-002  7.136937e-001
    outer loop
      vertex  1.321027e+001  3.015159e+000  6.500000e+000
      vertex  1.218532e+001  3.003412e+000  5.500000e+000
      vertex  1.255000e+001 -2.536704e-014  5.500000e+000
    endloop
  endfacet
  facet normal -7.048732e-001 -7.942028e-002  7.048732e-001
    outer loop
      vertex  1.321027e+001  3.015159e+000  6.500000e+000
      vertex  1.255000e+001 -2.536704e-014  5.500000e+000
      vertex  1.355000e+001 -2.397998e-015  6.500000e+000
    endloop
  endfacet
endsolid CATIA STL
