ISO-10303-21;
HEADER;
FILE_DESCRIPTION (( 'STEP AP214' ),
    '1' );
FILE_NAME ('CUI_DEVICES_MD-50.step',
    '2019-10-20T23:49:51',
    ( '' ),
    ( '' ),
    'SwSTEP 2.0',
    'SolidWorks 2019',
    '' );
FILE_SCHEMA (( 'AUTOMOTIVE_DESIGN' ));
ENDSEC;

DATA;
#1 = FILL_AREA_STYLE ('',( #7270 ) ) ;
#2 = LINE ( 'NONE', #3255, #5653 ) ;
#3 = VECTOR ( 'NONE', #5989, 39.37007874015748143 ) ;
#4 = ADVANCED_FACE ( 'NONE', ( #4484 ), #2490, .F. ) ;
#5 = ORIENTED_EDGE ( 'NONE', *, *, #6368, .T. ) ;
#6 = LENGTH_MEASURE_WITH_UNIT ( LENGTH_MEASURE( 0.02539999999999999897 ), #6044 );
#7 = CARTESIAN_POINT ( 'NONE',  ( 0.1141732283464566844, 0.02952755905511811330, -1.307086614173228467 ) ) ;
#8 = PRESENTATION_LAYER_ASSIGNMENT (  '', '', ( #7905 ) ) ;
#9 = FACE_OUTER_BOUND ( 'NONE', #3943, .T. ) ;
#10 = VERTEX_POINT ( 'NONE', #2579 ) ;
#11 =( NAMED_UNIT ( * ) SI_UNIT ( $, .STERADIAN. ) SOLID_ANGLE_UNIT ( ) );
#12 = LINE ( 'NONE', #3220, #8527 ) ;
#13 = DIRECTION ( 'NONE',  ( 0.0000000000000000000, 0.0000000000000000000, 1.000000000000000000 ) ) ;
#14 = PRESENTATION_LAYER_ASSIGNMENT (  '', '', ( #7478 ) ) ;
#15 = EDGE_CURVE ( 'NONE', #614, #1908, #8624, .T. ) ;
#16 = UNCERTAINTY_MEASURE_WITH_UNIT (LENGTH_MEASURE( 1.000000000000000082E-05 ), #5173, 'distance_accuracy_value', 'NONE');
#17 = EDGE_CURVE ( 'NONE', #6487, #2138, #1972, .T. ) ;
#18 =( NAMED_UNIT ( * ) PLANE_ANGLE_UNIT ( ) SI_UNIT ( $, .RADIAN. ) );
#19 = CARTESIAN_POINT ( 'NONE',  ( 0.1723862642169728676, 0.01705977506991343887, 0.03937007874015747977 ) ) ;
#20 = ORIENTED_EDGE ( 'NONE', *, *, #7273, .F. ) ;
#21 =( NAMED_UNIT ( * ) SI_UNIT ( $, .STERADIAN. ) SOLID_ANGLE_UNIT ( ) );
#22 = PRESENTATION_STYLE_ASSIGNMENT (( #6008 ) ) ;
#23 = ORIENTED_EDGE ( 'NONE', *, *, #601, .T. ) ;
#24 = PRESENTATION_STYLE_ASSIGNMENT (( #3274 ) ) ;
#25 = LENGTH_MEASURE_WITH_UNIT ( LENGTH_MEASURE( 0.02539999999999999897 ), #3319 );
#26 =( GEOMETRIC_REPRESENTATION_CONTEXT ( 3 ) GLOBAL_UNCERTAINTY_ASSIGNED_CONTEXT ( ( #2823 ) ) GLOBAL_UNIT_ASSIGNED_CONTEXT ( ( #8360, #5532, #3546 ) ) REPRESENTATION_CONTEXT ( 'NONE', 'WORKASPACE' ) );
#27 = FILL_AREA_STYLE_COLOUR ( '', #8599 ) ;
#28 =( NAMED_UNIT ( * ) PLANE_ANGLE_UNIT ( ) SI_UNIT ( $, .RADIAN. ) );
#29 = FILL_AREA_STYLE_COLOUR ( '', #6389 ) ;
#30 =( CONVERSION_BASED_UNIT ( 'INCH', #6686 ) LENGTH_UNIT ( ) NAMED_UNIT ( #2514 ) );
#31 = ORIENTED_EDGE ( 'NONE', *, *, #7207, .F. ) ;
#32 = FILL_AREA_STYLE_COLOUR ( '', #5479 ) ;
#33 = DIRECTION ( 'NONE',  ( 0.0000000000000000000, 0.0000000000000000000, -1.000000000000000000 ) ) ;
#34 = LINE ( 'NONE', #3465, #6021 ) ;
#35 = STYLED_ITEM ( 'NONE', ( #4960 ), #1120 ) ;
#36 = CYLINDRICAL_SURFACE ( 'NONE', #5662, 0.003937007874015758385 ) ;
#37 = VECTOR ( 'NONE', #650, 39.37007874015748143 ) ;
#38 = CARTESIAN_POINT ( 'NONE',  ( 0.02952755905511811330, -0.1141732283464566844, -1.346456692913385877 ) ) ;
#39 = PRESENTATION_LAYER_ASSIGNMENT (  '', '', ( #310 ) ) ;
#40 = SURFACE_SIDE_STYLE ('',( #8124 ) ) ;
#41 = ORIENTED_EDGE ( 'NONE', *, *, #1764, .T. ) ;
#42 = DIRECTION ( 'NONE',  ( 0.0000000000000000000, 0.0000000000000000000, 1.000000000000000000 ) ) ;
#43 = DIRECTION ( 'NONE',  ( 1.000000000000000000, 0.0000000000000000000, 0.0000000000000000000 ) ) ;
#44 = ORIENTED_EDGE ( 'NONE', *, *, #4583, .T. ) ;
#45 = DIRECTION ( 'NONE',  ( 0.0000000000000000000, 0.0000000000000000000, -1.000000000000000000 ) ) ;
#46 = CARTESIAN_POINT ( 'NONE',  ( 0.05118110236220473758, 0.01968503937007873988, 0.1968503937007874127 ) ) ;
#47 = EDGE_CURVE ( 'NONE', #4011, #3585, #3910, .T. ) ;
#48 = MECHANICAL_DESIGN_GEOMETRIC_PRESENTATION_REPRESENTATION (  '', ( #1302 ), #1168 ) ;
#49 =( LENGTH_UNIT ( ) NAMED_UNIT ( * ) SI_UNIT ( $, .METRE. ) );
#50 = CARTESIAN_POINT ( 'NONE',  ( -0.02952755905511811330, 0.1141732283464566844, -1.622047244094488194 ) ) ;
#51 = VERTEX_POINT ( 'NONE', #7309 ) ;
#52 =( NAMED_UNIT ( * ) SI_UNIT ( $, .STERADIAN. ) SOLID_ANGLE_UNIT ( ) );
#53 = CARTESIAN_POINT ( 'NONE',  ( 0.1589224824461044627, -0.02827006693079855970, 0.2007874015748031260 ) ) ;
#54 = STYLED_ITEM ( 'NONE', ( #6175 ), #592 ) ;
#55 = LENGTH_MEASURE_WITH_UNIT ( LENGTH_MEASURE( 0.02539999999999999897 ), #1539 );
#56 = ORIENTED_EDGE ( 'NONE', *, *, #502, .T. ) ;
#57 = EDGE_CURVE ( 'NONE', #5806, #8738, #8658, .T. ) ;
#58 = DIMENSIONAL_EXPONENTS ( 1.000000000000000000, 0.0000000000000000000, 0.0000000000000000000, 0.0000000000000000000, 0.0000000000000000000, 0.0000000000000000000, 0.0000000000000000000 ) ;
#59 = PRESENTATION_LAYER_ASSIGNMENT (  '', '', ( #2285 ) ) ;
#60 = DIRECTION ( 'NONE',  ( -0.0000000000000000000, -0.0000000000000000000, -1.000000000000000000 ) ) ;
#61 = ORIENTED_EDGE ( 'NONE', *, *, #2141, .T. ) ;
#62 = FILL_AREA_STYLE ('',( #4205 ) ) ;
#63 = ORIENTED_EDGE ( 'NONE', *, *, #3059, .T. ) ;
#64 =( LENGTH_UNIT ( ) NAMED_UNIT ( * ) SI_UNIT ( $, .METRE. ) );
#65 = AXIS2_PLACEMENT_3D ( 'NONE', #3681, #7654, #6371 ) ;
#66 = EDGE_CURVE ( 'NONE', #8019, #1741, #5364, .T. ) ;
#67 = LENGTH_MEASURE_WITH_UNIT ( LENGTH_MEASURE( 0.02539999999999999897 ), #1430 );
#68 = ADVANCED_FACE ( 'NONE', ( #4870 ), #1483, .F. ) ;
#69 = DIRECTION ( 'NONE',  ( 0.0000000000000000000, 0.0000000000000000000, 1.000000000000000000 ) ) ;
#70 =( GEOMETRIC_REPRESENTATION_CONTEXT ( 3 ) GLOBAL_UNCERTAINTY_ASSIGNED_CONTEXT ( ( #6984 ) ) GLOBAL_UNIT_ASSIGNED_CONTEXT ( ( #6144, #6817, #3374 ) ) REPRESENTATION_CONTEXT ( 'NONE', 'WORKASPACE' ) );
#71 = VERTEX_POINT ( 'NONE', #704 ) ;
#72 =( NAMED_UNIT ( * ) SI_UNIT ( $, .STERADIAN. ) SOLID_ANGLE_UNIT ( ) );
#73 =( CONVERSION_BASED_UNIT ( 'INCH', #2794 ) LENGTH_UNIT ( ) NAMED_UNIT ( #4938 ) );
#74 = PRESENTATION_STYLE_ASSIGNMENT (( #3539 ) ) ;
#75 = VECTOR ( 'NONE', #6677, 39.37007874015748143 ) ;
#76 = SURFACE_SIDE_STYLE ('',( #8259 ) ) ;
#77 = PRESENTATION_LAYER_ASSIGNMENT (  '', '', ( #7682 ) ) ;
#78 = CARTESIAN_POINT ( 'NONE',  ( 0.02952755905511811330, -0.09389165368277065105, -1.425196850393700698 ) ) ;
#79 = ORIENTED_EDGE ( 'NONE', *, *, #443, .T. ) ;
#80 = SURFACE_SIDE_STYLE ('',( #6990 ) ) ;
#81 = SURFACE_STYLE_FILL_AREA ( #3430 ) ;
#82 = DIRECTION ( 'NONE',  ( -0.0000000000000000000, -0.0000000000000000000, -1.000000000000000000 ) ) ;
#83 = ORIENTED_EDGE ( 'NONE', *, *, #3615, .F. ) ;
#84 = DIRECTION ( 'NONE',  ( -1.000000000000000000, 0.0000000000000000000, 0.0000000000000000000 ) ) ;
#85 = VECTOR ( 'NONE', #8619, 39.37007874015748143 ) ;
#86 =( CONVERSION_BASED_UNIT ( 'INCH', #6666 ) LENGTH_UNIT ( ) NAMED_UNIT ( #3191 ) );
#87 = STYLED_ITEM ( 'NONE', ( #1233 ), #6462 ) ;
#88 = EDGE_CURVE ( 'NONE', #3226, #6672, #5457, .T. ) ;
#89 = COLOUR_RGB ( '',0.2509803921568627416, 0.2509803921568627416, 0.2509803921568627416 ) ;
#90 = ORIENTED_EDGE ( 'NONE', *, *, #7169, .F. ) ;
#91 = AXIS2_PLACEMENT_3D ( 'NONE', #6051, #1204, #5387 ) ;
#92 = DIRECTION ( 'NONE',  ( 0.0000000000000000000, 0.0000000000000000000, -1.000000000000000000 ) ) ;
#93 = LINE ( 'NONE', #4155, #4497 ) ;
#94 = ORIENTED_EDGE ( 'NONE', *, *, #7169, .T. ) ;
#95 = CARTESIAN_POINT ( 'NONE',  ( -0.1405634842519684902, 1.721406210661725844E-17, -1.700787401574803237 ) ) ;
#96 = MECHANICAL_DESIGN_GEOMETRIC_PRESENTATION_REPRESENTATION (  '', ( #522 ), #6424 ) ;
#97 = AXIS2_PLACEMENT_3D ( 'NONE', #7910, #3346, #1849 ) ;
#98 = AXIS2_PLACEMENT_3D ( 'NONE', #5465, #6760, #1415 ) ;
#99 = UNCERTAINTY_MEASURE_WITH_UNIT (LENGTH_MEASURE( 1.000000000000000082E-05 ), #2836, 'distance_accuracy_value', 'NONE');
#100 = CARTESIAN_POINT ( 'NONE',  ( -0.09570420454949610245, 0.2584392716516822341, 0.2007874015748032093 ) ) ;
#101 = EDGE_CURVE ( 'NONE', #2895, #2280, #4187, .T. ) ;
#102 = ORIENTED_EDGE ( 'NONE', *, *, #4536, .F. ) ;
#103 = LINE ( 'NONE', #7554, #6415 ) ;
#104 = AXIS2_PLACEMENT_3D ( 'NONE', #5555, #2383, #1549 ) ;
#105 = ORIENTED_EDGE ( 'NONE', *, *, #66, .T. ) ;
#106 = SURFACE_SIDE_STYLE ('',( #4126 ) ) ;
#107 = AXIS2_PLACEMENT_3D ( 'NONE', #8354, #42, #3429 ) ;
#108 = DIRECTION ( 'NONE',  ( 0.0000000000000000000, 0.0000000000000000000, 1.000000000000000000 ) ) ;
#109 = CARTESIAN_POINT ( 'NONE',  ( 0.1734482842422474524, 0.01326871394326617666, 0.03937007874015747977 ) ) ;
#110 = CIRCLE ( 'NONE', #3339, 0.1467150590551181133 ) ;
#111 = DIMENSIONAL_EXPONENTS ( 1.000000000000000000, 0.0000000000000000000, 0.0000000000000000000, 0.0000000000000000000, 0.0000000000000000000, 0.0000000000000000000, 0.0000000000000000000 ) ;
#112 = DIRECTION ( 'NONE',  ( 0.0000000000000000000, -1.000000000000000000, 0.0000000000000000000 ) ) ;
#113 = ADVANCED_FACE ( 'NONE', ( #5412 ), #4105, .T. ) ;
#114 = LINE ( 'NONE', #1555, #1410 ) ;
#115 = VERTEX_POINT ( 'NONE', #2928 ) ;
#116 = EDGE_CURVE ( 'NONE', #6591, #6018, #6247, .T. ) ;
#117 = DIRECTION ( 'NONE',  ( 0.0000000000000000000, 0.0000000000000000000, 1.000000000000000000 ) ) ;
#118 = VECTOR ( 'NONE', #5569, 39.37007874015748143 ) ;
#119 = CARTESIAN_POINT ( 'NONE',  ( 0.02952755905511811330, 0.1141732283464566844, -1.307086614173228467 ) ) ;
#120 = CARTESIAN_POINT ( 'NONE',  ( 0.09389165368277066492, -0.02952755905511809942, -1.700787401574803237 ) ) ;
#121 = AXIS2_PLACEMENT_3D ( 'NONE', #1495, #134, #8323 ) ;
#122 = PRESENTATION_LAYER_ASSIGNMENT (  '', '', ( #5743 ) ) ;
#123 = EDGE_CURVE ( 'NONE', #5770, #8684, #296, .T. ) ;
#124 = ORIENTED_EDGE ( 'NONE', *, *, #279, .F. ) ;
#125 = FACE_OUTER_BOUND ( 'NONE', #5594, .T. ) ;
#126 = EDGE_LOOP ( 'NONE', ( #7681, #7715, #2653, #7434 ) ) ;
#127 = VECTOR ( 'NONE', #7929, 39.37007874015748854 ) ;
#128 = SURFACE_SIDE_STYLE ('',( #4147 ) ) ;
#129 = ORIENTED_EDGE ( 'NONE', *, *, #2989, .T. ) ;
#130 = AXIS2_PLACEMENT_3D ( 'NONE', #100, #6133, #4769 ) ;
#131 = DIRECTION ( 'NONE',  ( 0.0000000000000000000, 0.0000000000000000000, 1.000000000000000000 ) ) ;
#132 = ORIENTED_EDGE ( 'NONE', *, *, #8330, .T. ) ;
#133 = FILL_AREA_STYLE_COLOUR ( '', #8002 ) ;
#134 = DIRECTION ( 'NONE',  ( -0.0000000000000000000, -0.0000000000000000000, -1.000000000000000000 ) ) ;
#135 = DIRECTION ( 'NONE',  ( -1.000000000000000000, 0.0000000000000000000, 0.0000000000000000000 ) ) ;
#136 = EDGE_LOOP ( 'NONE', ( #2249, #7162, #4074, #6652 ) ) ;
#137 = CIRCLE ( 'NONE', #5053, 0.09842519685039410882 ) ;
#138 = CARTESIAN_POINT ( 'NONE',  ( 0.1511701662292213311, -0.02689103927563765012, 0.4298724771940015676 ) ) ;
#139 = AXIS2_PLACEMENT_3D ( 'NONE', #3809, #6495, #8352 ) ;
#140 = EDGE_LOOP ( 'NONE', ( #6443, #624, #470, #8378 ) ) ;
#141 =( NAMED_UNIT ( * ) PLANE_ANGLE_UNIT ( ) SI_UNIT ( $, .RADIAN. ) );
#142 = SURFACE_STYLE_USAGE ( .BOTH. , #4847 ) ;
#143 = ORIENTED_EDGE ( 'NONE', *, *, #5587, .F. ) ;
#144 = FILL_AREA_STYLE_COLOUR ( '', #2612 ) ;
#145 = CARTESIAN_POINT ( 'NONE',  ( -0.1141732283464566844, 0.02952755905511811330, -1.346456692913385877 ) ) ;
#146 = FILL_AREA_STYLE_COLOUR ( '', #5668 ) ;
#147 = EDGE_CURVE ( 'NONE', #1024, #8006, #3263, .T. ) ;
#148 = DIRECTION ( 'NONE',  ( 1.000000000000000000, 0.0000000000000000000, 0.0000000000000000000 ) ) ;
#149 = SURFACE_STYLE_FILL_AREA ( #816 ) ;
#150 = FACE_OUTER_BOUND ( 'NONE', #4635, .T. ) ;
#151 = VERTEX_POINT ( 'NONE', #4306 ) ;
#152 = LENGTH_MEASURE_WITH_UNIT ( LENGTH_MEASURE( 0.02539999999999999897 ), #5523 );
#153 = AXIS2_PLACEMENT_3D ( 'NONE', #1701, #830, #210 ) ;
#154 = PRESENTATION_STYLE_ASSIGNMENT (( #4654 ) ) ;
#155 =( NAMED_UNIT ( * ) PLANE_ANGLE_UNIT ( ) SI_UNIT ( $, .RADIAN. ) );
#156 = EDGE_CURVE ( 'NONE', #5540, #6578, #4357, .T. ) ;
#157 = CARTESIAN_POINT ( 'NONE',  ( -0.09389165368277065105, 0.02952755905511811330, -1.307086614173228467 ) ) ;
#158 = COLOUR_RGB ( '',0.2509803921568627416, 0.2509803921568627416, 0.2509803921568627416 ) ;
#159 = ORIENTED_EDGE ( 'NONE', *, *, #7716, .F. ) ;
#160 = LINE ( 'NONE', #4263, #6982 ) ;
#161 = FILL_AREA_STYLE ('',( #6828 ) ) ;
#162 = VERTEX_POINT ( 'NONE', #2401 ) ;
#163 = DIMENSIONAL_EXPONENTS ( 1.000000000000000000, 0.0000000000000000000, 0.0000000000000000000, 0.0000000000000000000, 0.0000000000000000000, 0.0000000000000000000, 0.0000000000000000000 ) ;
#164 = CARTESIAN_POINT ( 'NONE',  ( 0.1141732283464566844, -0.02952755905511811330, -1.622047244094488194 ) ) ;
#165 = ORIENTED_EDGE ( 'NONE', *, *, #5482, .T. ) ;
#166 =( LENGTH_UNIT ( ) NAMED_UNIT ( * ) SI_UNIT ( $, .METRE. ) );
#167 = SURFACE_SIDE_STYLE ('',( #6168 ) ) ;
#168 = EDGE_CURVE ( 'NONE', #840, #5443, #7789, .T. ) ;
#169 =( CONVERSION_BASED_UNIT ( 'INCH', #1573 ) LENGTH_UNIT ( ) NAMED_UNIT ( #6232 ) );
#170 = EDGE_CURVE ( 'NONE', #1070, #4227, #7804, .T. ) ;
#171 = COLOUR_RGB ( '',0.2509803921568627416, 0.2509803921568627416, 0.2509803921568627416 ) ;
#172 = AXIS2_PLACEMENT_3D ( 'NONE', #5972, #4754, #8772 ) ;
#173 = CARTESIAN_POINT ( 'NONE',  ( 0.09389165368277023471, 0.02952755905511811330, -1.622047244094488194 ) ) ;
#174 = VERTEX_POINT ( 'NONE', #2887 ) ;
#175 = LENGTH_MEASURE_WITH_UNIT ( LENGTH_MEASURE( 0.02539999999999999897 ), #5421 );
#176 = DIRECTION ( 'NONE',  ( -1.000000000000000000, 0.0000000000000000000, 0.0000000000000000000 ) ) ;
#177 = DIRECTION ( 'NONE',  ( 0.0000000000000000000, 0.0000000000000000000, 1.000000000000000000 ) ) ;
#178 = ORIENTED_EDGE ( 'NONE', *, *, #7775, .T. ) ;
#179 =( GEOMETRIC_REPRESENTATION_CONTEXT ( 3 ) GLOBAL_UNCERTAINTY_ASSIGNED_CONTEXT ( ( #5270 ) ) GLOBAL_UNIT_ASSIGNED_CONTEXT ( ( #4615, #5177, #3334 ) ) REPRESENTATION_CONTEXT ( 'NONE', 'WORKASPACE' ) );
#180 = DIRECTION ( 'NONE',  ( 0.0000000000000000000, 0.0000000000000000000, 1.000000000000000000 ) ) ;
#181 = UNCERTAINTY_MEASURE_WITH_UNIT (LENGTH_MEASURE( 1.000000000000000082E-05 ), #5995, 'distance_accuracy_value', 'NONE');
#182 = CIRCLE ( 'NONE', #8530, 0.01574803149606299885 ) ;
#183 = CYLINDRICAL_SURFACE ( 'NONE', #5334, 0.007874015748031482076 ) ;
#184 = VECTOR ( 'NONE', #5864, 39.37007874015748143 ) ;
#185 = FILL_AREA_STYLE_COLOUR ( '', #2745 ) ;
#186 = ORIENTED_EDGE ( 'NONE', *, *, #1940, .F. ) ;
#187 = LENGTH_MEASURE_WITH_UNIT ( LENGTH_MEASURE( 0.02539999999999999897 ), #6226 );
#188 = LENGTH_MEASURE_WITH_UNIT ( LENGTH_MEASURE( 0.02539999999999999897 ), #853 );
#189 = ORIENTED_EDGE ( 'NONE', *, *, #244, .T. ) ;
#190 = PRESENTATION_STYLE_ASSIGNMENT (( #2251 ) ) ;
#191 =( NAMED_UNIT ( * ) PLANE_ANGLE_UNIT ( ) SI_UNIT ( $, .RADIAN. ) );
#192 = PLANE ( 'NONE',  #1946 ) ;
#193 = DIRECTION ( 'NONE',  ( 0.0000000000000000000, -1.000000000000000000, 0.0000000000000000000 ) ) ;
#194 = DIRECTION ( 'NONE',  ( 0.0000000000000000000, 0.0000000000000000000, -1.000000000000000000 ) ) ;
#195 = UNCERTAINTY_MEASURE_WITH_UNIT (LENGTH_MEASURE( 1.000000000000000082E-05 ), #7600, 'distance_accuracy_value', 'NONE');
#196 = CARTESIAN_POINT ( 'NONE',  ( -0.02952755905511811330, 0.1141732283464566844, -1.622047244094488194 ) ) ;
#197 = CARTESIAN_POINT ( 'NONE',  ( -0.02952755905511811330, 0.09389165368277023471, -1.464566929133858109 ) ) ;
#198 = ORIENTED_EDGE ( 'NONE', *, *, #147, .F. ) ;
#199 = VECTOR ( 'NONE', #7260, 39.37007874015748143 ) ;
#200 = EDGE_CURVE ( 'NONE', #7736, #7531, #743, .T. ) ;
#201 = PLANE ( 'NONE',  #3326 ) ;
#202 = LINE ( 'NONE', #2877, #118 ) ;
#203 =( NAMED_UNIT ( * ) SI_UNIT ( $, .STERADIAN. ) SOLID_ANGLE_UNIT ( ) );
#204 = VECTOR ( 'NONE', #7691, 39.37007874015748143 ) ;
#205 = DIMENSIONAL_EXPONENTS ( 1.000000000000000000, 0.0000000000000000000, 0.0000000000000000000, 0.0000000000000000000, 0.0000000000000000000, 0.0000000000000000000, 0.0000000000000000000 ) ;
#206 = ORIENTED_EDGE ( 'NONE', *, *, #4897, .T. ) ;
#207 = SURFACE_STYLE_USAGE ( .BOTH. , #829 ) ;
#208 = PRESENTATION_STYLE_ASSIGNMENT (( #2969 ) ) ;
#209 = EDGE_CURVE ( 'NONE', #1848, #1609, #8313, .T. ) ;
#210 = DIRECTION ( 'NONE',  ( 1.000000000000000000, 0.0000000000000000000, 0.0000000000000000000 ) ) ;
#211 = EDGE_LOOP ( 'NONE', ( #4414, #4584, #7059, #2842 ) ) ;
#212 = PRESENTATION_LAYER_ASSIGNMENT (  '', '', ( #6548 ) ) ;
#213 = DIRECTION ( 'NONE',  ( 0.0000000000000000000, -1.000000000000000000, 0.0000000000000000000 ) ) ;
#214 = VERTEX_POINT ( 'NONE', #3644 ) ;
#215 = DIRECTION ( 'NONE',  ( 0.0000000000000000000, 0.0000000000000000000, 1.000000000000000000 ) ) ;
#216 = DIRECTION ( 'NONE',  ( 0.0000000000000000000, 0.0000000000000000000, 1.000000000000000000 ) ) ;
#217 = LINE ( 'NONE', #5337, #6102 ) ;
#218 = EDGE_CURVE ( 'NONE', #2820, #2631, #2359, .T. ) ;
#219 = FACE_OUTER_BOUND ( 'NONE', #140, .T. ) ;
#220 = ORIENTED_EDGE ( 'NONE', *, *, #760, .T. ) ;
#221 = EDGE_CURVE ( 'NONE', #6353, #6099, #8523, .T. ) ;
#222 = SURFACE_STYLE_USAGE ( .BOTH. , #305 ) ;
#223 = SURFACE_STYLE_FILL_AREA ( #6970 ) ;
#224 = CARTESIAN_POINT ( 'NONE',  ( 0.02952755905511811330, -0.1141732283464566844, -1.307086614173228467 ) ) ;
#225 = VERTEX_POINT ( 'NONE', #6959 ) ;
#226 = VECTOR ( 'NONE', #914, 39.37007874015748143 ) ;
#227 = CARTESIAN_POINT ( 'NONE',  ( 0.1141732283464566844, -0.02952755905511811330, -1.346456692913385877 ) ) ;
#228 = DIMENSIONAL_EXPONENTS ( 1.000000000000000000, 0.0000000000000000000, 0.0000000000000000000, 0.0000000000000000000, 0.0000000000000000000, 0.0000000000000000000, 0.0000000000000000000 ) ;
#229 = PRESENTATION_LAYER_ASSIGNMENT (  '', '', ( #7840 ) ) ;
#230 = CIRCLE ( 'NONE', #2890, 0.1614173228346456601 ) ;
#231 = CIRCLE ( 'NONE', #5992, 0.09842519685039410882 ) ;
#232 = ORIENTED_EDGE ( 'NONE', *, *, #3043, .T. ) ;
#233 = SURFACE_SIDE_STYLE ('',( #5475 ) ) ;
#234 =( NAMED_UNIT ( * ) SI_UNIT ( $, .STERADIAN. ) SOLID_ANGLE_UNIT ( ) );
#235 = ORIENTED_EDGE ( 'NONE', *, *, #2260, .T. ) ;
#236 = VECTOR ( 'NONE', #2349, 39.37007874015748143 ) ;
#237 = COLOUR_RGB ( '',0.2509803921568627416, 0.2509803921568627416, 0.2509803921568627416 ) ;
#238 = FILL_AREA_STYLE ('',( #7607 ) ) ;
#239 = AXIS2_PLACEMENT_3D ( 'NONE', #5692, #4933, #5649 ) ;
#240 = ORIENTED_EDGE ( 'NONE', *, *, #7345, .T. ) ;
#241 = SURFACE_STYLE_USAGE ( .BOTH. , #80 ) ;
#242 = PRESENTATION_STYLE_ASSIGNMENT (( #7119 ) ) ;
#243 = CARTESIAN_POINT ( 'NONE',  ( 0.0000000000000000000, 0.0000000000000000000, -1.661417322834645827 ) ) ;
#244 = EDGE_CURVE ( 'NONE', #6047, #2596, #919, .T. ) ;
#245 = DIRECTION ( 'NONE',  ( 0.0000000000000000000, 0.0000000000000000000, -1.000000000000000000 ) ) ;
#246 = EDGE_LOOP ( 'NONE', ( #3696, #5260, #6830, #636, #3017, #1942, #2914, #2314, #6960, #311, #1960, #7506, #5731, #7246, #5667, #6616 ) ) ;
#247 = CARTESIAN_POINT ( 'NONE',  ( -0.09389165368277023471, -0.02952755905511811330, -1.543307086614173151 ) ) ;
#248 = VECTOR ( 'NONE', #570, 39.37007874015748143 ) ;
#249 =( LENGTH_UNIT ( ) NAMED_UNIT ( * ) SI_UNIT ( $, .METRE. ) );
#250 =( NAMED_UNIT ( * ) PLANE_ANGLE_UNIT ( ) SI_UNIT ( $, .RADIAN. ) );
#251 = ORIENTED_EDGE ( 'NONE', *, *, #6020, .T. ) ;
#252 = ORIENTED_EDGE ( 'NONE', *, *, #3947, .F. ) ;
#253 = LINE ( 'NONE', #298, #8178 ) ;
#254 = FILL_AREA_STYLE_COLOUR ( '', #6587 ) ;
#255 = LINE ( 'NONE', #3779, #3830 ) ;
#256 = SURFACE_STYLE_USAGE ( .BOTH. , #7852 ) ;
#257 = VECTOR ( 'NONE', #3372, 39.37007874015748143 ) ;
#258 = EDGE_CURVE ( 'NONE', #6301, #888, #3117, .T. ) ;
#259 = VERTEX_POINT ( 'NONE', #3776 ) ;
#260 = STYLED_ITEM ( 'NONE', ( #7771 ), #8651 ) ;
#261 = FACE_OUTER_BOUND ( 'NONE', #324, .T. ) ;
#262 =( LENGTH_UNIT ( ) NAMED_UNIT ( * ) SI_UNIT ( $, .METRE. ) );
#263 = ORIENTED_EDGE ( 'NONE', *, *, #2009, .T. ) ;
#264 = SURFACE_SIDE_STYLE ('',( #5136 ) ) ;
#265 = SURFACE_STYLE_USAGE ( .BOTH. , #5016 ) ;
#266 = VECTOR ( 'NONE', #5472, 39.37007874015748143 ) ;
#267 = EDGE_CURVE ( 'NONE', #1918, #1060, #5263, .T. ) ;
#268 = MECHANICAL_DESIGN_GEOMETRIC_PRESENTATION_REPRESENTATION (  '', ( #8041 ), #5326 ) ;
#269 = UNCERTAINTY_MEASURE_WITH_UNIT (LENGTH_MEASURE( 1.000000000000000082E-05 ), #7480, 'distance_accuracy_value', 'NONE');
#270 = ORIENTED_EDGE ( 'NONE', *, *, #3997, .T. ) ;
#271 = DIRECTION ( 'NONE',  ( 0.0000000000000000000, 0.0000000000000000000, -1.000000000000000000 ) ) ;
#272 = AXIS2_PLACEMENT_3D ( 'NONE', #4108, #6757, #4069 ) ;
#273 = CARTESIAN_POINT ( 'NONE',  ( 0.0000000000000000000, 0.0000000000000000000, 0.4298724771940015676 ) ) ;
#274 = EDGE_LOOP ( 'NONE', ( #7097, #6875, #7283, #1735 ) ) ;
#275 = CARTESIAN_POINT ( 'NONE',  ( 0.0000000000000000000, 0.0000000000000000000, 0.4298724771940015676 ) ) ;
#276 = AXIS2_PLACEMENT_3D ( 'NONE', #6045, #4633, #535 ) ;
#277 = LENGTH_MEASURE_WITH_UNIT ( LENGTH_MEASURE( 0.02539999999999999897 ), #6055 );
#278 = SURFACE_STYLE_USAGE ( .BOTH. , #4850 ) ;
#279 = EDGE_CURVE ( 'NONE', #8593, #4393, #4257, .T. ) ;
#280 = FACE_OUTER_BOUND ( 'NONE', #5184, .T. ) ;
#281 = ADVANCED_FACE ( 'NONE', ( #5929 ), #5125, .T. ) ;
#282 = COLOUR_RGB ( '',0.2509803921568627416, 0.2509803921568627416, 0.2509803921568627416 ) ;
#283 = DIMENSIONAL_EXPONENTS ( 1.000000000000000000, 0.0000000000000000000, 0.0000000000000000000, 0.0000000000000000000, 0.0000000000000000000, 0.0000000000000000000, 0.0000000000000000000 ) ;
#284 = UNCERTAINTY_MEASURE_WITH_UNIT (LENGTH_MEASURE( 1.000000000000000082E-05 ), #7862, 'distance_accuracy_value', 'NONE');
#285 = CARTESIAN_POINT ( 'NONE',  ( -0.07523309877070719076, -0.1568449773682431270, 0.2007874015748032093 ) ) ;
#286 = PRESENTATION_STYLE_ASSIGNMENT (( #8524 ) ) ;
#287 = ORIENTED_EDGE ( 'NONE', *, *, #8058, .T. ) ;
#288 = CARTESIAN_POINT ( 'NONE',  ( 0.0000000000000000000, 0.0000000000000000000, -1.771653543307086576 ) ) ;
#289 =( LENGTH_UNIT ( ) NAMED_UNIT ( * ) SI_UNIT ( $, .METRE. ) );
#290 = VECTOR ( 'NONE', #868, 39.37007874015748143 ) ;
#291 = SURFACE_STYLE_FILL_AREA ( #7125 ) ;
#292 = ORIENTED_EDGE ( 'NONE', *, *, #7053, .F. ) ;
#293 = FACE_OUTER_BOUND ( 'NONE', #1161, .T. ) ;
#294 =( NAMED_UNIT ( * ) SI_UNIT ( $, .STERADIAN. ) SOLID_ANGLE_UNIT ( ) );
#295 = VERTEX_POINT ( 'NONE', #520 ) ;
#296 = LINE ( 'NONE', #1610, #1859 ) ;
#297 = ORIENTED_EDGE ( 'NONE', *, *, #3812, .T. ) ;
#298 = CARTESIAN_POINT ( 'NONE',  ( -0.1141732283464566844, 0.02952755905511811330, -1.582677165354331006 ) ) ;
#299 = FILL_AREA_STYLE ('',( #2316 ) ) ;
#300 = LENGTH_MEASURE_WITH_UNIT ( LENGTH_MEASURE( 0.02539999999999999897 ), #1747 );
#301 = PRESENTATION_LAYER_ASSIGNMENT (  '', '', ( #3106 ) ) ;
#302 =( LENGTH_UNIT ( ) NAMED_UNIT ( * ) SI_UNIT ( $, .METRE. ) );
#303 =( LENGTH_UNIT ( ) NAMED_UNIT ( * ) SI_UNIT ( $, .METRE. ) );
#304 = ORIENTED_EDGE ( 'NONE', *, *, #1379, .T. ) ;
#305 = SURFACE_SIDE_STYLE ('',( #928 ) ) ;
#306 = VERTEX_POINT ( 'NONE', #7934 ) ;
#307 = EDGE_CURVE ( 'NONE', #6574, #720, #1216, .T. ) ;
#308 = CARTESIAN_POINT ( 'NONE',  ( 0.1141732283464566844, 0.02952755905511811330, -1.543307086614173151 ) ) ;
#309 = AXIS2_PLACEMENT_3D ( 'NONE', #1409, #2187, #3551 ) ;
#310 = STYLED_ITEM ( 'NONE', ( #5306 ), #281 ) ;
#311 = ORIENTED_EDGE ( 'NONE', *, *, #5003, .T. ) ;
#312 = PRESENTATION_LAYER_ASSIGNMENT (  '', '', ( #35 ) ) ;
#313 = CYLINDRICAL_SURFACE ( 'NONE', #8146, 0.01574803149606300232 ) ;
#314 = CARTESIAN_POINT ( 'NONE',  ( -0.09389165368277065105, 0.02952755905511811330, -1.661417322834645827 ) ) ;
#315 = ORIENTED_EDGE ( 'NONE', *, *, #1078, .T. ) ;
#316 = ADVANCED_FACE ( 'NONE', ( #4524 ), #427, .F. ) ;
#317 = SURFACE_SIDE_STYLE ('',( #4378 ) ) ;
#318 = DIMENSIONAL_EXPONENTS ( 1.000000000000000000, 0.0000000000000000000, 0.0000000000000000000, 0.0000000000000000000, 0.0000000000000000000, 0.0000000000000000000, 0.0000000000000000000 ) ;
#319 = DIRECTION ( 'NONE',  ( 0.0000000000000000000, -1.000000000000000000, 0.0000000000000000000 ) ) ;
#320 = CIRCLE ( 'NONE', #2021, 0.01574803149606300232 ) ;
#321 = VECTOR ( 'NONE', #5683, 39.37007874015748143 ) ;
#322 = CARTESIAN_POINT ( 'NONE',  ( 0.09389165368277066492, -0.02952755905511809942, -1.385826771653543510 ) ) ;
#323 =( LENGTH_UNIT ( ) NAMED_UNIT ( * ) SI_UNIT ( $, .METRE. ) );
#324 = EDGE_LOOP ( 'NONE', ( #1888, #3470 ) ) ;
#325 = ADVANCED_FACE ( 'NONE', ( #6153 ), #7485, .F. ) ;
#326 = ADVANCED_FACE ( 'NONE', ( #4048 ), #7446, .T. ) ;
#327 = MECHANICAL_DESIGN_GEOMETRIC_PRESENTATION_REPRESENTATION (  '', ( #2285 ), #7657 ) ;
#328 = LINE ( 'NONE', #3724, #3033 ) ;
#329 = SURFACE_STYLE_USAGE ( .BOTH. , #4347 ) ;
#330 = CARTESIAN_POINT ( 'NONE',  ( 0.1566428374084818387, -0.02122976784918762655, 0.2007874015748031260 ) ) ;
#331 = DIRECTION ( 'NONE',  ( -1.000000000000000000, 0.0000000000000000000, 0.0000000000000000000 ) ) ;
#332 = ORIENTED_EDGE ( 'NONE', *, *, #3122, .T. ) ;
#333 = LINE ( 'NONE', #2399, #7546 ) ;
#334 =( NAMED_UNIT ( * ) PLANE_ANGLE_UNIT ( ) SI_UNIT ( $, .RADIAN. ) );
#335 = CARTESIAN_POINT ( 'NONE',  ( 0.0000000000000000000, 0.0000000000000000000, 0.2007874015748032093 ) ) ;
#336 = ORIENTED_EDGE ( 'NONE', *, *, #5090, .F. ) ;
#337 = DIRECTION ( 'NONE',  ( 0.0000000000000000000, 0.0000000000000000000, 1.000000000000000000 ) ) ;
#338 = ORIENTED_EDGE ( 'NONE', *, *, #3175, .F. ) ;
#339 = CARTESIAN_POINT ( 'NONE',  ( 0.0000000000000000000, 0.0000000000000000000, -1.425196850393700698 ) ) ;
#340 = FACE_OUTER_BOUND ( 'NONE', #3453, .T. ) ;
#341 = SURFACE_STYLE_FILL_AREA ( #6298 ) ;
#342 = UNCERTAINTY_MEASURE_WITH_UNIT (LENGTH_MEASURE( 1.000000000000000082E-05 ), #6130, 'distance_accuracy_value', 'NONE');
#343 = AXIS2_PLACEMENT_3D ( 'NONE', #3269, #8062, #5956 ) ;
#344 =( NAMED_UNIT ( * ) PLANE_ANGLE_UNIT ( ) SI_UNIT ( $, .RADIAN. ) );
#345 = VERTEX_POINT ( 'NONE', #7524 ) ;
#346 =( CONVERSION_BASED_UNIT ( 'INCH', #6302 ) LENGTH_UNIT ( ) NAMED_UNIT ( #8581 ) );
#347 = CARTESIAN_POINT ( 'NONE',  ( 0.1141732283464566844, -0.02952755905511811330, -1.661417322834645827 ) ) ;
#348 =( LENGTH_UNIT ( ) NAMED_UNIT ( * ) SI_UNIT ( $, .METRE. ) );
#349 = ORIENTED_EDGE ( 'NONE', *, *, #759, .T. ) ;
#350 = CARTESIAN_POINT ( 'NONE',  ( -0.09448818897637792369, 0.03149606299212599769, 0.0000000000000000000 ) ) ;
#351 = PRESENTATION_LAYER_ASSIGNMENT (  '', '', ( #6839 ) ) ;
#352 = UNCERTAINTY_MEASURE_WITH_UNIT (LENGTH_MEASURE( 1.000000000000000082E-05 ), #6231, 'distance_accuracy_value', 'NONE');
#353 = PLANE ( 'NONE',  #1814 ) ;
#354 = AXIS2_PLACEMENT_3D ( 'NONE', #2729, #6218, #4073 ) ;
#355 = ORIENTED_EDGE ( 'NONE', *, *, #2095, .T. ) ;
#356 = AXIS2_PLACEMENT_3D ( 'NONE', #5080, #8447, #7843 ) ;
#357 =( LENGTH_UNIT ( ) NAMED_UNIT ( * ) SI_UNIT ( $, .METRE. ) );
#358 = CARTESIAN_POINT ( 'NONE',  ( 0.02952755905511811330, 0.1141732283464566844, -1.307086614173228467 ) ) ;
#359 = CARTESIAN_POINT ( 'NONE',  ( -0.05707498703981752491, 0.1509900591612205467, 0.2007874015748031260 ) ) ;
#360 = ORIENTED_EDGE ( 'NONE', *, *, #1065, .F. ) ;
#361 = LINE ( 'NONE', #1116, #8294 ) ;
#362 = FACE_BOUND ( 'NONE', #4623, .T. ) ;
#363 = CARTESIAN_POINT ( 'NONE',  ( 0.05511811023622045780, 0.07874015748031495954, 0.0000000000000000000 ) ) ;
#364 = AXIS2_PLACEMENT_3D ( 'NONE', #4966, #5095, #1752 ) ;
#365 = AXIS2_PLACEMENT_3D ( 'NONE', #2786, #766, #3491 ) ;
#366 = CARTESIAN_POINT ( 'NONE',  ( -0.09389165368277065105, 0.02952755905511811330, -1.543307086614173151 ) ) ;
#367 = EDGE_CURVE ( 'NONE', #7048, #2641, #6868, .T. ) ;
#368 = UNCERTAINTY_MEASURE_WITH_UNIT (LENGTH_MEASURE( 1.000000000000000082E-05 ), #5498, 'distance_accuracy_value', 'NONE');
#369 = DIRECTION ( 'NONE',  ( -1.000000000000000000, 0.0000000000000000000, 0.0000000000000000000 ) ) ;
#370 = EDGE_LOOP ( 'NONE', ( #4364, #3804, #4512, #7873 ) ) ;
#371 = STYLED_ITEM ( 'NONE', ( #7616 ), #6693 ) ;
#372 = LINE ( 'NONE', #1040, #8574 ) ;
#373 = DIRECTION ( 'NONE',  ( 0.0000000000000000000, 0.0000000000000000000, 1.000000000000000000 ) ) ;
#374 = FACE_BOUND ( 'NONE', #4787, .T. ) ;
#375 = COLOUR_RGB ( '',0.7450980392156862919, 0.7450980392156862919, 0.7450980392156862919 ) ;
#376 = ADVANCED_FACE ( 'NONE', ( #6202, #648 ), #3331, .T. ) ;
#377 = AXIS2_PLACEMENT_3D ( 'NONE', #6294, #1705, #1570 ) ;
#378 = DIMENSIONAL_EXPONENTS ( 1.000000000000000000, 0.0000000000000000000, 0.0000000000000000000, 0.0000000000000000000, 0.0000000000000000000, 0.0000000000000000000, 0.0000000000000000000 ) ;
#379 = AXIS2_PLACEMENT_3D ( 'NONE', #7142, #7770, #5012 ) ;
#380 = ORIENTED_EDGE ( 'NONE', *, *, #4200, .F. ) ;
#381 =( LENGTH_UNIT ( ) NAMED_UNIT ( * ) SI_UNIT ( $, .METRE. ) );
#382 = SURFACE_SIDE_STYLE ('',( #4391 ) ) ;
#383 = DIRECTION ( 'NONE',  ( 1.000000000000000000, 0.0000000000000000000, 0.0000000000000000000 ) ) ;
#384 = STYLED_ITEM ( 'NONE', ( #872 ), #7071 ) ;
#385 = DIRECTION ( 'NONE',  ( 0.0000000000000000000, 0.0000000000000000000, 1.000000000000000000 ) ) ;
#386 = ORIENTED_EDGE ( 'NONE', *, *, #6138, .F. ) ;
#387 = FILL_AREA_STYLE ('',( #2234 ) ) ;
#388 =( GEOMETRIC_REPRESENTATION_CONTEXT ( 3 ) GLOBAL_UNCERTAINTY_ASSIGNED_CONTEXT ( ( #5825 ) ) GLOBAL_UNIT_ASSIGNED_CONTEXT ( ( #6431, #7672, #1576 ) ) REPRESENTATION_CONTEXT ( 'NONE', 'WORKASPACE' ) );
#389 = DIRECTION ( 'NONE',  ( 0.0000000000000000000, 0.0000000000000000000, -1.000000000000000000 ) ) ;
#390 = EDGE_CURVE ( 'NONE', #6890, #5399, #1813, .T. ) ;
#391 = CIRCLE ( 'NONE', #6596, 0.007874015748031499423 ) ;
#392 =( NAMED_UNIT ( * ) SI_UNIT ( $, .STERADIAN. ) SOLID_ANGLE_UNIT ( ) );
#393 = ORIENTED_EDGE ( 'NONE', *, *, #1193, .T. ) ;
#394 = CARTESIAN_POINT ( 'NONE',  ( -0.1102362204724409434, 0.03149606299212599769, 0.0000000000000000000 ) ) ;
#395 = LENGTH_MEASURE_WITH_UNIT ( LENGTH_MEASURE( 0.02539999999999999897 ), #3656 );
#396 = ORIENTED_EDGE ( 'NONE', *, *, #6859, .T. ) ;
#397 = FILL_AREA_STYLE_COLOUR ( '', #3894 ) ;
#398 = PRESENTATION_STYLE_ASSIGNMENT (( #265 ) ) ;
#399 = LINE ( 'NONE', #3074, #7469 ) ;
#400 = COLOUR_RGB ( '',0.2509803921568627416, 0.2509803921568627416, 0.2509803921568627416 ) ;
#401 = EDGE_LOOP ( 'NONE', ( #4456, #3990, #5533, #3645 ) ) ;
#402 = LENGTH_MEASURE_WITH_UNIT ( LENGTH_MEASURE( 0.02539999999999999897 ), #8510 );
#403 = SURFACE_STYLE_FILL_AREA ( #4457 ) ;
#404 = LINE ( 'NONE', #4332, #6125 ) ;
#405 = VERTEX_POINT ( 'NONE', #908 ) ;
#406 = CARTESIAN_POINT ( 'NONE',  ( 0.1723862642169728676, -0.01705977506991366785, 0.2007874015748031260 ) ) ;
#407 = PRESENTATION_STYLE_ASSIGNMENT (( #5415 ) ) ;
#408 =( CONVERSION_BASED_UNIT ( 'INCH', #6949 ) LENGTH_UNIT ( ) NAMED_UNIT ( #4316 ) );
#409 = VECTOR ( 'NONE', #7788, 39.37007874015748143 ) ;
#410 =( NAMED_UNIT ( * ) SI_UNIT ( $, .STERADIAN. ) SOLID_ANGLE_UNIT ( ) );
#411 = PRESENTATION_STYLE_ASSIGNMENT (( #7242 ) ) ;
#412 = VECTOR ( 'NONE', #3640, 39.37007874015748143 ) ;
#413 = FILL_AREA_STYLE_COLOUR ( '', #8697 ) ;
#414 = LINE ( 'NONE', #6402, #6176 ) ;
#415 = AXIS2_PLACEMENT_3D ( 'NONE', #4843, #7552, #4203 ) ;
#416 = ORIENTED_EDGE ( 'NONE', *, *, #529, .F. ) ;
#417 = PRESENTATION_STYLE_ASSIGNMENT (( #1642 ) ) ;
#418 = LINE ( 'NONE', #1083, #5589 ) ;
#419 = EDGE_CURVE ( 'NONE', #2908, #1822, #5777, .T. ) ;
#420 = FILL_AREA_STYLE ('',( #4387 ) ) ;
#421 = LENGTH_MEASURE_WITH_UNIT ( LENGTH_MEASURE( 0.02539999999999999897 ), #3094 );
#422 = VECTOR ( 'NONE', #1043, 39.37007874015748143 ) ;
#423 = ORIENTED_EDGE ( 'NONE', *, *, #7594, .T. ) ;
#424 = CARTESIAN_POINT ( 'NONE',  ( 0.2755905511811023723, 0.0000000000000000000, -1.169291338582677087 ) ) ;
#425 = AXIS2_PLACEMENT_3D ( 'NONE', #2390, #5032, #8392 ) ;
#426 =( NAMED_UNIT ( * ) SI_UNIT ( $, .STERADIAN. ) SOLID_ANGLE_UNIT ( ) );
#427 = PLANE ( 'NONE',  #6516 ) ;
#428 = VERTEX_POINT ( 'NONE', #1767 ) ;
#429 = ADVANCED_FACE ( 'NONE', ( #3171 ), #6446, .F. ) ;
#430 = CARTESIAN_POINT ( 'NONE',  ( 0.1763041338582677087, -0.01744749723059352275, 0.2007874015748031260 ) ) ;
#431 = SURFACE_SIDE_STYLE ('',( #7849 ) ) ;
#432 = DIRECTION ( 'NONE',  ( 1.000000000000000000, 0.0000000000000000000, 0.0000000000000000000 ) ) ;
#433 = UNCERTAINTY_MEASURE_WITH_UNIT (LENGTH_MEASURE( 1.000000000000000082E-05 ), #408, 'distance_accuracy_value', 'NONE');
#434 = ORIENTED_EDGE ( 'NONE', *, *, #8330, .F. ) ;
#435 = DIMENSIONAL_EXPONENTS ( 1.000000000000000000, 0.0000000000000000000, 0.0000000000000000000, 0.0000000000000000000, 0.0000000000000000000, 0.0000000000000000000, 0.0000000000000000000 ) ;
#436 = SURFACE_STYLE_FILL_AREA ( #1887 ) ;
#437 = DIRECTION ( 'NONE',  ( 0.0000000000000000000, -1.000000000000000000, 0.0000000000000000000 ) ) ;
#438 = COLOUR_RGB ( '',0.7450980392156862919, 0.7450980392156862919, 0.7450980392156862919 ) ;
#439 =( LENGTH_UNIT ( ) NAMED_UNIT ( * ) SI_UNIT ( $, .METRE. ) );
#440 = ORIENTED_EDGE ( 'NONE', *, *, #3671, .F. ) ;
#441 = EDGE_CURVE ( 'NONE', #6866, #3642, #2261, .T. ) ;
#442 =( CONVERSION_BASED_UNIT ( 'INCH', #8462 ) LENGTH_UNIT ( ) NAMED_UNIT ( #1846 ) );
#443 = EDGE_CURVE ( 'NONE', #8584, #1047, #2420, .T. ) ;
#444 = LINE ( 'NONE', #4450, #6929 ) ;
#445 = CIRCLE ( 'NONE', #6645, 0.09842519685039410882 ) ;
#446 = CARTESIAN_POINT ( 'NONE',  ( 0.02952755905511810289, 0.09389165368277065105, -1.622047244094488194 ) ) ;
#447 = ORIENTED_EDGE ( 'NONE', *, *, #4466, .F. ) ;
#448 = LENGTH_MEASURE_WITH_UNIT ( LENGTH_MEASURE( 0.02539999999999999897 ), #357 );
#449 = DIRECTION ( 'NONE',  ( 0.0000000000000000000, -1.000000000000000000, 0.0000000000000000000 ) ) ;
#450 = CARTESIAN_POINT ( 'NONE',  ( 0.0000000000000000000, 0.0000000000000000000, -1.622047244094488194 ) ) ;
#451 = ORIENTED_EDGE ( 'NONE', *, *, #4574, .T. ) ;
#452 = CARTESIAN_POINT ( 'NONE',  ( 0.02952755905511810289, 0.09389165368277065105, -1.267716535433071057 ) ) ;
#453 = VECTOR ( 'NONE', #6436, 39.37007874015748143 ) ;
#454 = LENGTH_MEASURE_WITH_UNIT ( LENGTH_MEASURE( 0.02539999999999999897 ), #1117 );
#455 = CARTESIAN_POINT ( 'NONE',  ( -0.09389165368277065105, 0.02952755905511811330, -1.425196850393700698 ) ) ;
#456 = LINE ( 'NONE', #1248, #7096 ) ;
#457 = UNCERTAINTY_MEASURE_WITH_UNIT (LENGTH_MEASURE( 1.000000000000000082E-05 ), #4057, 'distance_accuracy_value', 'NONE');
#458 = AXIS2_PLACEMENT_3D ( 'NONE', #4535, #2028, #8731 ) ;
#459 = AXIS2_PLACEMENT_3D ( 'NONE', #2536, #5307, #5889 ) ;
#460 = DIRECTION ( 'NONE',  ( 0.0000000000000000000, 0.0000000000000000000, -1.000000000000000000 ) ) ;
#461 = ORIENTED_EDGE ( 'NONE', *, *, #6730, .T. ) ;
#462 = FILL_AREA_STYLE ('',( #6497 ) ) ;
#463 = FILL_AREA_STYLE_COLOUR ( '', #2189 ) ;
#464 = FACE_OUTER_BOUND ( 'NONE', #3145, .T. ) ;
#465 = CARTESIAN_POINT ( 'NONE',  ( -0.02952755905511811330, 0.1141732283464566844, -1.503937007874015741 ) ) ;
#466 =( GEOMETRIC_REPRESENTATION_CONTEXT ( 3 ) GLOBAL_UNCERTAINTY_ASSIGNED_CONTEXT ( ( #5091 ) ) GLOBAL_UNIT_ASSIGNED_CONTEXT ( ( #5446, #1437, #4179 ) ) REPRESENTATION_CONTEXT ( 'NONE', 'WORKASPACE' ) );
#467 = DIRECTION ( 'NONE',  ( -0.0000000000000000000, -0.0000000000000000000, -1.000000000000000000 ) ) ;
#468 = ADVANCED_FACE ( 'NONE', ( #1288, #8689 ), #7379, .F. ) ;
#469 = DIRECTION ( 'NONE',  ( 0.0000000000000000000, 0.0000000000000000000, 1.000000000000000000 ) ) ;
#470 = ORIENTED_EDGE ( 'NONE', *, *, #1716, .F. ) ;
#471 =( GEOMETRIC_REPRESENTATION_CONTEXT ( 3 ) GLOBAL_UNCERTAINTY_ASSIGNED_CONTEXT ( ( #4659 ) ) GLOBAL_UNIT_ASSIGNED_CONTEXT ( ( #5694, #3669, #7743 ) ) REPRESENTATION_CONTEXT ( 'NONE', 'WORKASPACE' ) );
#472 = CARTESIAN_POINT ( 'NONE',  ( -0.1436392716535432879, 1.759073742623689480E-17, -1.622047244094488194 ) ) ;
#473 = VECTOR ( 'NONE', #1858, 39.37007874015748143 ) ;
#474 = SURFACE_STYLE_FILL_AREA ( #1835 ) ;
#475 = CARTESIAN_POINT ( 'NONE',  ( 0.0000000000000000000, 0.0000000000000000000, 0.2007874015748031260 ) ) ;
#476 = SURFACE_STYLE_USAGE ( .BOTH. , #3150 ) ;
#477 = ORIENTED_EDGE ( 'NONE', *, *, #441, .T. ) ;
#478 = DIRECTION ( 'NONE',  ( -1.000000000000000000, 0.0000000000000000000, 0.0000000000000000000 ) ) ;
#479 = CARTESIAN_POINT ( 'NONE',  ( -0.02952755905511811330, 0.09389165368277023471, -1.543307086614173151 ) ) ;
#480 = MECHANICAL_DESIGN_GEOMETRIC_PRESENTATION_REPRESENTATION (  '', ( #1172 ), #8681 ) ;
#481 = EDGE_CURVE ( 'NONE', #8639, #1482, #1950, .T. ) ;
#482 = SURFACE_STYLE_FILL_AREA ( #3831 ) ;
#483 = ORIENTED_EDGE ( 'NONE', *, *, #1078, .F. ) ;
#484 = CIRCLE ( 'NONE', #8682, 0.1771653543307086798 ) ;
#485 =( NAMED_UNIT ( * ) PLANE_ANGLE_UNIT ( ) SI_UNIT ( $, .RADIAN. ) );
#486 = ORIENTED_EDGE ( 'NONE', *, *, #4477, .T. ) ;
#487 =( GEOMETRIC_REPRESENTATION_CONTEXT ( 3 ) GLOBAL_UNCERTAINTY_ASSIGNED_CONTEXT ( ( #1395 ) ) GLOBAL_UNIT_ASSIGNED_CONTEXT ( ( #4508, #542, #4464 ) ) REPRESENTATION_CONTEXT ( 'NONE', 'WORKASPACE' ) );
#488 = EDGE_CURVE ( 'NONE', #1908, #51, #12, .T. ) ;
#489 = EDGE_CURVE ( 'NONE', #4383, #1968, #4682, .T. ) ;
#490 = CARTESIAN_POINT ( 'NONE',  ( -0.02952755905511811330, 0.1141732283464566844, -1.543307086614173151 ) ) ;
#491 = ORIENTED_EDGE ( 'NONE', *, *, #7754, .F. ) ;
#492 = ORIENTED_EDGE ( 'NONE', *, *, #690, .T. ) ;
#493 = DIRECTION ( 'NONE',  ( -0.0000000000000000000, -0.0000000000000000000, -1.000000000000000000 ) ) ;
#494 = SURFACE_STYLE_USAGE ( .BOTH. , #8592 ) ;
#495 = ORIENTED_EDGE ( 'NONE', *, *, #1138, .F. ) ;
#496 = DIRECTION ( 'NONE',  ( 0.0000000000000000000, 0.0000000000000000000, -1.000000000000000000 ) ) ;
#497 = VECTOR ( 'NONE', #2491, 39.37007874015748143 ) ;
#498 = LENGTH_MEASURE_WITH_UNIT ( LENGTH_MEASURE( 0.02539999999999999897 ), #3264 );
#499 = DIMENSIONAL_EXPONENTS ( 1.000000000000000000, 0.0000000000000000000, 0.0000000000000000000, 0.0000000000000000000, 0.0000000000000000000, 0.0000000000000000000, 0.0000000000000000000 ) ;
#500 = LENGTH_MEASURE_WITH_UNIT ( LENGTH_MEASURE( 0.02539999999999999897 ), #5071 );
#501 = DIRECTION ( 'NONE',  ( -1.000000000000000000, 0.0000000000000000000, 0.0000000000000000000 ) ) ;
#502 = EDGE_CURVE ( 'NONE', #3487, #1522, #4407, .T. ) ;
#503 = VECTOR ( 'NONE', #1309, 39.37007874015748143 ) ;
#504 = DIRECTION ( 'NONE',  ( 0.0000000000000000000, 0.0000000000000000000, 1.000000000000000000 ) ) ;
#505 = ORIENTED_EDGE ( 'NONE', *, *, #5265, .T. ) ;
#506 = VERTEX_POINT ( 'NONE', #4590 ) ;
#507 = FILL_AREA_STYLE_COLOUR ( '', #7136 ) ;
#508 = PRESENTATION_LAYER_ASSIGNMENT (  '', '', ( #4725 ) ) ;
#509 = AXIS2_PLACEMENT_3D ( 'NONE', #3014, #5708, #3053 ) ;
#510 = SURFACE_STYLE_USAGE ( .BOTH. , #3948 ) ;
#511 = CARTESIAN_POINT ( 'NONE',  ( 0.1141732283464566844, -0.02952755905511811330, -1.622047244094488194 ) ) ;
#512 = MECHANICAL_DESIGN_GEOMETRIC_PRESENTATION_REPRESENTATION (  '', ( #4857 ), #1072 ) ;
#513 = MECHANICAL_DESIGN_GEOMETRIC_PRESENTATION_REPRESENTATION (  '', ( #4038 ), #1624 ) ;
#514 = FILL_AREA_STYLE ('',( #7976 ) ) ;
#515 = ORIENTED_EDGE ( 'NONE', *, *, #4208, .F. ) ;
#516 = STYLED_ITEM ( 'NONE', ( #8151 ), #3265 ) ;
#517 = LINE ( 'NONE', #2487, #6847 ) ;
#518 = CARTESIAN_POINT ( 'NONE',  ( 0.02952755905511811330, 0.1141732283464566844, -1.385826771653543510 ) ) ;
#519 = PRESENTATION_STYLE_ASSIGNMENT (( #4653 ) ) ;
#520 = CARTESIAN_POINT ( 'NONE',  ( 0.2755905511811023723, 0.0000000000000000000, -1.169291338582677087 ) ) ;
#521 = DIRECTION ( 'NONE',  ( -1.000000000000000000, 0.0000000000000000000, 0.0000000000000000000 ) ) ;
#522 = STYLED_ITEM ( 'NONE', ( #1389 ), #6625 ) ;
#523 = EDGE_CURVE ( 'NONE', #2895, #4245, #7960, .T. ) ;
#524 = AXIS2_PLACEMENT_3D ( 'NONE', #4587, #1150, #8051 ) ;
#525 = VERTEX_POINT ( 'NONE', #8101 ) ;
#526 = APPLICATION_PROTOCOL_DEFINITION ( 'draft international standard', 'automotive_design', 1998, #5484 ) ;
#527 = VERTEX_POINT ( 'NONE', #2038 ) ;
#528 = FACE_OUTER_BOUND ( 'NONE', #8025, .T. ) ;
#529 = EDGE_CURVE ( 'NONE', #6418, #5108, #4723, .T. ) ;
#530 = AXIS2_PLACEMENT_3D ( 'NONE', #5776, #2636, #4191 ) ;
#531 = UNCERTAINTY_MEASURE_WITH_UNIT (LENGTH_MEASURE( 1.000000000000000082E-05 ), #8404, 'distance_accuracy_value', 'NONE');
#532 = LINE ( 'NONE', #1805, #1680 ) ;
#533 = ORIENTED_EDGE ( 'NONE', *, *, #5764, .F. ) ;
#534 = EDGE_LOOP ( 'NONE', ( #8580, #1149, #8223, #3070 ) ) ;
#535 = DIRECTION ( 'NONE',  ( 1.000000000000000000, 0.0000000000000000000, 0.0000000000000000000 ) ) ;
#536 = AXIS2_PLACEMENT_3D ( 'NONE', #2394, #6461, #2918 ) ;
#537 = CARTESIAN_POINT ( 'NONE',  ( -0.03149606299212599769, 0.09055118110236221041, 0.1968503937007874127 ) ) ;
#538 = EDGE_LOOP ( 'NONE', ( #2684, #2639, #4144, #6924 ) ) ;
#539 = DIRECTION ( 'NONE',  ( 1.000000000000000000, 0.0000000000000000000, 0.0000000000000000000 ) ) ;
#540 = EDGE_CURVE ( 'NONE', #3566, #8407, #6673, .T. ) ;
#541 = FILL_AREA_STYLE_COLOUR ( '', #5954 ) ;
#542 =( NAMED_UNIT ( * ) PLANE_ANGLE_UNIT ( ) SI_UNIT ( $, .RADIAN. ) );
#543 = COLOUR_RGB ( '',0.7450980392156862919, 0.7450980392156862919, 0.7450980392156862919 ) ;
#544 = COLOUR_RGB ( '',0.7450980392156862919, 0.7450980392156862919, 0.7450980392156862919 ) ;
#545 = PRESENTATION_STYLE_ASSIGNMENT (( #4548 ) ) ;
#546 = DIRECTION ( 'NONE',  ( 0.03903273174035342546, 0.0000000000000000000, 0.9992379325530460488 ) ) ;
#547 =( NAMED_UNIT ( * ) PLANE_ANGLE_UNIT ( ) SI_UNIT ( $, .RADIAN. ) );
#548 = ORIENTED_EDGE ( 'NONE', *, *, #820, .T. ) ;
#549 = LENGTH_MEASURE_WITH_UNIT ( LENGTH_MEASURE( 0.02539999999999999897 ), #2045 );
#550 = AXIS2_PLACEMENT_3D ( 'NONE', #2299, #1734, #5698 ) ;
#551 = VERTEX_POINT ( 'NONE', #6764 ) ;
#552 = PRESENTATION_LAYER_ASSIGNMENT (  '', '', ( #8609 ) ) ;
#553 =( CONVERSION_BASED_UNIT ( 'INCH', #2610 ) LENGTH_UNIT ( ) NAMED_UNIT ( #1623 ) );
#554 = AXIS2_PLACEMENT_3D ( 'NONE', #7316, #6697, #1979 ) ;
#555 = EDGE_CURVE ( 'NONE', #5443, #5168, #4546, .T. ) ;
#556 = FILL_AREA_STYLE ('',( #5348 ) ) ;
#557 = EDGE_CURVE ( 'NONE', #1097, #1203, #5396, .T. ) ;
#558 = DIRECTION ( 'NONE',  ( -1.000000000000000000, 0.0000000000000000000, 0.0000000000000000000 ) ) ;
#559 = LINE ( 'NONE', #7839, #7098 ) ;
#560 = VECTOR ( 'NONE', #6631, 39.37007874015748143 ) ;
#561 = DIMENSIONAL_EXPONENTS ( 1.000000000000000000, 0.0000000000000000000, 0.0000000000000000000, 0.0000000000000000000, 0.0000000000000000000, 0.0000000000000000000, 0.0000000000000000000 ) ;
#562 = AXIS2_PLACEMENT_3D ( 'NONE', #7306, #2488, #5220 ) ;
#563 = LINE ( 'NONE', #7396, #6906 ) ;
#564 = ORIENTED_EDGE ( 'NONE', *, *, #7817, .T. ) ;
#565 = DIRECTION ( 'NONE',  ( 1.000000000000000000, 0.0000000000000000000, 0.0000000000000000000 ) ) ;
#566 =( GEOMETRIC_REPRESENTATION_CONTEXT ( 3 ) GLOBAL_UNCERTAINTY_ASSIGNED_CONTEXT ( ( #3612 ) ) GLOBAL_UNIT_ASSIGNED_CONTEXT ( ( #4352, #8024, #3951 ) ) REPRESENTATION_CONTEXT ( 'NONE', 'WORKASPACE' ) );
#567 =( LENGTH_UNIT ( ) NAMED_UNIT ( * ) SI_UNIT ( $, .METRE. ) );
#568 = DIRECTION ( 'NONE',  ( 0.0000000000000000000, 0.0000000000000000000, 1.000000000000000000 ) ) ;
#569 = FILL_AREA_STYLE ('',( #4526 ) ) ;
#570 = DIRECTION ( 'NONE',  ( 0.0000000000000000000, 0.0000000000000000000, 1.000000000000000000 ) ) ;
#571 = VECTOR ( 'NONE', #1679, 39.37007874015748143 ) ;
#572 = LINE ( 'NONE', #8035, #199 ) ;
#573 = MECHANICAL_DESIGN_GEOMETRIC_PRESENTATION_REPRESENTATION (  '', ( #5759 ), #2815 ) ;
#574 = SURFACE_STYLE_USAGE ( .BOTH. , #8718 ) ;
#575 = CARTESIAN_POINT ( 'NONE',  ( -0.03149606299212599769, 0.09055118110236221041, 0.0000000000000000000 ) ) ;
#576 = CARTESIAN_POINT ( 'NONE',  ( 0.1141732283464566844, -0.02952755905511811330, -1.582677165354331006 ) ) ;
#577 = ORIENTED_EDGE ( 'NONE', *, *, #8400, .T. ) ;
#578 =( NAMED_UNIT ( * ) SI_UNIT ( $, .STERADIAN. ) SOLID_ANGLE_UNIT ( ) );
#579 = EDGE_LOOP ( 'NONE', ( #5371, #6258, #6987, #2497 ) ) ;
#580 = CYLINDRICAL_SURFACE ( 'NONE', #1088, 0.01377952755905510404 ) ;
#581 = ORIENTED_EDGE ( 'NONE', *, *, #218, .F. ) ;
#582 = EDGE_CURVE ( 'NONE', #6395, #5133, #5198, .T. ) ;
#583 = ORIENTED_EDGE ( 'NONE', *, *, #555, .F. ) ;
#584 = DIRECTION ( 'NONE',  ( -0.0000000000000000000, -0.0000000000000000000, -1.000000000000000000 ) ) ;
#585 =( NAMED_UNIT ( * ) PLANE_ANGLE_UNIT ( ) SI_UNIT ( $, .RADIAN. ) );
#586 = ORIENTED_EDGE ( 'NONE', *, *, #6737, .F. ) ;
#587 = CARTESIAN_POINT ( 'NONE',  ( 0.0000000000000000000, 0.0000000000000000000, 0.0000000000000000000 ) ) ;
#588 =( NAMED_UNIT ( * ) PLANE_ANGLE_UNIT ( ) SI_UNIT ( $, .RADIAN. ) );
#589 = CARTESIAN_POINT ( 'NONE',  ( -0.09389165368277065105, -0.02952755905511811330, -1.661417322834645827 ) ) ;
#590 = FILL_AREA_STYLE ('',( #1863 ) ) ;
#591 = DIRECTION ( 'NONE',  ( 0.0000000000000000000, 0.0000000000000000000, 1.000000000000000000 ) ) ;
#592 = ADVANCED_FACE ( 'NONE', ( #1246 ), #6375, .T. ) ;
#593 = VERTEX_POINT ( 'NONE', #4157 ) ;
#594 = DIRECTION ( 'NONE',  ( 1.000000000000000000, 0.0000000000000000000, 0.0000000000000000000 ) ) ;
#595 = ORIENTED_EDGE ( 'NONE', *, *, #5877, .T. ) ;
#596 = DIRECTION ( 'NONE',  ( 0.0000000000000000000, 0.0000000000000000000, 1.000000000000000000 ) ) ;
#597 =( CONVERSION_BASED_UNIT ( 'INCH', #3188 ) LENGTH_UNIT ( ) NAMED_UNIT ( #7731 ) );
#598 = SURFACE_SIDE_STYLE ('',( #6643 ) ) ;
#599 = AXIS2_PLACEMENT_3D ( 'NONE', #7536, #6797, #7497 ) ;
#600 = DIRECTION ( 'NONE',  ( 0.0000000000000000000, 1.000000000000000000, 0.0000000000000000000 ) ) ;
#601 = EDGE_CURVE ( 'NONE', #1241, #4932, #1733, .T. ) ;
#602 = CARTESIAN_POINT ( 'NONE',  ( -0.09389165368277023471, -0.02952755905511811330, -1.700787401574803237 ) ) ;
#603 = ORIENTED_EDGE ( 'NONE', *, *, #489, .F. ) ;
#604 = EDGE_CURVE ( 'NONE', #7663, #4721, #5241, .T. ) ;
#605 = CARTESIAN_POINT ( 'NONE',  ( 0.02952755905511810289, 0.09389165368277065105, -1.582677165354331006 ) ) ;
#606 = CARTESIAN_POINT ( 'NONE',  ( 0.1141732283464566844, 0.02952755905511811330, -1.425196850393700698 ) ) ;
#607 =( GEOMETRIC_REPRESENTATION_CONTEXT ( 3 ) GLOBAL_UNCERTAINTY_ASSIGNED_CONTEXT ( ( #8413 ) ) GLOBAL_UNIT_ASSIGNED_CONTEXT ( ( #8569, #8623, #2578 ) ) REPRESENTATION_CONTEXT ( 'NONE', 'WORKASPACE' ) );
#608 = ORIENTED_EDGE ( 'NONE', *, *, #6259, .T. ) ;
#609 = FILL_AREA_STYLE_COLOUR ( '', #6691 ) ;
#610 = DIRECTION ( 'NONE',  ( 0.0000000000000000000, 0.0000000000000000000, -1.000000000000000000 ) ) ;
#611 = AXIS2_PLACEMENT_3D ( 'NONE', #6088, #7635, #8195 ) ;
#612 = LINE ( 'NONE', #2629, #5749 ) ;
#613 = PLANE ( 'NONE',  #153 ) ;
#614 = VERTEX_POINT ( 'NONE', #6928 ) ;
#615 = DIMENSIONAL_EXPONENTS ( 1.000000000000000000, 0.0000000000000000000, 0.0000000000000000000, 0.0000000000000000000, 0.0000000000000000000, 0.0000000000000000000, 0.0000000000000000000 ) ;
#616 = CARTESIAN_POINT ( 'NONE',  ( -0.01574803149606299191, 0.09055118110236221041, 0.0000000000000000000 ) ) ;
#617 = ORIENTED_EDGE ( 'NONE', *, *, #5391, .F. ) ;
#618 = DIRECTION ( 'NONE',  ( -1.000000000000000000, 0.0000000000000000000, 0.0000000000000000000 ) ) ;
#619 = COLOUR_RGB ( '',0.5019607843137254832, 0.5019607843137254832, 0.5019607843137254832 ) ;
#620 = PRESENTATION_STYLE_ASSIGNMENT (( #6525 ) ) ;
#621 = UNCERTAINTY_MEASURE_WITH_UNIT (LENGTH_MEASURE( 1.000000000000000082E-05 ), #1416, 'distance_accuracy_value', 'NONE');
#622 = VECTOR ( 'NONE', #5167, 39.37007874015748143 ) ;
#623 = CARTESIAN_POINT ( 'NONE',  ( -0.1039438373518108139, 0.1234958735654132361, 0.4298724771940015676 ) ) ;
#624 = ORIENTED_EDGE ( 'NONE', *, *, #1842, .F. ) ;
#625 = ORIENTED_EDGE ( 'NONE', *, *, #156, .F. ) ;
#626 =( NAMED_UNIT ( * ) SI_UNIT ( $, .STERADIAN. ) SOLID_ANGLE_UNIT ( ) );
#627 = EDGE_LOOP ( 'NONE', ( #1244, #5079, #5621, #349 ) ) ;
#628 = LENGTH_MEASURE_WITH_UNIT ( LENGTH_MEASURE( 0.02539999999999999897 ), #3358 );
#629 = DIRECTION ( 'NONE',  ( -0.0000000000000000000, -0.0000000000000000000, -1.000000000000000000 ) ) ;
#630 = DIRECTION ( 'NONE',  ( -1.000000000000000000, 0.0000000000000000000, 0.0000000000000000000 ) ) ;
#631 = UNCERTAINTY_MEASURE_WITH_UNIT (LENGTH_MEASURE( 1.000000000000000082E-05 ), #1706, 'distance_accuracy_value', 'NONE');
#632 =( CONVERSION_BASED_UNIT ( 'INCH', #7965 ) LENGTH_UNIT ( ) NAMED_UNIT ( #2632 ) );
#633 = LENGTH_MEASURE_WITH_UNIT ( LENGTH_MEASURE( 0.02539999999999999897 ), #2472 );
#634 = FACE_OUTER_BOUND ( 'NONE', #5242, .T. ) ;
#635 = ORIENTED_EDGE ( 'NONE', *, *, #6964, .F. ) ;
#636 = ORIENTED_EDGE ( 'NONE', *, *, #4370, .T. ) ;
#637 = DIRECTION ( 'NONE',  ( 0.0000000000000000000, 0.0000000000000000000, 1.000000000000000000 ) ) ;
#638 = CARTESIAN_POINT ( 'NONE',  ( 0.1771653543307086798, 0.0000000000000000000, 0.2007874015748031260 ) ) ;
#639 = PRESENTATION_STYLE_ASSIGNMENT (( #2832 ) ) ;
#640 = EDGE_CURVE ( 'NONE', #3518, #3666, #2118, .T. ) ;
#641 = CARTESIAN_POINT ( 'NONE',  ( -0.02952755905511811330, -0.1141732283464566844, -1.543307086614173151 ) ) ;
#642 = VECTOR ( 'NONE', #546, 39.37007874015748854 ) ;
#643 = DIRECTION ( 'NONE',  ( 0.0000000000000000000, 0.0000000000000000000, -1.000000000000000000 ) ) ;
#644 = EDGE_LOOP ( 'NONE', ( #533, #4918 ) ) ;
#645 = PRESENTATION_LAYER_ASSIGNMENT (  '', '', ( #4440 ) ) ;
#646 = DIRECTION ( 'NONE',  ( -1.000000000000000000, 0.0000000000000000000, 0.0000000000000000000 ) ) ;
#647 = COLOUR_RGB ( '',0.7450980392156862919, 0.7450980392156862919, 0.7450980392156862919 ) ;
#648 = FACE_OUTER_BOUND ( 'NONE', #7847, .T. ) ;
#649 = FILL_AREA_STYLE ('',( #2102 ) ) ;
#650 = DIRECTION ( 'NONE',  ( 1.000000000000000000, 0.0000000000000000000, 0.0000000000000000000 ) ) ;
#651 = EDGE_CURVE ( 'NONE', #162, #2211, #5947, .T. ) ;
#652 = AXIS2_PLACEMENT_3D ( 'NONE', #4343, #3185, #3006 ) ;
#653 = LINE ( 'NONE', #6696, #7975 ) ;
#654 = LINE ( 'NONE', #7185, #3361 ) ;
#655 = FILL_AREA_STYLE ('',( #7363 ) ) ;
#656 = VERTEX_POINT ( 'NONE', #4839 ) ;
#657 = PRESENTATION_LAYER_ASSIGNMENT (  '', '', ( #8144 ) ) ;
#658 = ORIENTED_EDGE ( 'NONE', *, *, #5597, .T. ) ;
#659 = CARTESIAN_POINT ( 'NONE',  ( -0.02952755905511811330, 0.1141732283464566844, -1.307086614173228467 ) ) ;
#660 = CIRCLE ( 'NONE', #4452, 0.01574803149606301619 ) ;
#661 = DIRECTION ( 'NONE',  ( -1.000000000000000000, 0.0000000000000000000, 0.0000000000000000000 ) ) ;
#662 = EDGE_CURVE ( 'NONE', #5056, #7265, #2083, .T. ) ;
#663 = VECTOR ( 'NONE', #1336, 39.37007874015748143 ) ;
#664 = STYLED_ITEM ( 'NONE', ( #5280 ), #4141 ) ;
#665 = CONICAL_SURFACE ( 'NONE', #107, 0.1377952755905511584, 0.03904264995516706221 ) ;
#666 = SURFACE_SIDE_STYLE ('',( #3437 ) ) ;
#667 = CARTESIAN_POINT ( 'NONE',  ( -0.01574803149606297456, -0.09055118110236221041, 0.1968503936985494807 ) ) ;
#668 = ORIENTED_EDGE ( 'NONE', *, *, #170, .F. ) ;
#669 = LINE ( 'NONE', #5329, #7324 ) ;
#670 = ORIENTED_EDGE ( 'NONE', *, *, #7893, .T. ) ;
#671 = DIRECTION ( 'NONE',  ( 0.0000000000000000000, 0.0000000000000000000, 1.000000000000000000 ) ) ;
#672 = CARTESIAN_POINT ( 'NONE',  ( 0.0000000000000000000, 0.1377952755905511584, -1.771653543307086576 ) ) ;
#673 = LINE ( 'NONE', #5335, #8611 ) ;
#674 = DIMENSIONAL_EXPONENTS ( 1.000000000000000000, 0.0000000000000000000, 0.0000000000000000000, 0.0000000000000000000, 0.0000000000000000000, 0.0000000000000000000, 0.0000000000000000000 ) ;
#675 =( GEOMETRIC_REPRESENTATION_CONTEXT ( 3 ) GLOBAL_UNCERTAINTY_ASSIGNED_CONTEXT ( ( #3535 ) ) GLOBAL_UNIT_ASSIGNED_CONTEXT ( ( #1466, #1587, #7557 ) ) REPRESENTATION_CONTEXT ( 'NONE', 'WORKASPACE' ) );
#676 =( CONVERSION_BASED_UNIT ( 'INCH', #4681 ) LENGTH_UNIT ( ) NAMED_UNIT ( #7200 ) );
#677 = VECTOR ( 'NONE', #5448, 39.37007874015748143 ) ;
#678 = LINE ( 'NONE', #1864, #918 ) ;
#679 = ORIENTED_EDGE ( 'NONE', *, *, #1041, .T. ) ;
#680 = PLANE ( 'NONE',  #6860 ) ;
#681 = DIRECTION ( 'NONE',  ( 0.0000000000000000000, -1.000000000000000000, 0.0000000000000000000 ) ) ;
#682 = ORIENTED_EDGE ( 'NONE', *, *, #7384, .T. ) ;
#683 = FILL_AREA_STYLE ('',( #5478 ) ) ;
#684 = COLOUR_RGB ( '',0.2509803921568627416, 0.2509803921568627416, 0.2509803921568627416 ) ;
#685 = PRESENTATION_STYLE_ASSIGNMENT (( #8023 ) ) ;
#686 = CARTESIAN_POINT ( 'NONE',  ( 0.0000000000000000000, 0.0000000000000000000, -1.181102362204724310 ) ) ;
#687 = EDGE_LOOP ( 'NONE', ( #1321, #4531, #2326, #8383, #4036, #4521, #2675, #7252, #4341, #3885, #4871, #1763, #5192, #785, #6343, #8053 ) ) ;
#688 = STYLED_ITEM ( 'NONE', ( #6766 ), #7701 ) ;
#689 = LENGTH_MEASURE_WITH_UNIT ( LENGTH_MEASURE( 0.02539999999999999897 ), #2014 );
#690 = EDGE_CURVE ( 'NONE', #3402, #6301, #1499, .T. ) ;
#691 = DIRECTION ( 'NONE',  ( 1.000000000000000000, 0.0000000000000000000, 0.0000000000000000000 ) ) ;
#692 = FILL_AREA_STYLE_COLOUR ( '', #4542 ) ;
#693 = FACE_OUTER_BOUND ( 'NONE', #2792, .T. ) ;
#694 = MECHANICAL_DESIGN_GEOMETRIC_PRESENTATION_REPRESENTATION (  '', ( #2655 ), #2513 ) ;
#695 = SURFACE_STYLE_USAGE ( .BOTH. , #6112 ) ;
#696 = COLOUR_RGB ( '',0.2509803921568627416, 0.2509803921568627416, 0.2509803921568627416 ) ;
#697 = UNCERTAINTY_MEASURE_WITH_UNIT (LENGTH_MEASURE( 1.000000000000000082E-05 ), #7667, 'distance_accuracy_value', 'NONE');
#698 = FACE_OUTER_BOUND ( 'NONE', #871, .T. ) ;
#699 = LENGTH_MEASURE_WITH_UNIT ( LENGTH_MEASURE( 0.02539999999999999897 ), #8219 );
#700 = EDGE_CURVE ( 'NONE', #1651, #1822, #3444, .T. ) ;
#701 = VERTEX_POINT ( 'NONE', #5547 ) ;
#702 = CARTESIAN_POINT ( 'NONE',  ( 0.0000000000000000000, 0.0000000000000000000, -1.700787401574803237 ) ) ;
#703 = VECTOR ( 'NONE', #646, 39.37007874015748143 ) ;
#704 = CARTESIAN_POINT ( 'NONE',  ( 0.02952755905511810289, 0.09389165368277065105, -1.700787401574803237 ) ) ;
#705 =( NAMED_UNIT ( * ) SI_UNIT ( $, .STERADIAN. ) SOLID_ANGLE_UNIT ( ) );
#706 = ORIENTED_EDGE ( 'NONE', *, *, #8621, .F. ) ;
#707 = DIRECTION ( 'NONE',  ( 0.0000000000000000000, 0.0000000000000000000, 1.000000000000000000 ) ) ;
#708 =( CONVERSION_BASED_UNIT ( 'INCH', #1361 ) LENGTH_UNIT ( ) NAMED_UNIT ( #228 ) );
#709 = PLANE ( 'NONE',  #1440 ) ;
#710 = COLOUR_RGB ( '',0.7450980392156862919, 0.7450980392156862919, 0.7450980392156862919 ) ;
#711 = UNCERTAINTY_MEASURE_WITH_UNIT (LENGTH_MEASURE( 1.000000000000000082E-05 ), #4867, 'distance_accuracy_value', 'NONE');
#712 = CARTESIAN_POINT ( 'NONE',  ( 0.1141732283464566844, -0.02952755905511811330, -1.385826771653543510 ) ) ;
#713 = EDGE_CURVE ( 'NONE', #8064, #3075, #3556, .T. ) ;
#714 = DIRECTION ( 'NONE',  ( -1.000000000000000000, 0.0000000000000000000, 0.0000000000000000000 ) ) ;
#715 = VERTEX_POINT ( 'NONE', #95 ) ;
#716 = EDGE_CURVE ( 'NONE', #2081, #5656, #7595, .T. ) ;
#717 = SURFACE_SIDE_STYLE ('',( #8094 ) ) ;
#718 = LINE ( 'NONE', #3401, #3795 ) ;
#719 = DIRECTION ( 'NONE',  ( 0.0000000000000000000, 0.0000000000000000000, 1.000000000000000000 ) ) ;
#720 = VERTEX_POINT ( 'NONE', #227 ) ;
#721 = SURFACE_SIDE_STYLE ('',( #6580 ) ) ;
#722 = CARTESIAN_POINT ( 'NONE',  ( -0.08858267716535508929, 0.1534296975208646885, 0.2007874015748031260 ) ) ;
#723 = STYLED_ITEM ( 'NONE', ( #3641 ), #5811 ) ;
#724 = SURFACE_STYLE_FILL_AREA ( #1504 ) ;
#725 = DIRECTION ( 'NONE',  ( 0.0000000000000000000, 0.0000000000000000000, 1.000000000000000000 ) ) ;
#726 = ORIENTED_EDGE ( 'NONE', *, *, #2681, .T. ) ;
#727 = FACE_BOUND ( 'NONE', #5885, .T. ) ;
#728 = EDGE_LOOP ( 'NONE', ( #3889, #7378, #143, #4612 ) ) ;
#729 = MECHANICAL_DESIGN_GEOMETRIC_PRESENTATION_REPRESENTATION (  '', ( #7486 ), #5923 ) ;
#730 = DIRECTION ( 'NONE',  ( 0.0000000000000000000, -1.000000000000000000, 0.0000000000000000000 ) ) ;
#731 = FACE_OUTER_BOUND ( 'NONE', #2899, .T. ) ;
#732 = DIMENSIONAL_EXPONENTS ( 1.000000000000000000, 0.0000000000000000000, 0.0000000000000000000, 0.0000000000000000000, 0.0000000000000000000, 0.0000000000000000000, 0.0000000000000000000 ) ;
#733 = DIRECTION ( 'NONE',  ( 1.000000000000000000, 0.0000000000000000000, 0.0000000000000000000 ) ) ;
#734 = ORIENTED_EDGE ( 'NONE', *, *, #3784, .F. ) ;
#735 = CARTESIAN_POINT ( 'NONE',  ( -0.02952755905511805085, -0.09389165368277066492, -1.267716535433071057 ) ) ;
#736 =( NAMED_UNIT ( * ) PLANE_ANGLE_UNIT ( ) SI_UNIT ( $, .RADIAN. ) );
#737 = FILL_AREA_STYLE ('',( #8164 ) ) ;
#738 =( NAMED_UNIT ( * ) PLANE_ANGLE_UNIT ( ) SI_UNIT ( $, .RADIAN. ) );
#739 = DIRECTION ( 'NONE',  ( 0.0000000000000000000, 0.0000000000000000000, 1.000000000000000000 ) ) ;
#740 = DIRECTION ( 'NONE',  ( -1.000000000000000000, 0.0000000000000000000, 0.0000000000000000000 ) ) ;
#741 = EDGE_CURVE ( 'NONE', #2864, #7625, #6526, .T. ) ;
#742 =( GEOMETRIC_REPRESENTATION_CONTEXT ( 3 ) GLOBAL_UNCERTAINTY_ASSIGNED_CONTEXT ( ( #1929 ) ) GLOBAL_UNIT_ASSIGNED_CONTEXT ( ( #4745, #2755, #4100 ) ) REPRESENTATION_CONTEXT ( 'NONE', 'WORKASPACE' ) );
#743 = CIRCLE ( 'NONE', #6798, 0.003937007874015758385 ) ;
#744 = EDGE_LOOP ( 'NONE', ( #4400, #8618 ) ) ;
#745 = CARTESIAN_POINT ( 'NONE',  ( 0.0000000000000000000, 0.0000000000000000000, 0.2007874015748031260 ) ) ;
#746 = DIRECTION ( 'NONE',  ( 0.0000000000000000000, 0.0000000000000000000, 1.000000000000000000 ) ) ;
#747 = VERTEX_POINT ( 'NONE', #8329 ) ;
#748 = LINE ( 'NONE', #2146, #6437 ) ;
#749 = SURFACE_STYLE_USAGE ( .BOTH. , #6884 ) ;
#750 = PRESENTATION_LAYER_ASSIGNMENT (  '', '', ( #884 ) ) ;
#751 = MECHANICAL_DESIGN_GEOMETRIC_PRESENTATION_REPRESENTATION (  '', ( #2845 ), #7943 ) ;
#752 = EDGE_CURVE ( 'NONE', #8073, #5615, #5526, .T. ) ;
#753 = CARTESIAN_POINT ( 'NONE',  ( -0.1141732283464566844, -0.02952755905511811330, -1.700787401574803237 ) ) ;
#754 = VERTEX_POINT ( 'NONE', #1755 ) ;
#755 = MECHANICAL_DESIGN_GEOMETRIC_PRESENTATION_REPRESENTATION (  '', ( #2576 ), #2855 ) ;
#756 = DIRECTION ( 'NONE',  ( 0.0000000000000000000, -1.000000000000000000, 0.0000000000000000000 ) ) ;
#757 = DIRECTION ( 'NONE',  ( -1.000000000000000000, 0.0000000000000000000, 0.0000000000000000000 ) ) ;
#758 = ORIENTED_EDGE ( 'NONE', *, *, #5524, .T. ) ;
#759 = EDGE_CURVE ( 'NONE', #5133, #6042, #7676, .T. ) ;
#760 = EDGE_CURVE ( 'NONE', #2289, #1256, #3746, .T. ) ;
#761 = PRESENTATION_LAYER_ASSIGNMENT (  '', '', ( #8399 ) ) ;
#762 = ORIENTED_EDGE ( 'NONE', *, *, #2243, .F. ) ;
#763 =( NAMED_UNIT ( * ) PLANE_ANGLE_UNIT ( ) SI_UNIT ( $, .RADIAN. ) );
#764 = CARTESIAN_POINT ( 'NONE',  ( -0.02952755905511811330, 0.09389165368277065105, -1.582677165354331006 ) ) ;
#765 = ORIENTED_EDGE ( 'NONE', *, *, #3748, .F. ) ;
#766 = DIRECTION ( 'NONE',  ( 0.0000000000000000000, 0.0000000000000000000, -1.000000000000000000 ) ) ;
#767 = AXIS2_PLACEMENT_3D ( 'NONE', #8250, #5350, #2011 ) ;
#768 = DIRECTION ( 'NONE',  ( 0.0000000000000000000, 0.0000000000000000000, 1.000000000000000000 ) ) ;
#769 = DIRECTION ( 'NONE',  ( 0.0000000000000000000, 0.0000000000000000000, -1.000000000000000000 ) ) ;
#770 =( NAMED_UNIT ( * ) PLANE_ANGLE_UNIT ( ) SI_UNIT ( $, .RADIAN. ) );
#771 = EDGE_CURVE ( 'NONE', #1948, #2736, #444, .T. ) ;
#772 = CARTESIAN_POINT ( 'NONE',  ( 0.0000000000000000000, 0.0000000000000000000, 0.2007874015748032093 ) ) ;
#773 = DIRECTION ( 'NONE',  ( 1.000000000000000000, 0.0000000000000000000, 0.0000000000000000000 ) ) ;
#774 = ORIENTED_EDGE ( 'NONE', *, *, #1754, .T. ) ;
#775 = CARTESIAN_POINT ( 'NONE',  ( -0.1009673307018807836, -0.1407609965404374996, 0.4298724771940015676 ) ) ;
#776 = DIRECTION ( 'NONE',  ( 0.0000000000000000000, 1.000000000000000000, 0.0000000000000000000 ) ) ;
#777 = AXIS2_PLACEMENT_3D ( 'NONE', #3916, #5272, #7989 ) ;
#778 = CARTESIAN_POINT ( 'NONE',  ( 0.0000000000000000000, 0.0000000000000000000, 0.4298724771940015676 ) ) ;
#779 = CIRCLE ( 'NONE', #354, 0.09842519685039410882 ) ;
#780 = VERTEX_POINT ( 'NONE', #3793 ) ;
#781 = MECHANICAL_DESIGN_GEOMETRIC_PRESENTATION_REPRESENTATION (  '', ( #3878 ), #2051 ) ;
#782 = SURFACE_SIDE_STYLE ('',( #6335 ) ) ;
#783 = SURFACE_STYLE_FILL_AREA ( #7529 ) ;
#784 = DIRECTION ( 'NONE',  ( 0.0000000000000000000, -1.000000000000000000, 0.0000000000000000000 ) ) ;
#785 = ORIENTED_EDGE ( 'NONE', *, *, #5338, .F. ) ;
#786 = DIMENSIONAL_EXPONENTS ( 1.000000000000000000, 0.0000000000000000000, 0.0000000000000000000, 0.0000000000000000000, 0.0000000000000000000, 0.0000000000000000000, 0.0000000000000000000 ) ;
#787 = DIRECTION ( 'NONE',  ( 0.0000000000000000000, 0.0000000000000000000, 1.000000000000000000 ) ) ;
#788 = ORIENTED_EDGE ( 'NONE', *, *, #4536, .T. ) ;
#789 = SURFACE_STYLE_FILL_AREA ( #1531 ) ;
#790 = CONICAL_SURFACE ( 'NONE', #2188, 0.2755905511811023723, 0.7853981633974497223 ) ;
#791 = LENGTH_MEASURE_WITH_UNIT ( LENGTH_MEASURE( 0.02539999999999999897 ), #1329 );
#792 = VECTOR ( 'NONE', #5752, 39.37007874015748854 ) ;
#793 = DIRECTION ( 'NONE',  ( -0.0000000000000000000, -0.0000000000000000000, -1.000000000000000000 ) ) ;
#794 = EDGE_LOOP ( 'NONE', ( #6600, #8361, #5278, #2940, #8273, #7567, #2950, #3978, #1234, #1471, #7502, #1845, #608, #7935, #5925, #7194 ) ) ;
#795 = COLOUR_RGB ( '',0.2509803921568627416, 0.2509803921568627416, 0.2509803921568627416 ) ;
#796 = PRESENTATION_STYLE_ASSIGNMENT (( #4835 ) ) ;
#797 = CARTESIAN_POINT ( 'NONE',  ( 0.02952755905511811330, 0.1141732283464566844, -1.425196850393700698 ) ) ;
#798 = SURFACE_SIDE_STYLE ('',( #8097 ) ) ;
#799 = ORIENTED_EDGE ( 'NONE', *, *, #2859, .T. ) ;
#800 = EDGE_CURVE ( 'NONE', #5814, #3518, #3135, .T. ) ;
#801 = CARTESIAN_POINT ( 'NONE',  ( -0.05993590043039902920, -0.1462715604412141435, 0.2007874015748031260 ) ) ;
#802 = CIRCLE ( 'NONE', #239, 0.01574803149606299885 ) ;
#803 = VECTOR ( 'NONE', #4761, 39.37007874015748143 ) ;
#804 = DIRECTION ( 'NONE',  ( 1.000000000000000000, 0.0000000000000000000, 0.0000000000000000000 ) ) ;
#805 = CARTESIAN_POINT ( 'NONE',  ( -0.1141732283464566844, -0.02952755905511811330, -1.385826771653543510 ) ) ;
#806 = ORIENTED_EDGE ( 'NONE', *, *, #4564, .F. ) ;
#807 = VECTOR ( 'NONE', #4107, 39.37007874015748143 ) ;
#808 = ORIENTED_EDGE ( 'NONE', *, *, #3836, .T. ) ;
#809 = EDGE_CURVE ( 'NONE', #8125, #8019, #2716, .T. ) ;
#810 = PLANE ( 'NONE',  #365 ) ;
#811 = VECTOR ( 'NONE', #4710, 39.37007874015748143 ) ;
#812 = PRESENTATION_STYLE_ASSIGNMENT (( #6141 ) ) ;
#813 = DIRECTION ( 'NONE',  ( 0.0000000000000000000, 1.000000000000000000, 0.0000000000000000000 ) ) ;
#814 = DIRECTION ( 'NONE',  ( -1.000000000000000000, 0.0000000000000000000, 0.0000000000000000000 ) ) ;
#815 = VECTOR ( 'NONE', #1518, 39.37007874015748143 ) ;
#816 = FILL_AREA_STYLE ('',( #6863 ) ) ;
#817 = ORIENTED_EDGE ( 'NONE', *, *, #367, .F. ) ;
#818 = CARTESIAN_POINT ( 'NONE',  ( 0.02952755905511811330, 0.1141732283464566844, -1.622047244094488194 ) ) ;
#819 = ADVANCED_FACE ( 'NONE', ( #7729 ), #2411, .T. ) ;
#820 = EDGE_CURVE ( 'NONE', #8738, #5806, #7087, .T. ) ;
#821 = LENGTH_MEASURE_WITH_UNIT ( LENGTH_MEASURE( 0.02539999999999999897 ), #5445 );
#822 = DIRECTION ( 'NONE',  ( 0.0000000000000000000, 0.0000000000000000000, 1.000000000000000000 ) ) ;
#823 = FILL_AREA_STYLE_COLOUR ( '', #2087 ) ;
#824 = LENGTH_MEASURE_WITH_UNIT ( LENGTH_MEASURE( 0.02539999999999999897 ), #6111 );
#825 = PRESENTATION_STYLE_ASSIGNMENT (( #695 ) ) ;
#826 = DIMENSIONAL_EXPONENTS ( 1.000000000000000000, 0.0000000000000000000, 0.0000000000000000000, 0.0000000000000000000, 0.0000000000000000000, 0.0000000000000000000, 0.0000000000000000000 ) ;
#827 =( GEOMETRIC_REPRESENTATION_CONTEXT ( 3 ) GLOBAL_UNCERTAINTY_ASSIGNED_CONTEXT ( ( #6527 ) ) GLOBAL_UNIT_ASSIGNED_CONTEXT ( ( #1577, #5422, #5507 ) ) REPRESENTATION_CONTEXT ( 'NONE', 'WORKASPACE' ) );
#828 = ORIENTED_EDGE ( 'NONE', *, *, #6808, .T. ) ;
#829 = SURFACE_SIDE_STYLE ('',( #4955 ) ) ;
#830 = DIRECTION ( 'NONE',  ( 0.0000000000000000000, 0.0000000000000000000, 1.000000000000000000 ) ) ;
#831 = VERTEX_POINT ( 'NONE', #3032 ) ;
#832 =( GEOMETRIC_REPRESENTATION_CONTEXT ( 3 ) GLOBAL_UNCERTAINTY_ASSIGNED_CONTEXT ( ( #4421 ) ) GLOBAL_UNIT_ASSIGNED_CONTEXT ( ( #1383, #5562, #2217 ) ) REPRESENTATION_CONTEXT ( 'NONE', 'WORKASPACE' ) );
#833 = FILL_AREA_STYLE_COLOUR ( '', #6658 ) ;
#834 = ORIENTED_EDGE ( 'NONE', *, *, #8108, .F. ) ;
#835 = DIRECTION ( 'NONE',  ( 0.0000000000000000000, 1.000000000000000000, 0.0000000000000000000 ) ) ;
#836 = DIRECTION ( 'NONE',  ( -1.000000000000000000, 0.0000000000000000000, 0.0000000000000000000 ) ) ;
#837 = AXIS2_PLACEMENT_3D ( 'NONE', #5912, #4505, #3892 ) ;
#838 = VECTOR ( 'NONE', #1373, 39.37007874015748143 ) ;
#839 = VECTOR ( 'NONE', #3099, 39.37007874015748143 ) ;
#840 = VERTEX_POINT ( 'NONE', #8463 ) ;
#841 = SURFACE_STYLE_FILL_AREA ( #2772 ) ;
#842 = DIRECTION ( 'NONE',  ( -1.000000000000000000, 0.0000000000000000000, 0.0000000000000000000 ) ) ;
#843 = VERTEX_POINT ( 'NONE', #4406 ) ;
#844 = FILL_AREA_STYLE_COLOUR ( '', #3994 ) ;
#845 = VECTOR ( 'NONE', #643, 39.37007874015748143 ) ;
#846 = DIMENSIONAL_EXPONENTS ( 1.000000000000000000, 0.0000000000000000000, 0.0000000000000000000, 0.0000000000000000000, 0.0000000000000000000, 0.0000000000000000000, 0.0000000000000000000 ) ;
#847 = STYLED_ITEM ( 'NONE', ( #8140 ), #8550 ) ;
#848 = EDGE_CURVE ( 'NONE', #1908, #2081, #5138, .T. ) ;
#849 =( GEOMETRIC_REPRESENTATION_CONTEXT ( 3 ) GLOBAL_UNCERTAINTY_ASSIGNED_CONTEXT ( ( #4841 ) ) GLOBAL_UNIT_ASSIGNED_CONTEXT ( ( #1906, #547, #7336 ) ) REPRESENTATION_CONTEXT ( 'NONE', 'WORKASPACE' ) );
#850 = DIRECTION ( 'NONE',  ( 1.000000000000000000, 0.0000000000000000000, 0.0000000000000000000 ) ) ;
#851 = VERTEX_POINT ( 'NONE', #5061 ) ;
#852 = CARTESIAN_POINT ( 'NONE',  ( 0.02952755905511811330, -0.09389165368277065105, -1.622047244094488194 ) ) ;
#853 =( LENGTH_UNIT ( ) NAMED_UNIT ( * ) SI_UNIT ( $, .METRE. ) );
#854 = ORIENTED_EDGE ( 'NONE', *, *, #4251, .T. ) ;
#855 = FACE_BOUND ( 'NONE', #794, .T. ) ;
#856 = SURFACE_STYLE_USAGE ( .BOTH. , #6903 ) ;
#857 = DIRECTION ( 'NONE',  ( -1.000000000000000000, 0.0000000000000000000, 0.0000000000000000000 ) ) ;
#858 = EDGE_CURVE ( 'NONE', #1522, #3487, #4962, .T. ) ;
#859 = VERTEX_POINT ( 'NONE', #8373 ) ;
#860 = DIRECTION ( 'NONE',  ( -0.0000000000000000000, -0.0000000000000000000, -1.000000000000000000 ) ) ;
#861 = CARTESIAN_POINT ( 'NONE',  ( 0.1771653543307083190, 0.0000000000000000000, -1.267716535433071057 ) ) ;
#862 = VECTOR ( 'NONE', #992, 39.37007874015748143 ) ;
#863 = EDGE_CURVE ( 'NONE', #5168, #780, #5808, .T. ) ;
#864 = EDGE_CURVE ( 'NONE', #6550, #2736, #8514, .T. ) ;
#865 = EDGE_LOOP ( 'NONE', ( #6491, #965, #2461, #8721 ) ) ;
#866 = CARTESIAN_POINT ( 'NONE',  ( -0.1141732283464566844, -0.02952755905511811330, -1.267716535433071057 ) ) ;
#867 =( NAMED_UNIT ( * ) PLANE_ANGLE_UNIT ( ) SI_UNIT ( $, .RADIAN. ) );
#868 = DIRECTION ( 'NONE',  ( 0.0000000000000000000, 0.0000000000000000000, 1.000000000000000000 ) ) ;
#869 = ORIENTED_EDGE ( 'NONE', *, *, #4113, .T. ) ;
#870 = MECHANICAL_DESIGN_GEOMETRIC_PRESENTATION_REPRESENTATION (  '', ( #7357 ), #3685 ) ;
#871 = EDGE_LOOP ( 'NONE', ( #4016, #336, #6504, #3303 ) ) ;
#872 = PRESENTATION_STYLE_ASSIGNMENT (( #3594 ) ) ;
#873 = AXIS2_PLACEMENT_3D ( 'NONE', #1101, #1572, #970 ) ;
#874 = DIRECTION ( 'NONE',  ( -1.000000000000000000, 0.0000000000000000000, 0.0000000000000000000 ) ) ;
#875 = ORIENTED_EDGE ( 'NONE', *, *, #3348, .F. ) ;
#876 = DIMENSIONAL_EXPONENTS ( 1.000000000000000000, 0.0000000000000000000, 0.0000000000000000000, 0.0000000000000000000, 0.0000000000000000000, 0.0000000000000000000, 0.0000000000000000000 ) ;
#877 = CARTESIAN_POINT ( 'NONE',  ( 0.1141732283464566844, 0.02952755905511811330, -1.622047244094488194 ) ) ;
#878 = DIRECTION ( 'NONE',  ( -1.000000000000000000, 0.0000000000000000000, 0.0000000000000000000 ) ) ;
#879 = EDGE_LOOP ( 'NONE', ( #3547, #7012, #6034, #6881 ) ) ;
#880 = COLOUR_RGB ( '',0.2509803921568627416, 0.2509803921568627416, 0.2509803921568627416 ) ;
#881 = DIRECTION ( 'NONE',  ( 0.0000000000000000000, -1.000000000000000000, 0.0000000000000000000 ) ) ;
#882 = AXIS2_PLACEMENT_3D ( 'NONE', #8166, #6689, #4817 ) ;
#883 = UNCERTAINTY_MEASURE_WITH_UNIT (LENGTH_MEASURE( 1.000000000000000082E-05 ), #3674, 'distance_accuracy_value', 'NONE');
#884 = STYLED_ITEM ( 'NONE', ( #2743 ), #1460 ) ;
#885 =( CONVERSION_BASED_UNIT ( 'INCH', #1675 ) LENGTH_UNIT ( ) NAMED_UNIT ( #3249 ) );
#886 = MECHANICAL_DESIGN_GEOMETRIC_PRESENTATION_REPRESENTATION (  '', ( #54 ), #6948 ) ;
#887 = PRESENTATION_STYLE_ASSIGNMENT (( #2162 ) ) ;
#888 = VERTEX_POINT ( 'NONE', #7232 ) ;
#889 = FACE_OUTER_BOUND ( 'NONE', #2347, .T. ) ;
#890 = CARTESIAN_POINT ( 'NONE',  ( 0.0000000000000000000, 0.0000000000000000000, -1.307086614173228467 ) ) ;
#891 = DIRECTION ( 'NONE',  ( 0.0000000000000000000, 0.0000000000000000000, 1.000000000000000000 ) ) ;
#892 = EDGE_LOOP ( 'NONE', ( #6955, #4808 ) ) ;
#893 = SURFACE_STYLE_USAGE ( .BOTH. , #2166 ) ;
#894 = DIRECTION ( 'NONE',  ( 1.000000000000000000, 0.0000000000000000000, 0.0000000000000000000 ) ) ;
#895 = FACE_BOUND ( 'NONE', #6633, .T. ) ;
#896 = VECTOR ( 'NONE', #7537, 39.37007874015748143 ) ;
#897 = FACE_OUTER_BOUND ( 'NONE', #6379, .T. ) ;
#898 = FILL_AREA_STYLE_COLOUR ( '', #5116 ) ;
#899 = DIMENSIONAL_EXPONENTS ( 1.000000000000000000, 0.0000000000000000000, 0.0000000000000000000, 0.0000000000000000000, 0.0000000000000000000, 0.0000000000000000000, 0.0000000000000000000 ) ;
#900 = UNCERTAINTY_MEASURE_WITH_UNIT (LENGTH_MEASURE( 1.000000000000000082E-05 ), #2697, 'distance_accuracy_value', 'NONE');
#901 = CARTESIAN_POINT ( 'NONE',  ( 0.1141732283464566844, -0.02952755905511811330, -1.385826771653543510 ) ) ;
#902 = FILL_AREA_STYLE ('',( #6105 ) ) ;
#903 = ORIENTED_EDGE ( 'NONE', *, *, #2571, .F. ) ;
#904 = AXIS2_PLACEMENT_3D ( 'NONE', #8715, #6558, #1882 ) ;
#905 = SURFACE_SIDE_STYLE ('',( #2220 ) ) ;
#906 = DIRECTION ( 'NONE',  ( -0.0000000000000000000, -0.0000000000000000000, -1.000000000000000000 ) ) ;
#907 = FILL_AREA_STYLE_COLOUR ( '', #6856 ) ;
#908 = CARTESIAN_POINT ( 'NONE',  ( 0.09389165368277066492, -0.02952755905511809942, -1.622047244094488194 ) ) ;
#909 = ADVANCED_FACE ( 'NONE', ( #528 ), #6038, .T. ) ;
#910 = PLANE ( 'NONE',  #536 ) ;
#911 = FACE_BOUND ( 'NONE', #2771, .T. ) ;
#912 = AXIS2_PLACEMENT_3D ( 'NONE', #6981, #3623, #6321 ) ;
#913 = VERTEX_POINT ( 'NONE', #5901 ) ;
#914 = DIRECTION ( 'NONE',  ( 0.0000000000000000000, 0.0000000000000000000, -1.000000000000000000 ) ) ;
#915 = DIRECTION ( 'NONE',  ( 0.0000000000000000000, 0.0000000000000000000, -1.000000000000000000 ) ) ;
#916 = CARTESIAN_POINT ( 'NONE',  ( -0.09389165368277065105, 0.02952755905511811330, -1.622047244094488194 ) ) ;
#917 = ORIENTED_EDGE ( 'NONE', *, *, #1092, .T. ) ;
#918 = VECTOR ( 'NONE', #1201, 39.37007874015748143 ) ;
#919 = LINE ( 'NONE', #3686, #6935 ) ;
#920 = ORIENTED_EDGE ( 'NONE', *, *, #8161, .T. ) ;
#921 = EDGE_CURVE ( 'NONE', #1885, #2641, #2, .T. ) ;
#922 = DIRECTION ( 'NONE',  ( 0.0000000000000000000, 0.0000000000000000000, -1.000000000000000000 ) ) ;
#923 = CARTESIAN_POINT ( 'NONE',  ( -0.02952755905511811330, -0.09389165368277065105, -1.267716535433071057 ) ) ;
#924 = SURFACE_STYLE_FILL_AREA ( #7628 ) ;
#925 =( NAMED_UNIT ( * ) SI_UNIT ( $, .STERADIAN. ) SOLID_ANGLE_UNIT ( ) );
#926 = LINE ( 'NONE', #3652, #7765 ) ;
#927 = ORIENTED_EDGE ( 'NONE', *, *, #8700, .T. ) ;
#928 = SURFACE_STYLE_FILL_AREA ( #7014 ) ;
#929 = FACE_BOUND ( 'NONE', #1229, .T. ) ;
#930 = ORIENTED_EDGE ( 'NONE', *, *, #1708, .T. ) ;
#931 = EDGE_CURVE ( 'NONE', #5108, #3593, #7636, .T. ) ;
#932 =( NAMED_UNIT ( * ) SI_UNIT ( $, .STERADIAN. ) SOLID_ANGLE_UNIT ( ) );
#933 = EDGE_CURVE ( 'NONE', #1525, #2099, #2556, .T. ) ;
#934 = AXIS2_PLACEMENT_3D ( 'NONE', #7897, #4478, #4522 ) ;
#935 = DIRECTION ( 'NONE',  ( 0.0000000000000000000, 0.0000000000000000000, -1.000000000000000000 ) ) ;
#936 = MECHANICAL_DESIGN_GEOMETRIC_PRESENTATION_REPRESENTATION (  '', ( #1489 ), #6412 ) ;
#937 = PRESENTATION_LAYER_ASSIGNMENT (  '', '', ( #516 ) ) ;
#938 = PRESENTATION_STYLE_ASSIGNMENT (( #5598 ) ) ;
#939 = DIRECTION ( 'NONE',  ( 0.0000000000000000000, 1.000000000000000000, 0.0000000000000000000 ) ) ;
#940 = ORIENTED_EDGE ( 'NONE', *, *, #800, .T. ) ;
#941 = CARTESIAN_POINT ( 'NONE',  ( -0.2755905511811023723, 3.375010863791918375E-17, -1.169291338582677087 ) ) ;
#942 = ORIENTED_EDGE ( 'NONE', *, *, #5227, .F. ) ;
#943 = FILL_AREA_STYLE ('',( #4773 ) ) ;
#944 = SURFACE_STYLE_USAGE ( .BOTH. , #2294 ) ;
#945 =( GEOMETRIC_REPRESENTATION_CONTEXT ( 3 ) GLOBAL_UNCERTAINTY_ASSIGNED_CONTEXT ( ( #2216 ) ) GLOBAL_UNIT_ASSIGNED_CONTEXT ( ( #1724, #5819, #4503 ) ) REPRESENTATION_CONTEXT ( 'NONE', 'WORKASPACE' ) );
#946 =( LENGTH_UNIT ( ) NAMED_UNIT ( * ) SI_UNIT ( $, .METRE. ) );
#947 = DIMENSIONAL_EXPONENTS ( 1.000000000000000000, 0.0000000000000000000, 0.0000000000000000000, 0.0000000000000000000, 0.0000000000000000000, 0.0000000000000000000, 0.0000000000000000000 ) ;
#948 = COLOUR_RGB ( '',0.7450980392156862919, 0.7450980392156862919, 0.7450980392156862919 ) ;
#949 = CARTESIAN_POINT ( 'NONE',  ( -0.05955347453579573624, 0.1480276480537205397, 0.03937007874015747977 ) ) ;
#950 = DIRECTION ( 'NONE',  ( -1.000000000000000000, 0.0000000000000000000, 0.0000000000000000000 ) ) ;
#951 = AXIS2_PLACEMENT_3D ( 'NONE', #2567, #8526, #3187 ) ;
#952 = VERTEX_POINT ( 'NONE', #1236 ) ;
#953 = PRESENTATION_LAYER_ASSIGNMENT (  '', '', ( #1231 ) ) ;
#954 = DIRECTION ( 'NONE',  ( 0.0000000000000000000, 0.0000000000000000000, -1.000000000000000000 ) ) ;
#955 = DIRECTION ( 'NONE',  ( 0.0000000000000000000, 0.0000000000000000000, 1.000000000000000000 ) ) ;
#956 = FACE_BOUND ( 'NONE', #7366, .T. ) ;
#957 = PRESENTATION_LAYER_ASSIGNMENT (  '', '', ( #7865 ) ) ;
#958 = ADVANCED_FACE ( 'NONE', ( #1891 ), #5188, .F. ) ;
#959 = DIRECTION ( 'NONE',  ( 0.0000000000000000000, -1.000000000000000000, 0.0000000000000000000 ) ) ;
#960 = VERTEX_POINT ( 'NONE', #5537 ) ;
#961 = PRESENTATION_STYLE_ASSIGNMENT (( #207 ) ) ;
#962 = VECTOR ( 'NONE', #6786, 39.37007874015748143 ) ;
#963 = CARTESIAN_POINT ( 'NONE',  ( 0.09389165368277023471, 0.02952755905511811330, -1.385826771653543510 ) ) ;
#964 = SURFACE_STYLE_USAGE ( .BOTH. , #8265 ) ;
#965 = ORIENTED_EDGE ( 'NONE', *, *, #2593, .F. ) ;
#966 = CARTESIAN_POINT ( 'NONE',  ( -0.03149606299212597688, -0.09055118110236221041, 0.1968503936985494807 ) ) ;
#967 = ORIENTED_EDGE ( 'NONE', *, *, #6152, .T. ) ;
#968 = FACE_OUTER_BOUND ( 'NONE', #4685, .T. ) ;
#969 = FACE_OUTER_BOUND ( 'NONE', #1811, .T. ) ;
#970 = DIRECTION ( 'NONE',  ( -1.000000000000000000, 0.0000000000000000000, 0.0000000000000000000 ) ) ;
#971 = FACE_OUTER_BOUND ( 'NONE', #5727, .T. ) ;
#972 =( GEOMETRIC_REPRESENTATION_CONTEXT ( 3 ) GLOBAL_UNCERTAINTY_ASSIGNED_CONTEXT ( ( #4498 ) ) GLOBAL_UNIT_ASSIGNED_CONTEXT ( ( #8430, #3758, #410 ) ) REPRESENTATION_CONTEXT ( 'NONE', 'WORKASPACE' ) );
#973 = UNCERTAINTY_MEASURE_WITH_UNIT (LENGTH_MEASURE( 1.000000000000000082E-05 ), #8179, 'distance_accuracy_value', 'NONE');
#974 = EDGE_CURVE ( 'NONE', #952, #1477, #4939, .T. ) ;
#975 = AXIS2_PLACEMENT_3D ( 'NONE', #3143, #8559, #6017 ) ;
#976 = VERTEX_POINT ( 'NONE', #8316 ) ;
#977 = PLANE ( 'NONE',  #379 ) ;
#978 = LINE ( 'NONE', #347, #7732 ) ;
#979 = VECTOR ( 'NONE', #5243, 39.37007874015748143 ) ;
#980 = DIRECTION ( 'NONE',  ( 1.000000000000000000, 0.0000000000000000000, 0.0000000000000000000 ) ) ;
#981 = ORIENTED_EDGE ( 'NONE', *, *, #7449, .F. ) ;
#982 = CARTESIAN_POINT ( 'NONE',  ( -0.07141893351509372156, -0.1578207716103512126, 0.2007874015748031260 ) ) ;
#983 = STYLED_ITEM ( 'NONE', ( #938 ), #4917 ) ;
#984 = VECTOR ( 'NONE', #8029, 39.37007874015748143 ) ;
#985 = ADVANCED_FACE ( 'NONE', ( #5461 ), #4150, .F. ) ;
#986 = UNCERTAINTY_MEASURE_WITH_UNIT (LENGTH_MEASURE( 1.000000000000000082E-05 ), #1709, 'distance_accuracy_value', 'NONE');
#987 = ADVANCED_FACE ( 'NONE', ( #4758 ), #709, .F. ) ;
#988 = PRESENTATION_STYLE_ASSIGNMENT (( #7638 ) ) ;
#989 = EDGE_LOOP ( 'NONE', ( #3213, #5670, #2378, #4261 ) ) ;
#990 = DIRECTION ( 'NONE',  ( 1.000000000000000000, 0.0000000000000000000, 0.0000000000000000000 ) ) ;
#991 = VECTOR ( 'NONE', #4300, 39.37007874015748143 ) ;
#992 = DIRECTION ( 'NONE',  ( 0.0000000000000000000, 1.000000000000000000, 0.0000000000000000000 ) ) ;
#993 = ORIENTED_EDGE ( 'NONE', *, *, #2901, .F. ) ;
#994 = STYLED_ITEM ( 'NONE', ( #1629 ), #8226 ) ;
#995 = DIRECTION ( 'NONE',  ( -1.000000000000000000, 0.0000000000000000000, 0.0000000000000000000 ) ) ;
#996 = LINE ( 'NONE', #5610, #204 ) ;
#997 = UNCERTAINTY_MEASURE_WITH_UNIT (LENGTH_MEASURE( 1.000000000000000082E-05 ), #7698, 'distance_accuracy_value', 'NONE');
#998 = LINE ( 'NONE', #4982, #8752 ) ;
#999 = FILL_AREA_STYLE ('',( #7832 ) ) ;
#1000 = VERTEX_POINT ( 'NONE', #8131 ) ;
#1001 =( NAMED_UNIT ( * ) SI_UNIT ( $, .STERADIAN. ) SOLID_ANGLE_UNIT ( ) );
#1002 = DIRECTION ( 'NONE',  ( -1.000000000000000000, 0.0000000000000000000, 0.0000000000000000000 ) ) ;
#1003 = VECTOR ( 'NONE', #714, 39.37007874015748143 ) ;
#1004 = CARTESIAN_POINT ( 'NONE',  ( 0.0000000000000000000, 0.0000000000000000000, 0.4298724771940015676 ) ) ;
#1005 = FILL_AREA_STYLE_COLOUR ( '', #880 ) ;
#1006 = DIMENSIONAL_EXPONENTS ( 1.000000000000000000, 0.0000000000000000000, 0.0000000000000000000, 0.0000000000000000000, 0.0000000000000000000, 0.0000000000000000000, 0.0000000000000000000 ) ;
#1007 = PRESENTATION_LAYER_ASSIGNMENT (  '', '', ( #6920 ) ) ;
#1008 = ORIENTED_EDGE ( 'NONE', *, *, #8552, .T. ) ;
#1009 = CARTESIAN_POINT ( 'NONE',  ( -0.02952755905511805085, -0.09389165368277066492, -1.425196850393700698 ) ) ;
#1010 = EDGE_LOOP ( 'NONE', ( #4283, #2961, #706, #2748 ) ) ;
#1011 = CARTESIAN_POINT ( 'NONE',  ( 0.0000000000000000000, 0.0000000000000000000, -1.700787401574803237 ) ) ;
#1012 = VERTEX_POINT ( 'NONE', #7095 ) ;
#1013 =( NAMED_UNIT ( * ) PLANE_ANGLE_UNIT ( ) SI_UNIT ( $, .RADIAN. ) );
#1014 = DIRECTION ( 'NONE',  ( 0.0000000000000000000, 0.0000000000000000000, 1.000000000000000000 ) ) ;
#1015 = VERTEX_POINT ( 'NONE', #2976 ) ;
#1016 = SURFACE_STYLE_FILL_AREA ( #4317 ) ;
#1017 = DIRECTION ( 'NONE',  ( 0.0000000000000000000, 1.000000000000000000, 0.0000000000000000000 ) ) ;
#1018 =( NAMED_UNIT ( * ) PLANE_ANGLE_UNIT ( ) SI_UNIT ( $, .RADIAN. ) );
#1019 = ORIENTED_EDGE ( 'NONE', *, *, #6838, .F. ) ;
#1020 = EDGE_CURVE ( 'NONE', #5681, #6578, #3979, .T. ) ;
#1021 =( GEOMETRIC_REPRESENTATION_CONTEXT ( 3 ) GLOBAL_UNCERTAINTY_ASSIGNED_CONTEXT ( ( #7854 ) ) GLOBAL_UNIT_ASSIGNED_CONTEXT ( ( #5282, #1189, #2637 ) ) REPRESENTATION_CONTEXT ( 'NONE', 'WORKASPACE' ) );
#1022 = MECHANICAL_DESIGN_GEOMETRIC_PRESENTATION_REPRESENTATION (  '', ( #6510 ), #2413 ) ;
#1023 = CARTESIAN_POINT ( 'NONE',  ( 0.1511701662292213311, -0.02689103927563765012, 0.4298724771940015676 ) ) ;
#1024 = VERTEX_POINT ( 'NONE', #1707 ) ;
#1025 = AXIS2_PLACEMENT_3D ( 'NONE', #7703, #1696, #7038 ) ;
#1026 = DIRECTION ( 'NONE',  ( 1.000000000000000000, 0.0000000000000000000, 0.0000000000000000000 ) ) ;
#1027 = PRESENTATION_LAYER_ASSIGNMENT (  '', '', ( #2283 ) ) ;
#1028 = CARTESIAN_POINT ( 'NONE',  ( 0.0000000000000000000, 0.0000000000000000000, -1.622047244094488194 ) ) ;
#1029 = EDGE_LOOP ( 'NONE', ( #1264, #8460, #8098, #5160 ) ) ;
#1030 = FILL_AREA_STYLE ('',( #2462 ) ) ;
#1031 = ADVANCED_FACE ( 'NONE', ( #4915 ), #5001, .T. ) ;
#1032 = FACE_BOUND ( 'NONE', #1759, .T. ) ;
#1033 = EDGE_CURVE ( 'NONE', #7748, #5874, #5088, .T. ) ;
#1034 = PLANE ( 'NONE',  #1166 ) ;
#1035 = DIRECTION ( 'NONE',  ( 0.0000000000000000000, -1.000000000000000000, 0.0000000000000000000 ) ) ;
#1036 = VECTOR ( 'NONE', #7285, 39.37007874015748143 ) ;
#1037 = DIRECTION ( 'NONE',  ( 0.0000000000000000000, 0.0000000000000000000, 1.000000000000000000 ) ) ;
#1038 = ORIENTED_EDGE ( 'NONE', *, *, #7449, .T. ) ;
#1039 = AXIS2_PLACEMENT_3D ( 'NONE', #5052, #1139, #5089 ) ;
#1040 = CARTESIAN_POINT ( 'NONE',  ( 0.02952755905511810289, 0.09389165368277065105, -1.464566929133858109 ) ) ;
#1041 = EDGE_CURVE ( 'NONE', #3523, #6418, #5368, .T. ) ;
#1042 = CARTESIAN_POINT ( 'NONE',  ( 0.1476377952755905942, 0.0000000000000000000, 0.2007874015748031260 ) ) ;
#1043 = DIRECTION ( 'NONE',  ( 0.0000000000000000000, 1.000000000000000000, 0.0000000000000000000 ) ) ;
#1044 = ORIENTED_EDGE ( 'NONE', *, *, #267, .F. ) ;
#1045 = FACE_OUTER_BOUND ( 'NONE', #7085, .T. ) ;
#1046 = DIRECTION ( 'NONE',  ( 0.0000000000000000000, 0.0000000000000000000, 1.000000000000000000 ) ) ;
#1047 = VERTEX_POINT ( 'NONE', #6340 ) ;
#1048 = EDGE_LOOP ( 'NONE', ( #4058, #189, #7234, #5958 ) ) ;
#1049 = DIRECTION ( 'NONE',  ( 1.000000000000000000, 0.0000000000000000000, 0.0000000000000000000 ) ) ;
#1050 = VECTOR ( 'NONE', #319, 39.37007874015748143 ) ;
#1051 = SURFACE_SIDE_STYLE ('',( #7720 ) ) ;
#1052 = UNCERTAINTY_MEASURE_WITH_UNIT (LENGTH_MEASURE( 1.000000000000000082E-05 ), #1703, 'distance_accuracy_value', 'NONE');
#1053 = PRESENTATION_LAYER_ASSIGNMENT (  '', '', ( #2737 ) ) ;
#1054 =( CONVERSION_BASED_UNIT ( 'INCH', #7767 ) LENGTH_UNIT ( ) NAMED_UNIT ( #561 ) );
#1055 = ORIENTED_EDGE ( 'NONE', *, *, #4239, .T. ) ;
#1056 = DIMENSIONAL_EXPONENTS ( 1.000000000000000000, 0.0000000000000000000, 0.0000000000000000000, 0.0000000000000000000, 0.0000000000000000000, 0.0000000000000000000, 0.0000000000000000000 ) ;
#1057 = FACE_OUTER_BOUND ( 'NONE', #1937, .T. ) ;
#1058 = SURFACE_SIDE_STYLE ('',( #7056 ) ) ;
#1059 = DIRECTION ( 'NONE',  ( 0.0000000000000000000, 0.0000000000000000000, -1.000000000000000000 ) ) ;
#1060 = VERTEX_POINT ( 'NONE', #5675 ) ;
#1061 = CARTESIAN_POINT ( 'NONE',  ( 0.0000000000000000000, 0.0000000000000000000, -1.385826771653543510 ) ) ;
#1062 = MECHANICAL_DESIGN_GEOMETRIC_PRESENTATION_REPRESENTATION (  '', ( #1756 ), #5124 ) ;
#1063 = PRESENTATION_STYLE_ASSIGNMENT (( #7102 ) ) ;
#1064 = AXIS2_PLACEMENT_3D ( 'NONE', #6046, #2036, #757 ) ;
#1065 = EDGE_CURVE ( 'NONE', #6486, #7820, #7050, .T. ) ;
#1066 = ORIENTED_EDGE ( 'NONE', *, *, #716, .F. ) ;
#1067 = SURFACE_STYLE_USAGE ( .BOTH. , #4281 ) ;
#1068 = LENGTH_MEASURE_WITH_UNIT ( LENGTH_MEASURE( 0.02539999999999999897 ), #2459 );
#1069 = DIRECTION ( 'NONE',  ( 0.0000000000000000000, 0.0000000000000000000, 1.000000000000000000 ) ) ;
#1070 = VERTEX_POINT ( 'NONE', #7808 ) ;
#1071 = FACE_OUTER_BOUND ( 'NONE', #6667, .T. ) ;
#1072 =( GEOMETRIC_REPRESENTATION_CONTEXT ( 3 ) GLOBAL_UNCERTAINTY_ASSIGNED_CONTEXT ( ( #3447 ) ) GLOBAL_UNIT_ASSIGNED_CONTEXT ( ( #2590, #485, #6523 ) ) REPRESENTATION_CONTEXT ( 'NONE', 'WORKASPACE' ) );
#1073 = PRESENTATION_LAYER_ASSIGNMENT (  '', '', ( #3176 ) ) ;
#1074 = PLANE ( 'NONE',  #912 ) ;
#1075 = PRESENTATION_LAYER_ASSIGNMENT (  '', '', ( #1919 ) ) ;
#1076 = UNCERTAINTY_MEASURE_WITH_UNIT (LENGTH_MEASURE( 1.000000000000000082E-05 ), #2889, 'distance_accuracy_value', 'NONE');
#1077 = SURFACE_SIDE_STYLE ('',( #7114 ) ) ;
#1078 = EDGE_CURVE ( 'NONE', #2550, #1651, #6297, .T. ) ;
#1079 = EDGE_LOOP ( 'NONE', ( #2990, #8048, #434, #3706 ) ) ;
#1080 = DIRECTION ( 'NONE',  ( 0.0000000000000000000, 0.0000000000000000000, 1.000000000000000000 ) ) ;
#1081 = VECTOR ( 'NONE', #1788, 39.37007874015748143 ) ;
#1082 = CIRCLE ( 'NONE', #8001, 0.1771653543307086798 ) ;
#1083 = CARTESIAN_POINT ( 'NONE',  ( -0.1102362204724409434, 0.03149606299212599769, 0.1968503936985494807 ) ) ;
#1084 = STYLED_ITEM ( 'NONE', ( #1944 ), #3445 ) ;
#1085 = CARTESIAN_POINT ( 'NONE',  ( 0.02952755905511811330, -0.1141732283464566844, -1.622047244094488194 ) ) ;
#1086 =( NAMED_UNIT ( * ) SI_UNIT ( $, .STERADIAN. ) SOLID_ANGLE_UNIT ( ) );
#1087 =( CONVERSION_BASED_UNIT ( 'INCH', #421 ) LENGTH_UNIT ( ) NAMED_UNIT ( #826 ) );
#1088 = AXIS2_PLACEMENT_3D ( 'NONE', #2186, #45, #4190 ) ;
#1089 = VECTOR ( 'NONE', #4532, 39.37007874015748143 ) ;
#1090 = EDGE_CURVE ( 'NONE', #2068, #506, #3116, .T. ) ;
#1091 = ORIENTED_EDGE ( 'NONE', *, *, #1940, .T. ) ;
#1092 = EDGE_CURVE ( 'NONE', #4621, #1131, #255, .T. ) ;
#1093 = CARTESIAN_POINT ( 'NONE',  ( 0.1614173228346456601, 0.0000000000000000000, 0.03937007874015751446 ) ) ;
#1094 =( NAMED_UNIT ( * ) SI_UNIT ( $, .STERADIAN. ) SOLID_ANGLE_UNIT ( ) );
#1095 = AXIS2_PLACEMENT_3D ( 'NONE', #2404, #5087, #4398 ) ;
#1096 = DIRECTION ( 'NONE',  ( -0.0000000000000000000, -0.0000000000000000000, -1.000000000000000000 ) ) ;
#1097 = VERTEX_POINT ( 'NONE', #4270 ) ;
#1098 = CARTESIAN_POINT ( 'NONE',  ( -0.09821518547154173273, -0.1435762634249768688, 0.2007874015748031260 ) ) ;
#1099 = SURFACE_STYLE_USAGE ( .BOTH. , #431 ) ;
#1100 = AXIS2_PLACEMENT_3D ( 'NONE', #4284, #4209, #5516 ) ;
#1101 = CARTESIAN_POINT ( 'NONE',  ( 0.0000000000000000000, 0.0000000000000000000, -1.425196850393700698 ) ) ;
#1102 = LINE ( 'NONE', #7809, #3140 ) ;
#1103 = MECHANICAL_DESIGN_GEOMETRIC_PRESENTATION_REPRESENTATION (  '', ( #4473 ), #8165 ) ;
#1104 = EDGE_LOOP ( 'NONE', ( #4084, #4883, #5591, #2157 ) ) ;
#1105 = DIRECTION ( 'NONE',  ( 0.0000000000000000000, 0.0000000000000000000, 1.000000000000000000 ) ) ;
#1106 = ORIENTED_EDGE ( 'NONE', *, *, #3934, .T. ) ;
#1107 =( NAMED_UNIT ( * ) SI_UNIT ( $, .STERADIAN. ) SOLID_ANGLE_UNIT ( ) );
#1108 = DIRECTION ( 'NONE',  ( 0.0000000000000000000, 0.0000000000000000000, -1.000000000000000000 ) ) ;
#1109 = AXIS2_PLACEMENT_3D ( 'NONE', #6453, #1037, #369 ) ;
#1110 = AXIS2_PLACEMENT_3D ( 'NONE', #7725, #1105, #1669 ) ;
#1111 = VERTEX_POINT ( 'NONE', #2236 ) ;
#1112 = ORIENTED_EDGE ( 'NONE', *, *, #4000, .F. ) ;
#1113 = CARTESIAN_POINT ( 'NONE',  ( 0.0000000000000000000, 0.0000000000000000000, -1.346456692913385877 ) ) ;
#1114 = DIRECTION ( 'NONE',  ( -1.000000000000000000, 0.0000000000000000000, 0.0000000000000000000 ) ) ;
#1115 = ORIENTED_EDGE ( 'NONE', *, *, #489, .T. ) ;
#1116 = CARTESIAN_POINT ( 'NONE',  ( 0.02952755905511811330, -0.09389165368277065105, -1.661417322834645827 ) ) ;
#1117 =( LENGTH_UNIT ( ) NAMED_UNIT ( * ) SI_UNIT ( $, .METRE. ) );
#1118 =( NAMED_UNIT ( * ) SI_UNIT ( $, .STERADIAN. ) SOLID_ANGLE_UNIT ( ) );
#1119 = FILL_AREA_STYLE_COLOUR ( '', #1388 ) ;
#1120 = ADVANCED_FACE ( 'NONE', ( #6963 ), #3105, .F. ) ;
#1121 = SURFACE_STYLE_FILL_AREA ( #590 ) ;
#1122 = STYLED_ITEM ( 'NONE', ( #6466 ), #5367 ) ;
#1123 = PLANE ( 'NONE',  #139 ) ;
#1124 = ORIENTED_EDGE ( 'NONE', *, *, #1065, .T. ) ;
#1125 = PLANE ( 'NONE',  #91 ) ;
#1126 =( NAMED_UNIT ( * ) SI_UNIT ( $, .STERADIAN. ) SOLID_ANGLE_UNIT ( ) );
#1127 = SURFACE_STYLE_FILL_AREA ( #4470 ) ;
#1128 = PRESENTATION_LAYER_ASSIGNMENT (  '', '', ( #7758 ) ) ;
#1129 = EDGE_CURVE ( 'NONE', #4551, #4589, #2274, .T. ) ;
#1130 = CARTESIAN_POINT ( 'NONE',  ( -0.1141732283464566844, 0.02952755905511811330, -1.543307086614173151 ) ) ;
#1131 = VERTEX_POINT ( 'NONE', #7259 ) ;
#1132 = LINE ( 'NONE', #424, #792 ) ;
#1133 =( CONVERSION_BASED_UNIT ( 'INCH', #6506 ) LENGTH_UNIT ( ) NAMED_UNIT ( #3428 ) );
#1134 = DIRECTION ( 'NONE',  ( 1.000000000000000000, 0.0000000000000000000, 0.0000000000000000000 ) ) ;
#1135 = CARTESIAN_POINT ( 'NONE',  ( 0.05118110236220473758, -0.01968503937007873988, 0.0000000000000000000 ) ) ;
#1136 = PRESENTATION_STYLE_ASSIGNMENT (( #1099 ) ) ;
#1137 = CARTESIAN_POINT ( 'NONE',  ( 0.02952755905511811330, 0.1141732283464566844, -1.267716535433071057 ) ) ;
#1138 = EDGE_CURVE ( 'NONE', #952, #5756, #7937, .T. ) ;
#1139 = DIRECTION ( 'NONE',  ( 0.0000000000000000000, -1.000000000000000000, 0.0000000000000000000 ) ) ;
#1140 = EDGE_CURVE ( 'NONE', #5476, #1836, #7179, .T. ) ;
#1141 = CARTESIAN_POINT ( 'NONE',  ( -0.02952755905511811330, 0.1141732283464566844, -1.700787401574803237 ) ) ;
#1142 = VERTEX_POINT ( 'NONE', #6655 ) ;
#1143 = CARTESIAN_POINT ( 'NONE',  ( 0.0000000000000000000, 0.0000000000000000000, 0.03937007874015751446 ) ) ;
#1144 = DIRECTION ( 'NONE',  ( -1.000000000000000000, 0.0000000000000000000, 0.0000000000000000000 ) ) ;
#1145 = ORIENTED_EDGE ( 'NONE', *, *, #4251, .F. ) ;
#1146 = DIRECTION ( 'NONE',  ( 0.0000000000000000000, 0.0000000000000000000, 1.000000000000000000 ) ) ;
#1147 = CIRCLE ( 'NONE', #3532, 0.09842519685039410882 ) ;
#1148 = LINE ( 'NONE', #490, #1819 ) ;
#1149 = ORIENTED_EDGE ( 'NONE', *, *, #1138, .T. ) ;
#1150 = DIRECTION ( 'NONE',  ( -0.0000000000000000000, -0.0000000000000000000, -1.000000000000000000 ) ) ;
#1151 = DIRECTION ( 'NONE',  ( -1.000000000000000000, 0.0000000000000000000, 0.0000000000000000000 ) ) ;
#1152 = CARTESIAN_POINT ( 'NONE',  ( -0.1141732283464566844, 0.02952755905511811330, -1.700787401574803237 ) ) ;
#1153 = ORIENTED_EDGE ( 'NONE', *, *, #6498, .T. ) ;
#1154 = AXIS2_PLACEMENT_3D ( 'NONE', #1283, #3972, #8638 ) ;
#1155 = SURFACE_SIDE_STYLE ('',( #5568 ) ) ;
#1156 = CARTESIAN_POINT ( 'NONE',  ( 0.1141732283464566844, -0.02952755905511811330, -1.622047244094488194 ) ) ;
#1157 = FILL_AREA_STYLE ('',( #541 ) ) ;
#1158 = CARTESIAN_POINT ( 'NONE',  ( -0.1141732283464566844, 0.02952755905511811330, -1.661417322834645827 ) ) ;
#1159 = UNCERTAINTY_MEASURE_WITH_UNIT (LENGTH_MEASURE( 1.000000000000000082E-05 ), #2034, 'distance_accuracy_value', 'NONE');
#1160 = PRESENTATION_STYLE_ASSIGNMENT (( #7204 ) ) ;
#1161 = EDGE_LOOP ( 'NONE', ( #4315, #5105, #2398, #5096 ) ) ;
#1162 = SURFACE_STYLE_FILL_AREA ( #2432 ) ;
#1163 = FILL_AREA_STYLE ('',( #463 ) ) ;
#1164 =( NAMED_UNIT ( * ) SI_UNIT ( $, .STERADIAN. ) SOLID_ANGLE_UNIT ( ) );
#1165 = PRESENTATION_STYLE_ASSIGNMENT (( #5921 ) ) ;
#1166 = AXIS2_PLACEMENT_3D ( 'NONE', #6233, #193, #5557 ) ;
#1167 =( NAMED_UNIT ( * ) PLANE_ANGLE_UNIT ( ) SI_UNIT ( $, .RADIAN. ) );
#1168 =( GEOMETRIC_REPRESENTATION_CONTEXT ( 3 ) GLOBAL_UNCERTAINTY_ASSIGNED_CONTEXT ( ( #1843 ) ) GLOBAL_UNIT_ASSIGNED_CONTEXT ( ( #4461, #2223, #1118 ) ) REPRESENTATION_CONTEXT ( 'NONE', 'WORKASPACE' ) );
#1169 =( CONVERSION_BASED_UNIT ( 'INCH', #7167 ) LENGTH_UNIT ( ) NAMED_UNIT ( #4259 ) );
#1170 = DIMENSIONAL_EXPONENTS ( 1.000000000000000000, 0.0000000000000000000, 0.0000000000000000000, 0.0000000000000000000, 0.0000000000000000000, 0.0000000000000000000, 0.0000000000000000000 ) ;
#1171 = ORIENTED_EDGE ( 'NONE', *, *, #1643, .F. ) ;
#1172 = STYLED_ITEM ( 'NONE', ( #2317 ), #1654 ) ;
#1173 = DIRECTION ( 'NONE',  ( -1.000000000000000000, 0.0000000000000000000, 0.0000000000000000000 ) ) ;
#1174 = SURFACE_STYLE_FILL_AREA ( #1215 ) ;
#1175 = EDGE_CURVE ( 'NONE', #3501, #1785, #4005, .T. ) ;
#1176 = SURFACE_STYLE_USAGE ( .BOTH. , #2666 ) ;
#1177 = SURFACE_STYLE_FILL_AREA ( #7176 ) ;
#1178 = PRESENTATION_STYLE_ASSIGNMENT (( #1973 ) ) ;
#1179 = CARTESIAN_POINT ( 'NONE',  ( 0.02952755905511811330, 0.1141732283464566844, -1.582677165354331006 ) ) ;
#1180 = MECHANICAL_DESIGN_GEOMETRIC_PRESENTATION_REPRESENTATION (  '', ( #2154 ), #7953 ) ;
#1181 = DIRECTION ( 'NONE',  ( 1.000000000000000000, 0.0000000000000000000, 0.0000000000000000000 ) ) ;
#1182 =( LENGTH_UNIT ( ) NAMED_UNIT ( * ) SI_UNIT ( $, .METRE. ) );
#1183 = EDGE_CURVE ( 'NONE', #3666, #859, #3201, .T. ) ;
#1184 = EDGE_LOOP ( 'NONE', ( #3741, #8688, #3392, #1320 ) ) ;
#1185 = VECTOR ( 'NONE', #8750, 39.37007874015748143 ) ;
#1186 = CARTESIAN_POINT ( 'NONE',  ( -0.02952755905511811330, 0.1141732283464566844, -1.307086614173228467 ) ) ;
#1187 = ORIENTED_EDGE ( 'NONE', *, *, #2007, .F. ) ;
#1188 =( NAMED_UNIT ( * ) SI_UNIT ( $, .STERADIAN. ) SOLID_ANGLE_UNIT ( ) );
#1189 =( NAMED_UNIT ( * ) PLANE_ANGLE_UNIT ( ) SI_UNIT ( $, .RADIAN. ) );
#1190 = STYLED_ITEM ( 'NONE', ( #6269 ), #2308 ) ;
#1191 = DIRECTION ( 'NONE',  ( -1.000000000000000000, 0.0000000000000000000, 0.0000000000000000000 ) ) ;
#1192 = ORIENTED_EDGE ( 'NONE', *, *, #1300, .F. ) ;
#1193 = EDGE_CURVE ( 'NONE', #115, #1111, #3288, .T. ) ;
#1194 = VERTEX_POINT ( 'NONE', #8714 ) ;
#1195 = EDGE_CURVE ( 'NONE', #6803, #715, #1881, .T. ) ;
#1196 = DIRECTION ( 'NONE',  ( 1.000000000000000000, 0.0000000000000000000, 0.0000000000000000000 ) ) ;
#1197 = ORIENTED_EDGE ( 'NONE', *, *, #2407, .T. ) ;
#1198 = DIRECTION ( 'NONE',  ( 1.000000000000000000, 0.0000000000000000000, 0.0000000000000000000 ) ) ;
#1199 = SURFACE_SIDE_STYLE ('',( #7157 ) ) ;
#1200 = PRESENTATION_LAYER_ASSIGNMENT (  '', '', ( #4846 ) ) ;
#1201 = DIRECTION ( 'NONE',  ( -0.0000000000000000000, -0.0000000000000000000, -1.000000000000000000 ) ) ;
#1202 =( LENGTH_UNIT ( ) NAMED_UNIT ( * ) SI_UNIT ( $, .METRE. ) );
#1203 = VERTEX_POINT ( 'NONE', #6607 ) ;
#1204 = DIRECTION ( 'NONE',  ( 1.000000000000000000, 0.0000000000000000000, 0.0000000000000000000 ) ) ;
#1205 = ORIENTED_EDGE ( 'NONE', *, *, #3671, .T. ) ;
#1206 = SURFACE_STYLE_USAGE ( .BOTH. , #5253 ) ;
#1207 = COLOUR_RGB ( '',0.7450980392156862919, 0.7450980392156862919, 0.7450980392156862919 ) ;
#1208 = DIRECTION ( 'NONE',  ( 0.0000000000000000000, -1.000000000000000000, 0.0000000000000000000 ) ) ;
#1209 = COLOUR_RGB ( '',0.2509803921568627416, 0.2509803921568627416, 0.2509803921568627416 ) ;
#1210 = SURFACE_STYLE_FILL_AREA ( #6642 ) ;
#1211 = CARTESIAN_POINT ( 'NONE',  ( 0.0000000000000000000, 0.0000000000000000000, -1.425196850393700698 ) ) ;
#1212 = CARTESIAN_POINT ( 'NONE',  ( 0.0000000000000000000, 0.0000000000000000000, -1.582677165354331006 ) ) ;
#1213 = ORIENTED_EDGE ( 'NONE', *, *, #5380, .F. ) ;
#1214 = FILL_AREA_STYLE_COLOUR ( '', #647 ) ;
#1215 = FILL_AREA_STYLE ('',( #2533 ) ) ;
#1216 = LINE ( 'NONE', #6511, #4123 ) ;
#1217 = DIRECTION ( 'NONE',  ( 0.0000000000000000000, -1.000000000000000000, 0.0000000000000000000 ) ) ;
#1218 =( NAMED_UNIT ( * ) PLANE_ANGLE_UNIT ( ) SI_UNIT ( $, .RADIAN. ) );
#1219 = SURFACE_STYLE_FILL_AREA ( #6556 ) ;
#1220 = CARTESIAN_POINT ( 'NONE',  ( -0.1039438373518108139, -0.1234958735654132361, 0.4298724771940015676 ) ) ;
#1221 =( GEOMETRIC_REPRESENTATION_CONTEXT ( 3 ) GLOBAL_UNCERTAINTY_ASSIGNED_CONTEXT ( ( #368 ) ) GLOBAL_UNIT_ASSIGNED_CONTEXT ( ( #5498, #1360, #1449 ) ) REPRESENTATION_CONTEXT ( 'NONE', 'WORKASPACE' ) );
#1222 = CARTESIAN_POINT ( 'NONE',  ( 0.02952755905511811330, 0.1141732283464566844, -1.267716535433071057 ) ) ;
#1223 = PRESENTATION_LAYER_ASSIGNMENT (  '', '', ( #3186 ) ) ;
#1224 = EDGE_CURVE ( 'NONE', #4125, #3427, #4656, .T. ) ;
#1225 = UNCERTAINTY_MEASURE_WITH_UNIT (LENGTH_MEASURE( 1.000000000000000082E-05 ), #7582, 'distance_accuracy_value', 'NONE');
#1226 = LINE ( 'NONE', #5452, #503 ) ;
#1227 = COLOUR_RGB ( '',0.2509803921568627416, 0.2509803921568627416, 0.2509803921568627416 ) ;
#1228 = DIRECTION ( 'NONE',  ( 0.0000000000000000000, 1.000000000000000000, 0.0000000000000000000 ) ) ;
#1229 = EDGE_LOOP ( 'NONE', ( #7327, #1400, #5792, #7387, #1832, #6272, #61, #7106, #5991, #1280, #505, #315, #3835, #4553, #3863, #132 ) ) ;
#1230 = DIMENSIONAL_EXPONENTS ( 1.000000000000000000, 0.0000000000000000000, 0.0000000000000000000, 0.0000000000000000000, 0.0000000000000000000, 0.0000000000000000000, 0.0000000000000000000 ) ;
#1231 = STYLED_ITEM ( 'NONE', ( #7812 ), #3533 ) ;
#1232 = PRESENTATION_STYLE_ASSIGNMENT (( #3297 ) ) ;
#1233 = PRESENTATION_STYLE_ASSIGNMENT (( #3298 ) ) ;
#1234 = ORIENTED_EDGE ( 'NONE', *, *, #6043, .T. ) ;
#1235 = DIRECTION ( 'NONE',  ( 0.03903273174035342546, 0.0000000000000000000, 0.9992379325530460488 ) ) ;
#1236 = CARTESIAN_POINT ( 'NONE',  ( -0.1451771653543307283, 1.787324391595162669E-17, -1.582677165354331006 ) ) ;
#1237 = EDGE_CURVE ( 'NONE', #6663, #6486, #2418, .T. ) ;
#1238 = UNCERTAINTY_MEASURE_WITH_UNIT (LENGTH_MEASURE( 1.000000000000000082E-05 ), #7445, 'distance_accuracy_value', 'NONE');
#1239 = LINE ( 'NONE', #3118, #3078 ) ;
#1240 = VERTEX_POINT ( 'NONE', #8669 ) ;
#1241 = VERTEX_POINT ( 'NONE', #2581 ) ;
#1242 = COLOUR_RGB ( '',0.2509803921568627416, 0.2509803921568627416, 0.2509803921568627416 ) ;
#1243 = FILL_AREA_STYLE ('',( #7282 ) ) ;
#1244 = ORIENTED_EDGE ( 'NONE', *, *, #6737, .T. ) ;
#1245 = LENGTH_MEASURE_WITH_UNIT ( LENGTH_MEASURE( 0.02539999999999999897 ), #4024 );
#1246 = FACE_OUTER_BOUND ( 'NONE', #6931, .T. ) ;
#1247 = PLANE ( 'NONE',  #5608 ) ;
#1248 = CARTESIAN_POINT ( 'NONE',  ( -0.02952755905511805085, -0.09389165368277066492, -1.385826771653543510 ) ) ;
#1249 = ADVANCED_FACE ( 'NONE', ( #2622 ), #5309, .F. ) ;
#1250 = CARTESIAN_POINT ( 'NONE',  ( 0.02952755905511811330, -0.1141732283464566844, -1.346456692913385877 ) ) ;
#1251 = ADVANCED_FACE ( 'NONE', ( #6871 ), #36, .T. ) ;
#1252 = MECHANICAL_DESIGN_GEOMETRIC_PRESENTATION_REPRESENTATION (  '', ( #5743 ), #972 ) ;
#1253 = UNCERTAINTY_MEASURE_WITH_UNIT (LENGTH_MEASURE( 1.000000000000000082E-05 ), #5771, 'distance_accuracy_value', 'NONE');
#1254 = CARTESIAN_POINT ( 'NONE',  ( -0.01968503937007873295, 0.01968503937007873988, 0.1968503937007874127 ) ) ;
#1255 = ORIENTED_EDGE ( 'NONE', *, *, #6309, .T. ) ;
#1256 = VERTEX_POINT ( 'NONE', #2670 ) ;
#1257 = PLANE ( 'NONE',  #4186 ) ;
#1258 = PRESENTATION_LAYER_ASSIGNMENT (  '', '', ( #6755 ) ) ;
#1259 = FACE_OUTER_BOUND ( 'NONE', #3159, .T. ) ;
#1260 = FACE_OUTER_BOUND ( 'NONE', #2456, .T. ) ;
#1261 = MECHANICAL_DESIGN_GEOMETRIC_PRESENTATION_REPRESENTATION (  '', ( #3072 ), #5181 ) ;
#1262 = DIRECTION ( 'NONE',  ( -1.000000000000000000, 0.0000000000000000000, 0.0000000000000000000 ) ) ;
#1263 = SURFACE_STYLE_USAGE ( .BOTH. , #4607 ) ;
#1264 = ORIENTED_EDGE ( 'NONE', *, *, #4258, .T. ) ;
#1265 = CARTESIAN_POINT ( 'NONE',  ( 0.02952755905511811330, -0.1141732283464566844, -1.582677165354331006 ) ) ;
#1266 = LINE ( 'NONE', #6554, #1081 ) ;
#1267 = AXIS2_PLACEMENT_3D ( 'NONE', #5967, #3327, #2663 ) ;
#1268 = ORIENTED_EDGE ( 'NONE', *, *, #7594, .F. ) ;
#1269 =( NAMED_UNIT ( * ) SI_UNIT ( $, .STERADIAN. ) SOLID_ANGLE_UNIT ( ) );
#1270 = FILL_AREA_STYLE ('',( #5268 ) ) ;
#1271 = VECTOR ( 'NONE', #5689, 39.37007874015748143 ) ;
#1272 = DIRECTION ( 'NONE',  ( 0.0000000000000000000, 0.0000000000000000000, -1.000000000000000000 ) ) ;
#1273 =( GEOMETRIC_REPRESENTATION_CONTEXT ( 3 ) GLOBAL_UNCERTAINTY_ASSIGNED_CONTEXT ( ( #883 ) ) GLOBAL_UNIT_ASSIGNED_CONTEXT ( ( #3674, #3002, #8479 ) ) REPRESENTATION_CONTEXT ( 'NONE', 'WORKASPACE' ) );
#1274 = DIRECTION ( 'NONE',  ( 0.0000000000000000000, 0.0000000000000000000, -1.000000000000000000 ) ) ;
#1275 = DIRECTION ( 'NONE',  ( 0.0000000000000000000, 0.0000000000000000000, 1.000000000000000000 ) ) ;
#1276 = FACE_OUTER_BOUND ( 'NONE', #6384, .T. ) ;
#1277 = EDGE_LOOP ( 'NONE', ( #7824, #3772, #8489, #1893, #8150, #4233, #4116 ) ) ;
#1278 =( NAMED_UNIT ( * ) PLANE_ANGLE_UNIT ( ) SI_UNIT ( $, .RADIAN. ) );
#1279 =( LENGTH_UNIT ( ) NAMED_UNIT ( * ) SI_UNIT ( $, .METRE. ) );
#1280 = ORIENTED_EDGE ( 'NONE', *, *, #7118, .T. ) ;
#1281 = SURFACE_STYLE_USAGE ( .BOTH. , #5900 ) ;
#1282 = FILL_AREA_STYLE ('',( #6752 ) ) ;
#1283 = CARTESIAN_POINT ( 'NONE',  ( 0.0000000000000000000, 0.0000000000000000000, -1.385826771653543510 ) ) ;
#1284 = CARTESIAN_POINT ( 'NONE',  ( 0.02952755905511811330, -0.1141732283464566844, -1.661417322834645827 ) ) ;
#1285 = VERTEX_POINT ( 'NONE', #120 ) ;
#1286 =( LENGTH_UNIT ( ) NAMED_UNIT ( * ) SI_UNIT ( $, .METRE. ) );
#1287 = ORIENTED_EDGE ( 'NONE', *, *, #6676, .F. ) ;
#1288 = FACE_BOUND ( 'NONE', #6800, .T. ) ;
#1289 = DIMENSIONAL_EXPONENTS ( 1.000000000000000000, 0.0000000000000000000, 0.0000000000000000000, 0.0000000000000000000, 0.0000000000000000000, 0.0000000000000000000, 0.0000000000000000000 ) ;
#1290 = LINE ( 'NONE', #5341, #642 ) ;
#1291 = LINE ( 'NONE', #4684, #1543 ) ;
#1292 = ORIENTED_EDGE ( 'NONE', *, *, #7754, .T. ) ;
#1293 = SURFACE_SIDE_STYLE ('',( #8604 ) ) ;
#1294 = ORIENTED_EDGE ( 'NONE', *, *, #5391, .T. ) ;
#1295 = ADVANCED_FACE ( 'NONE', ( #693 ), #3466, .T. ) ;
#1296 = DIRECTION ( 'NONE',  ( 1.000000000000000000, 0.0000000000000000000, 0.0000000000000000000 ) ) ;
#1297 =( CONVERSION_BASED_UNIT ( 'INCH', #5519 ) LENGTH_UNIT ( ) NAMED_UNIT ( #8528 ) );
#1298 = LINE ( 'NONE', #2528, #622 ) ;
#1299 = ORIENTED_EDGE ( 'NONE', *, *, #502, .F. ) ;
#1300 = EDGE_CURVE ( 'NONE', #1797, #1142, #2965, .T. ) ;
#1301 = DIRECTION ( 'NONE',  ( 1.000000000000000000, 0.0000000000000000000, 0.0000000000000000000 ) ) ;
#1302 = STYLED_ITEM ( 'NONE', ( #3756 ), #429 ) ;
#1303 = DIRECTION ( 'NONE',  ( -1.000000000000000000, 0.0000000000000000000, 0.0000000000000000000 ) ) ;
#1304 =( LENGTH_UNIT ( ) NAMED_UNIT ( * ) SI_UNIT ( $, .METRE. ) );
#1305 = CARTESIAN_POINT ( 'NONE',  ( -0.09570420454949646327, -0.2584392716516821231, 0.2480314960629921572 ) ) ;
#1306 = CARTESIAN_POINT ( 'NONE',  ( -0.09389165368277065105, 0.02952755905511811330, -1.425196850393700698 ) ) ;
#1307 = AXIS2_PLACEMENT_3D ( 'NONE', #6319, #1636, #1590 ) ;
#1308 = UNCERTAINTY_MEASURE_WITH_UNIT (LENGTH_MEASURE( 1.000000000000000082E-05 ), #2427, 'distance_accuracy_value', 'NONE');
#1309 = DIRECTION ( 'NONE',  ( -1.000000000000000000, 0.0000000000000000000, 0.0000000000000000000 ) ) ;
#1310 = DIRECTION ( 'NONE',  ( -1.000000000000000000, 0.0000000000000000000, 0.0000000000000000000 ) ) ;
#1311 = ORIENTED_EDGE ( 'NONE', *, *, #6357, .F. ) ;
#1312 =( NAMED_UNIT ( * ) SI_UNIT ( $, .STERADIAN. ) SOLID_ANGLE_UNIT ( ) );
#1313 = FILL_AREA_STYLE ('',( #6661 ) ) ;
#1314 = FILL_AREA_STYLE ('',( #6748 ) ) ;
#1315 = VERTEX_POINT ( 'NONE', #1042 ) ;
#1316 = CARTESIAN_POINT ( 'NONE',  ( 0.1141732283464566844, 0.02952755905511811330, -1.543307086614173151 ) ) ;
#1317 = FACE_OUTER_BOUND ( 'NONE', #627, .T. ) ;
#1318 = AXIS2_PLACEMENT_3D ( 'NONE', #778, #4862, #7571 ) ;
#1319 =( NAMED_UNIT ( * ) SI_UNIT ( $, .STERADIAN. ) SOLID_ANGLE_UNIT ( ) );
#1320 = ORIENTED_EDGE ( 'NONE', *, *, #3925, .F. ) ;
#1321 = ORIENTED_EDGE ( 'NONE', *, *, #5281, .F. ) ;
#1322 = CYLINDRICAL_SURFACE ( 'NONE', #7135, 0.01574803149606300579 ) ;
#1323 =( LENGTH_UNIT ( ) NAMED_UNIT ( * ) SI_UNIT ( $, .METRE. ) );
#1324 = CARTESIAN_POINT ( 'NONE',  ( -0.09389165368277065105, -0.02952755905511811330, -1.464566929133858109 ) ) ;
#1325 = ORIENTED_EDGE ( 'NONE', *, *, #6857, .F. ) ;
#1326 = DIRECTION ( 'NONE',  ( -1.000000000000000000, 0.0000000000000000000, 0.0000000000000000000 ) ) ;
#1327 =( NAMED_UNIT ( * ) SI_UNIT ( $, .STERADIAN. ) SOLID_ANGLE_UNIT ( ) );
#1328 = CIRCLE ( 'NONE', #2734, 0.1421013779527558751 ) ;
#1329 =( LENGTH_UNIT ( ) NAMED_UNIT ( * ) SI_UNIT ( $, .METRE. ) );
#1330 = EDGE_CURVE ( 'NONE', #6304, #6337, #3690, .T. ) ;
#1331 = UNCERTAINTY_MEASURE_WITH_UNIT (LENGTH_MEASURE( 1.000000000000000082E-05 ), #2197, 'distance_accuracy_value', 'NONE');
#1332 = EDGE_LOOP ( 'NONE', ( #3182, #6564, #3295, #765 ) ) ;
#1333 = VECTOR ( 'NONE', #591, 39.37007874015748143 ) ;
#1334 = CARTESIAN_POINT ( 'NONE',  ( 0.09389165368277065105, 0.02952755905511811330, -1.464566929133858109 ) ) ;
#1335 = ORIENTED_EDGE ( 'NONE', *, *, #5279, .F. ) ;
#1336 = DIRECTION ( 'NONE',  ( -1.000000000000000000, 0.0000000000000000000, 0.0000000000000000000 ) ) ;
#1337 = DIRECTION ( 'NONE',  ( 0.0000000000000000000, 0.0000000000000000000, 1.000000000000000000 ) ) ;
#1338 = FILL_AREA_STYLE ('',( #7392 ) ) ;
#1339 = ADVANCED_FACE ( 'NONE', ( #5746, #5077, #911, #3680, #3726, #956, #2305, #3540, #6408, #2878, #6369, #374, #2395 ), #1559, .F. ) ;
#1340 = DIMENSIONAL_EXPONENTS ( 1.000000000000000000, 0.0000000000000000000, 0.0000000000000000000, 0.0000000000000000000, 0.0000000000000000000, 0.0000000000000000000, 0.0000000000000000000 ) ;
#1341 = ORIENTED_EDGE ( 'NONE', *, *, #4750, .T. ) ;
#1342 =( GEOMETRIC_REPRESENTATION_CONTEXT ( 3 ) GLOBAL_UNCERTAINTY_ASSIGNED_CONTEXT ( ( #8148 ) ) GLOBAL_UNIT_ASSIGNED_CONTEXT ( ( #8687, #1810, #5195 ) ) REPRESENTATION_CONTEXT ( 'NONE', 'WORKASPACE' ) );
#1343 = FACE_OUTER_BOUND ( 'NONE', #2091, .T. ) ;
#1344 = MECHANICAL_DESIGN_GEOMETRIC_PRESENTATION_REPRESENTATION (  '', ( #8133 ), #2457 ) ;
#1345 = FACE_OUTER_BOUND ( 'NONE', #4712, .T. ) ;
#1346 = FACE_OUTER_BOUND ( 'NONE', #4943, .T. ) ;
#1347 =( NAMED_UNIT ( * ) SI_UNIT ( $, .STERADIAN. ) SOLID_ANGLE_UNIT ( ) );
#1348 = LINE ( 'NONE', #6156, #4279 ) ;
#1349 = CIRCLE ( 'NONE', #7261, 0.09842519685039410882 ) ;
#1350 = ADVANCED_FACE ( 'NONE', ( #2351 ), #3582, .F. ) ;
#1351 = COLOUR_RGB ( '',0.2509803921568627416, 0.2509803921568627416, 0.2509803921568627416 ) ;
#1352 = ADVANCED_FACE ( 'NONE', ( #1259 ), #3860, .F. ) ;
#1353 = AXIS2_PLACEMENT_3D ( 'NONE', #1691, #7163, #1823 ) ;
#1354 = FACE_OUTER_BOUND ( 'NONE', #4596, .T. ) ;
#1355 = LENGTH_MEASURE_WITH_UNIT ( LENGTH_MEASURE( 0.02539999999999999897 ), #5495 );
#1356 = VERTEX_POINT ( 'NONE', #7300 ) ;
#1357 = CARTESIAN_POINT ( 'NONE',  ( 0.05118110236220473758, 0.01968503937007873988, 0.1968503937007874127 ) ) ;
#1358 = DIRECTION ( 'NONE',  ( -1.000000000000000000, 0.0000000000000000000, 0.0000000000000000000 ) ) ;
#1359 = ORIENTED_EDGE ( 'NONE', *, *, #8500, .T. ) ;
#1360 =( NAMED_UNIT ( * ) PLANE_ANGLE_UNIT ( ) SI_UNIT ( $, .RADIAN. ) );
#1361 = LENGTH_MEASURE_WITH_UNIT ( LENGTH_MEASURE( 0.02539999999999999897 ), #7826 );
#1362 = MECHANICAL_DESIGN_GEOMETRIC_PRESENTATION_REPRESENTATION (  '', ( #3186 ), #3329 ) ;
#1363 = LENGTH_MEASURE_WITH_UNIT ( LENGTH_MEASURE( 0.02539999999999999897 ), #3435 );
#1364 = STYLED_ITEM ( 'NONE', ( #5960 ), #6806 ) ;
#1365 = AXIS2_PLACEMENT_3D ( 'NONE', #1316, #2592, #5852 ) ;
#1366 = DIRECTION ( 'NONE',  ( 1.000000000000000000, 0.0000000000000000000, 0.0000000000000000000 ) ) ;
#1367 = EDGE_LOOP ( 'NONE', ( #4459, #6031, #8163, #3557 ) ) ;
#1368 = LINE ( 'NONE', #4071, #3513 ) ;
#1369 = SURFACE_SIDE_STYLE ('',( #7423 ) ) ;
#1370 = ORIENTED_EDGE ( 'NONE', *, *, #3175, .T. ) ;
#1371 = DIRECTION ( 'NONE',  ( -0.03903273174035342546, 4.780130998780112097E-18, 0.9992379325530460488 ) ) ;
#1372 = AXIS2_PLACEMENT_3D ( 'NONE', #4310, #1049, #7008 ) ;
#1373 = DIRECTION ( 'NONE',  ( 1.000000000000000000, 0.0000000000000000000, 0.0000000000000000000 ) ) ;
#1374 =( GEOMETRIC_REPRESENTATION_CONTEXT ( 3 ) GLOBAL_UNCERTAINTY_ASSIGNED_CONTEXT ( ( #7325 ) ) GLOBAL_UNIT_ASSIGNED_CONTEXT ( ( #7702, #1739, #5745 ) ) REPRESENTATION_CONTEXT ( 'NONE', 'WORKASPACE' ) );
#1375 = LINE ( 'NONE', #6134, #2320 ) ;
#1376 = ORIENTED_EDGE ( 'NONE', *, *, #8552, .F. ) ;
#1377 = PRESENTATION_STYLE_ASSIGNMENT (( #5553 ) ) ;
#1378 = ORIENTED_EDGE ( 'NONE', *, *, #2132, .F. ) ;
#1379 = EDGE_CURVE ( 'NONE', #5656, #6524, #3235, .T. ) ;
#1380 = PRESENTATION_STYLE_ASSIGNMENT (( #856 ) ) ;
#1381 = DIRECTION ( 'NONE',  ( 1.000000000000000000, 0.0000000000000000000, 0.0000000000000000000 ) ) ;
#1382 = PLANE ( 'NONE',  #6253 ) ;
#1383 =( CONVERSION_BASED_UNIT ( 'INCH', #6734 ) LENGTH_UNIT ( ) NAMED_UNIT ( #6520 ) );
#1384 = AXIS2_PLACEMENT_3D ( 'NONE', #7394, #5883, #1914 ) ;
#1385 = DIRECTION ( 'NONE',  ( 0.0000000000000000000, 0.0000000000000000000, -1.000000000000000000 ) ) ;
#1386 = VERTEX_POINT ( 'NONE', #465 ) ;
#1387 = VECTOR ( 'NONE', #6432, 39.37007874015748143 ) ;
#1388 = COLOUR_RGB ( '',0.7450980392156862919, 0.7450980392156862919, 0.7450980392156862919 ) ;
#1389 = PRESENTATION_STYLE_ASSIGNMENT (( #2133 ) ) ;
#1390 = ADVANCED_FACE ( 'NONE', ( #3277 ), #5962, .T. ) ;
#1391 = DIRECTION ( 'NONE',  ( 0.0000000000000000000, 0.0000000000000000000, 1.000000000000000000 ) ) ;
#1392 = SURFACE_STYLE_USAGE ( .BOTH. , #6064 ) ;
#1393 = DIRECTION ( 'NONE',  ( -1.000000000000000000, 0.0000000000000000000, 0.0000000000000000000 ) ) ;
#1394 = COLOUR_RGB ( '',0.2509803921568627416, 0.2509803921568627416, 0.2509803921568627416 ) ;
#1395 = UNCERTAINTY_MEASURE_WITH_UNIT (LENGTH_MEASURE( 1.000000000000000082E-05 ), #4508, 'distance_accuracy_value', 'NONE');
#1396 = FILL_AREA_STYLE ('',( #5978 ) ) ;
#1397 = AXIS2_PLACEMENT_3D ( 'NONE', #5104, #4453, #7146 ) ;
#1398 = CARTESIAN_POINT ( 'NONE',  ( 0.02952755905511811330, -0.09389165368277065105, -1.661417322834645827 ) ) ;
#1399 = FILL_AREA_STYLE ('',( #4010 ) ) ;
#1400 = ORIENTED_EDGE ( 'NONE', *, *, #1453, .T. ) ;
#1401 = CARTESIAN_POINT ( 'NONE',  ( 0.02952755905511810289, 0.09389165368277065105, -1.425196850393700698 ) ) ;
#1402 = AXIS2_PLACEMENT_3D ( 'NONE', #6713, #1945, #2035 ) ;
#1403 = SURFACE_SIDE_STYLE ('',( #7578 ) ) ;
#1404 = CARTESIAN_POINT ( 'NONE',  ( 0.1723862642169728676, 0.01705977506991343887, 0.2007874015748031260 ) ) ;
#1405 = ORIENTED_EDGE ( 'NONE', *, *, #2373, .F. ) ;
#1406 = EDGE_CURVE ( 'NONE', #3215, #3566, #4167, .T. ) ;
#1407 = CARTESIAN_POINT ( 'NONE',  ( 0.02952755905511811330, 0.1141732283464566844, -1.425196850393700698 ) ) ;
#1408 = ADVANCED_FACE ( 'NONE', ( #6103 ), #6776, .T. ) ;
#1409 = CARTESIAN_POINT ( 'NONE',  ( -0.1141732283464566844, 0.02952755905511811330, -1.385826771653543510 ) ) ;
#1410 = VECTOR ( 'NONE', #6271, 39.37007874015748143 ) ;
#1411 = UNCERTAINTY_MEASURE_WITH_UNIT (LENGTH_MEASURE( 1.000000000000000082E-05 ), #1445, 'distance_accuracy_value', 'NONE');
#1412 = DIRECTION ( 'NONE',  ( 1.000000000000000000, 0.0000000000000000000, 0.0000000000000000000 ) ) ;
#1413 = CARTESIAN_POINT ( 'NONE',  ( 0.1614173228346456601, 0.0000000000000000000, 0.4298724771940015676 ) ) ;
#1414 = ORIENTED_EDGE ( 'NONE', *, *, #6650, .F. ) ;
#1415 = DIRECTION ( 'NONE',  ( 0.0000000000000000000, 0.0000000000000000000, 1.000000000000000000 ) ) ;
#1416 =( CONVERSION_BASED_UNIT ( 'INCH', #4921 ) LENGTH_UNIT ( ) NAMED_UNIT ( #7661 ) );
#1417 = EDGE_LOOP ( 'NONE', ( #8429, #5564, #5943, #7257 ) ) ;
#1418 = EDGE_CURVE ( 'NONE', #1060, #2185, #3458, .T. ) ;
#1419 = CARTESIAN_POINT ( 'NONE',  ( -0.08858267716535508929, 0.1534296975208646885, 0.03937007874015747977 ) ) ;
#1420 = COLOUR_RGB ( '',0.7450980392156862919, 0.7450980392156862919, 0.7450980392156862919 ) ;
#1421 = UNCERTAINTY_MEASURE_WITH_UNIT (LENGTH_MEASURE( 1.000000000000000082E-05 ), #7633, 'distance_accuracy_value', 'NONE');
#1422 = CARTESIAN_POINT ( 'NONE',  ( -0.2755905511811023723, 3.375010863791918375E-17, 0.4298724771940015676 ) ) ;
#1423 = VERTEX_POINT ( 'NONE', #8249 ) ;
#1424 =( LENGTH_UNIT ( ) NAMED_UNIT ( * ) SI_UNIT ( $, .METRE. ) );
#1425 = LINE ( 'NONE', #4244, #2126 ) ;
#1426 = ORIENTED_EDGE ( 'NONE', *, *, #5924, .T. ) ;
#1427 = CARTESIAN_POINT ( 'NONE',  ( 0.1734482842422474524, 0.01326871394326617666, 0.2007874015748031260 ) ) ;
#1428 =( NAMED_UNIT ( * ) SI_UNIT ( $, .STERADIAN. ) SOLID_ANGLE_UNIT ( ) );
#1429 = CIRCLE ( 'NONE', #3828, 0.007874015748031499423 ) ;
#1430 =( LENGTH_UNIT ( ) NAMED_UNIT ( * ) SI_UNIT ( $, .METRE. ) );
#1431 =( LENGTH_UNIT ( ) NAMED_UNIT ( * ) SI_UNIT ( $, .METRE. ) );
#1432 = LINE ( 'NONE', #4132, #5891 ) ;
#1433 = DIRECTION ( 'NONE',  ( -1.000000000000000000, 0.0000000000000000000, 0.0000000000000000000 ) ) ;
#1434 = EDGE_LOOP ( 'NONE', ( #6420, #3248, #1540, #5352 ) ) ;
#1435 =( CONVERSION_BASED_UNIT ( 'INCH', #4815 ) LENGTH_UNIT ( ) NAMED_UNIT ( #1550 ) );
#1436 = CARTESIAN_POINT ( 'NONE',  ( 0.0000000000000000000, 0.0000000000000000000, -1.267716535433071057 ) ) ;
#1437 =( NAMED_UNIT ( * ) PLANE_ANGLE_UNIT ( ) SI_UNIT ( $, .RADIAN. ) );
#1438 = LENGTH_MEASURE_WITH_UNIT ( LENGTH_MEASURE( 0.02539999999999999897 ), #6154 );
#1439 = LENGTH_MEASURE_WITH_UNIT ( LENGTH_MEASURE( 0.02539999999999999897 ), #2060 );
#1440 = AXIS2_PLACEMENT_3D ( 'NONE', #4064, #3395, #4875 ) ;
#1441 = FILL_AREA_STYLE_COLOUR ( '', #4812 ) ;
#1442 = VECTOR ( 'NONE', #7624, 39.37007874015748143 ) ;
#1443 = EDGE_CURVE ( 'NONE', #7188, #6909, #3993, .T. ) ;
#1444 = LENGTH_MEASURE_WITH_UNIT ( LENGTH_MEASURE( 0.02539999999999999897 ), #3544 );
#1445 =( CONVERSION_BASED_UNIT ( 'INCH', #5895 ) LENGTH_UNIT ( ) NAMED_UNIT ( #6983 ) );
#1446 = ORIENTED_EDGE ( 'NONE', *, *, #2111, .F. ) ;
#1447 = LINE ( 'NONE', #4013, #3908 ) ;
#1448 = ORIENTED_EDGE ( 'NONE', *, *, #147, .T. ) ;
#1449 =( NAMED_UNIT ( * ) SI_UNIT ( $, .STERADIAN. ) SOLID_ANGLE_UNIT ( ) );
#1450 = FILL_AREA_STYLE_COLOUR ( '', #8586 ) ;
#1451 = MECHANICAL_DESIGN_GEOMETRIC_PRESENTATION_REPRESENTATION (  '', ( #2983 ), #5525 ) ;
#1452 = COLOUR_RGB ( '',0.7450980392156862919, 0.7450980392156862919, 0.7450980392156862919 ) ;
#1453 = EDGE_CURVE ( 'NONE', #4393, #3056, #6683, .T. ) ;
#1454 = LINE ( 'NONE', #3584, #7753 ) ;
#1455 = DIRECTION ( 'NONE',  ( 0.0000000000000000000, 0.0000000000000000000, 1.000000000000000000 ) ) ;
#1456 = ORIENTED_EDGE ( 'NONE', *, *, #88, .F. ) ;
#1457 = ORIENTED_EDGE ( 'NONE', *, *, #66, .F. ) ;
#1458 = MECHANICAL_DESIGN_GEOMETRIC_PRESENTATION_REPRESENTATION (  '', ( #6385 ), #4555 ) ;
#1459 = EDGE_CURVE ( 'NONE', #859, #6663, #3324, .T. ) ;
#1460 = ADVANCED_FACE ( 'NONE', ( #8069 ), #4692, .F. ) ;
#1461 = CARTESIAN_POINT ( 'NONE',  ( 0.1589224824461044627, 0.02827006693079855970, 0.2007874015748031260 ) ) ;
#1462 = DIRECTION ( 'NONE',  ( 1.000000000000000000, 0.0000000000000000000, 0.0000000000000000000 ) ) ;
#1463 = ORIENTED_EDGE ( 'NONE', *, *, #2053, .T. ) ;
#1464 = CARTESIAN_POINT ( 'NONE',  ( -0.1141732283464566844, 0.02952755905511811330, -1.700787401574803237 ) ) ;
#1465 = ORIENTED_EDGE ( 'NONE', *, *, #3723, .F. ) ;
#1466 =( CONVERSION_BASED_UNIT ( 'INCH', #7517 ) LENGTH_UNIT ( ) NAMED_UNIT ( #435 ) );
#1467 = MECHANICAL_DESIGN_GEOMETRIC_PRESENTATION_REPRESENTATION (  '', ( #7241 ), #487 ) ;
#1468 = CARTESIAN_POINT ( 'NONE',  ( 0.08858267716535433989, 0.0000000000000000000, 0.2007874015748031260 ) ) ;
#1469 = CARTESIAN_POINT ( 'NONE',  ( -0.09389165368277065105, 0.02952755905511811330, -1.503937007874015741 ) ) ;
#1470 = DIRECTION ( 'NONE',  ( 0.0000000000000000000, -1.000000000000000000, 0.0000000000000000000 ) ) ;
#1471 = ORIENTED_EDGE ( 'NONE', *, *, #523, .T. ) ;
#1472 = SURFACE_STYLE_USAGE ( .BOTH. , #905 ) ;
#1473 = SURFACE_STYLE_USAGE ( .BOTH. , #7523 ) ;
#1474 = CARTESIAN_POINT ( 'NONE',  ( 0.1511701662292213311, 0.02689103927563765012, 0.4298724771940015676 ) ) ;
#1475 = CARTESIAN_POINT ( 'NONE',  ( -0.02952755905511805085, -0.09389165368277066492, -1.700787401574803237 ) ) ;
#1476 = COLOUR_RGB ( '',0.2509803921568627416, 0.2509803921568627416, 0.2509803921568627416 ) ;
#1477 = VERTEX_POINT ( 'NONE', #1512 ) ;
#1478 = AXIS2_PLACEMENT_3D ( 'NONE', #3282, #6648, #8756 ) ;
#1479 = DIRECTION ( 'NONE',  ( -0.0000000000000000000, -0.0000000000000000000, -1.000000000000000000 ) ) ;
#1480 = SURFACE_SIDE_STYLE ('',( #783 ) ) ;
#1481 = CARTESIAN_POINT ( 'NONE',  ( -0.07874015748031491790, 0.03149606299212599769, 0.0000000000000000000 ) ) ;
#1482 = VERTEX_POINT ( 'NONE', #2213 ) ;
#1483 = PLANE ( 'NONE',  #5936 ) ;
#1484 = ORIENTED_EDGE ( 'NONE', *, *, #8621, .T. ) ;
#1485 = LENGTH_MEASURE_WITH_UNIT ( LENGTH_MEASURE( 0.02539999999999999897 ), #166 );
#1486 =( CONVERSION_BASED_UNIT ( 'INCH', #1363 ) LENGTH_UNIT ( ) NAMED_UNIT ( #4864 ) );
#1487 = AXIS2_PLACEMENT_3D ( 'NONE', #1404, #787, #6794 ) ;
#1488 = EDGE_CURVE ( 'NONE', #4721, #7663, #320, .T. ) ;
#1489 = STYLED_ITEM ( 'NONE', ( #24 ), #3838 ) ;
#1490 = AXIS2_PLACEMENT_3D ( 'NONE', #1436, #5400, #6238 ) ;
#1491 =( GEOMETRIC_REPRESENTATION_CONTEXT ( 3 ) GLOBAL_UNCERTAINTY_ASSIGNED_CONTEXT ( ( #2999 ) ) GLOBAL_UNIT_ASSIGNED_CONTEXT ( ( #442, #2450, #932 ) ) REPRESENTATION_CONTEXT ( 'NONE', 'WORKASPACE' ) );
#1492 = ORIENTED_EDGE ( 'NONE', *, *, #8115, .T. ) ;
#1493 = DIMENSIONAL_EXPONENTS ( 1.000000000000000000, 0.0000000000000000000, 0.0000000000000000000, 0.0000000000000000000, 0.0000000000000000000, 0.0000000000000000000, 0.0000000000000000000 ) ;
#1494 = STYLED_ITEM ( 'NONE', ( #1377 ), #3292 ) ;
#1495 = CARTESIAN_POINT ( 'NONE',  ( 0.1511701662292213311, 0.02689103927563765012, 0.2007874015748031260 ) ) ;
#1496 = DIRECTION ( 'NONE',  ( 0.0000000000000000000, 0.0000000000000000000, -1.000000000000000000 ) ) ;
#1497 = EDGE_LOOP ( 'NONE', ( #2858, #5494, #8425, #7993 ) ) ;
#1498 = LENGTH_MEASURE_WITH_UNIT ( LENGTH_MEASURE( 0.02539999999999999897 ), #2158 );
#1499 = LINE ( 'NONE', #801, #4137 ) ;
#1500 = EDGE_CURVE ( 'NONE', #2727, #1948, #6373, .T. ) ;
#1501 = STYLED_ITEM ( 'NONE', ( #6036 ), #6965 ) ;
#1502 = AXIS2_PLACEMENT_3D ( 'NONE', #1143, #4576, #3967 ) ;
#1503 = UNCERTAINTY_MEASURE_WITH_UNIT (LENGTH_MEASURE( 1.000000000000000082E-05 ), #6508, 'distance_accuracy_value', 'NONE');
#1504 = FILL_AREA_STYLE ('',( #6769 ) ) ;
#1505 = CARTESIAN_POINT ( 'NONE',  ( -0.09389165368277065105, 0.02952755905511811330, -1.267716535433071057 ) ) ;
#1506 = ORIENTED_EDGE ( 'NONE', *, *, #1418, .F. ) ;
#1507 = ORIENTED_EDGE ( 'NONE', *, *, #5254, .F. ) ;
#1508 = CARTESIAN_POINT ( 'NONE',  ( 0.09389165368277065105, 0.02952755905511811330, -1.543307086614173151 ) ) ;
#1509 = EDGE_CURVE ( 'NONE', #7514, #5735, #182, .T. ) ;
#1510 = LINE ( 'NONE', #6815, #2500 ) ;
#1511 = EDGE_CURVE ( 'NONE', #3728, #7042, #2295, .T. ) ;
#1512 = CARTESIAN_POINT ( 'NONE',  ( 0.1451771653543307283, 0.0000000000000000000, -1.582677165354331006 ) ) ;
#1513 = DIMENSIONAL_EXPONENTS ( 1.000000000000000000, 0.0000000000000000000, 0.0000000000000000000, 0.0000000000000000000, 0.0000000000000000000, 0.0000000000000000000, 0.0000000000000000000 ) ;
#1514 = PLANE ( 'NONE',  #5490 ) ;
#1515 = ORIENTED_EDGE ( 'NONE', *, *, #3397, .T. ) ;
#1516 =( NAMED_UNIT ( * ) PLANE_ANGLE_UNIT ( ) SI_UNIT ( $, .RADIAN. ) );
#1517 = PRESENTATION_LAYER_ASSIGNMENT (  '', '', ( #6310 ) ) ;
#1518 = DIRECTION ( 'NONE',  ( -0.0000000000000000000, -0.0000000000000000000, -1.000000000000000000 ) ) ;
#1519 = VECTOR ( 'NONE', #4340, 39.37007874015748143 ) ;
#1520 = VECTOR ( 'NONE', #437, 39.37007874015748143 ) ;
#1521 = STYLED_ITEM ( 'NONE', ( #4102 ), #7952 ) ;
#1522 = VERTEX_POINT ( 'NONE', #1686 ) ;
#1523 =( CONVERSION_BASED_UNIT ( 'INCH', #699 ) LENGTH_UNIT ( ) NAMED_UNIT ( #4118 ) );
#1524 = LINE ( 'NONE', #916, #3399 ) ;
#1525 = VERTEX_POINT ( 'NONE', #5650 ) ;
#1526 = MECHANICAL_DESIGN_GEOMETRIC_PRESENTATION_REPRESENTATION (  '', ( #5323 ), #6756 ) ;
#1527 = CARTESIAN_POINT ( 'NONE',  ( -0.02952755905511811330, -0.09389165368277065105, -1.464566929133858109 ) ) ;
#1528 = ORIENTED_EDGE ( 'NONE', *, *, #7291, .F. ) ;
#1529 = CARTESIAN_POINT ( 'NONE',  ( 0.1141732283464566844, -0.02952755905511811330, -1.700787401574803237 ) ) ;
#1530 = DIRECTION ( 'NONE',  ( 0.0000000000000000000, 0.0000000000000000000, 1.000000000000000000 ) ) ;
#1531 = FILL_AREA_STYLE ('',( #2814 ) ) ;
#1532 =( NAMED_UNIT ( * ) PLANE_ANGLE_UNIT ( ) SI_UNIT ( $, .RADIAN. ) );
#1533 = AXIS2_PLACEMENT_3D ( 'NONE', #7161, #3181, #5868 ) ;
#1534 = VECTOR ( 'NONE', #7105, 39.37007874015748143 ) ;
#1535 = ADVANCED_FACE ( 'NONE', ( #897 ), #1034, .F. ) ;
#1536 = DIRECTION ( 'NONE',  ( 1.000000000000000000, 0.0000000000000000000, 0.0000000000000000000 ) ) ;
#1537 = ORIENTED_EDGE ( 'NONE', *, *, #7938, .T. ) ;
#1538 =( NAMED_UNIT ( * ) PLANE_ANGLE_UNIT ( ) SI_UNIT ( $, .RADIAN. ) );
#1539 =( LENGTH_UNIT ( ) NAMED_UNIT ( * ) SI_UNIT ( $, .METRE. ) );
#1540 = ORIENTED_EDGE ( 'NONE', *, *, #209, .T. ) ;
#1541 = DIRECTION ( 'NONE',  ( 0.0000000000000000000, 0.0000000000000000000, 1.000000000000000000 ) ) ;
#1542 = COLOUR_RGB ( '',0.2509803921568627416, 0.2509803921568627416, 0.2509803921568627416 ) ;
#1543 = VECTOR ( 'NONE', #8602, 39.37007874015748143 ) ;
#1544 = DIRECTION ( 'NONE',  ( 0.0000000000000000000, 0.0000000000000000000, 1.000000000000000000 ) ) ;
#1545 = ADVANCED_FACE ( 'NONE', ( #3622, #8298 ), #5156, .T. ) ;
#1546 = ORIENTED_EDGE ( 'NONE', *, *, #7060, .F. ) ;
#1547 =( NAMED_UNIT ( * ) SI_UNIT ( $, .STERADIAN. ) SOLID_ANGLE_UNIT ( ) );
#1548 = ORIENTED_EDGE ( 'NONE', *, *, #7011, .F. ) ;
#1549 = DIRECTION ( 'NONE',  ( 0.0000000000000000000, 0.0000000000000000000, 1.000000000000000000 ) ) ;
#1550 = DIMENSIONAL_EXPONENTS ( 1.000000000000000000, 0.0000000000000000000, 0.0000000000000000000, 0.0000000000000000000, 0.0000000000000000000, 0.0000000000000000000, 0.0000000000000000000 ) ;
#1551 = AXIS2_PLACEMENT_3D ( 'NONE', #4032, #8554, #460 ) ;
#1552 = DIRECTION ( 'NONE',  ( 1.000000000000000000, 0.0000000000000000000, 0.0000000000000000000 ) ) ;
#1553 = CARTESIAN_POINT ( 'NONE',  ( -0.1141732283464566844, 0.02952755905511811330, -1.661417322834645827 ) ) ;
#1554 = EDGE_CURVE ( 'NONE', #6663, #5677, #456, .T. ) ;
#1555 = CARTESIAN_POINT ( 'NONE',  ( -0.02952755905511805085, -0.09389165368277066492, -1.307086614173228467 ) ) ;
#1556 = ORIENTED_EDGE ( 'NONE', *, *, #1731, .F. ) ;
#1557 = PRESENTATION_LAYER_ASSIGNMENT (  '', '', ( #3095 ) ) ;
#1558 = CARTESIAN_POINT ( 'NONE',  ( -0.02952755905511805085, -0.09389165368277066492, -1.582677165354331006 ) ) ;
#1559 = CYLINDRICAL_SURFACE ( 'NONE', #5800, 0.09842519685039370636 ) ;
#1560 = MECHANICAL_DESIGN_GEOMETRIC_PRESENTATION_REPRESENTATION (  '', ( #2546 ), #3877 ) ;
#1561 = ADVANCED_FACE ( 'NONE', ( #6448 ), #4961, .T. ) ;
#1562 = ORIENTED_EDGE ( 'NONE', *, *, #1731, .T. ) ;
#1563 = ADVANCED_FACE ( 'NONE', ( #4419 ), #6538, .F. ) ;
#1564 = LENGTH_MEASURE_WITH_UNIT ( LENGTH_MEASURE( 0.02539999999999999897 ), #2885 );
#1565 = ORIENTED_EDGE ( 'NONE', *, *, #5640, .T. ) ;
#1566 = DIMENSIONAL_EXPONENTS ( 1.000000000000000000, 0.0000000000000000000, 0.0000000000000000000, 0.0000000000000000000, 0.0000000000000000000, 0.0000000000000000000, 0.0000000000000000000 ) ;
#1567 = VECTOR ( 'NONE', #1014, 39.37007874015748143 ) ;
#1568 = CARTESIAN_POINT ( 'NONE',  ( 0.1763232720909886364, -0.01705977506991366785, 0.4298724771940015676 ) ) ;
#1569 = EDGE_LOOP ( 'NONE', ( #5362, #2360, #2194, #3356 ) ) ;
#1570 = DIRECTION ( 'NONE',  ( 1.000000000000000000, 0.0000000000000000000, 0.0000000000000000000 ) ) ;
#1571 = FILL_AREA_STYLE ('',( #1450 ) ) ;
#1572 = DIRECTION ( 'NONE',  ( 0.0000000000000000000, 0.0000000000000000000, -1.000000000000000000 ) ) ;
#1573 = LENGTH_MEASURE_WITH_UNIT ( LENGTH_MEASURE( 0.02539999999999999897 ), #8318 );
#1574 = VECTOR ( 'NONE', #8456, 39.37007874015748143 ) ;
#1575 = ORIENTED_EDGE ( 'NONE', *, *, #2414, .T. ) ;
#1576 =( NAMED_UNIT ( * ) SI_UNIT ( $, .STERADIAN. ) SOLID_ANGLE_UNIT ( ) );
#1577 =( CONVERSION_BASED_UNIT ( 'INCH', #8275 ) LENGTH_UNIT ( ) NAMED_UNIT ( #5855 ) );
#1578 = PRESENTATION_STYLE_ASSIGNMENT (( #6971 ) ) ;
#1579 = VERTEX_POINT ( 'NONE', #8056 ) ;
#1580 = CARTESIAN_POINT ( 'NONE',  ( 0.02952755905511811330, -0.09389165368277065105, -1.385826771653543510 ) ) ;
#1581 = COLOUR_RGB ( '',0.7450980392156862919, 0.7450980392156862919, 0.7450980392156862919 ) ;
#1582 =( NAMED_UNIT ( * ) PLANE_ANGLE_UNIT ( ) SI_UNIT ( $, .RADIAN. ) );
#1583 = VECTOR ( 'NONE', #6891, 39.37007874015748143 ) ;
#1584 = ORIENTED_EDGE ( 'NONE', *, *, #5924, .F. ) ;
#1585 = FILL_AREA_STYLE ('',( #8288 ) ) ;
#1586 = ORIENTED_EDGE ( 'NONE', *, *, #4159, .F. ) ;
#1587 =( NAMED_UNIT ( * ) PLANE_ANGLE_UNIT ( ) SI_UNIT ( $, .RADIAN. ) );
#1588 = CARTESIAN_POINT ( 'NONE',  ( 0.1566428374084818387, 0.02122976784918762655, 0.03937007874015747977 ) ) ;
#1589 = STYLED_ITEM ( 'NONE', ( #5128 ), #1666 ) ;
#1590 = DIRECTION ( 'NONE',  ( -1.000000000000000000, 0.0000000000000000000, 0.0000000000000000000 ) ) ;
#1591 = EDGE_CURVE ( 'NONE', #6668, #7337, #8228, .T. ) ;
#1592 = FILL_AREA_STYLE ('',( #898 ) ) ;
#1593 = UNCERTAINTY_MEASURE_WITH_UNIT (LENGTH_MEASURE( 1.000000000000000082E-05 ), #6027, 'distance_accuracy_value', 'NONE');
#1594 = DIRECTION ( 'NONE',  ( 0.0000000000000000000, 0.0000000000000000000, -1.000000000000000000 ) ) ;
#1595 = FILL_AREA_STYLE_COLOUR ( '', #4908 ) ;
#1596 = ORIENTED_EDGE ( 'NONE', *, *, #2731, .F. ) ;
#1597 = PRESENTATION_LAYER_ASSIGNMENT (  '', '', ( #6385 ) ) ;
#1598 = DIRECTION ( 'NONE',  ( 1.000000000000000000, 0.0000000000000000000, 0.0000000000000000000 ) ) ;
#1599 = FILL_AREA_STYLE_COLOUR ( '', #6994 ) ;
#1600 = CARTESIAN_POINT ( 'NONE',  ( 0.05118110236220473758, 0.01968503937007873988, 0.1968503937007874127 ) ) ;
#1601 = SURFACE_STYLE_FILL_AREA ( #8485 ) ;
#1602 = SURFACE_STYLE_FILL_AREA ( #4948 ) ;
#1603 = EDGE_CURVE ( 'NONE', #2730, #4432, #217, .T. ) ;
#1604 = DIRECTION ( 'NONE',  ( 0.0000000000000000000, 0.0000000000000000000, -1.000000000000000000 ) ) ;
#1605 = MECHANICAL_DESIGN_GEOMETRIC_PRESENTATION_REPRESENTATION (  '', ( #4709 ), #70 ) ;
#1606 = DIMENSIONAL_EXPONENTS ( 1.000000000000000000, 0.0000000000000000000, 0.0000000000000000000, 0.0000000000000000000, 0.0000000000000000000, 0.0000000000000000000, 0.0000000000000000000 ) ;
#1607 = ORIENTED_EDGE ( 'NONE', *, *, #5265, .F. ) ;
#1608 = DIRECTION ( 'NONE',  ( -1.000000000000000000, 0.0000000000000000000, 0.0000000000000000000 ) ) ;
#1609 = VERTEX_POINT ( 'NONE', #5538 ) ;
#1610 = CARTESIAN_POINT ( 'NONE',  ( 0.1141732283464566844, -0.02952755905511811330, -1.582677165354331006 ) ) ;
#1611 = ORIENTED_EDGE ( 'NONE', *, *, #1842, .T. ) ;
#1612 = LINE ( 'NONE', #6421, #5008 ) ;
#1613 = EDGE_CURVE ( 'NONE', #1991, #5677, #6717, .T. ) ;
#1614 = EDGE_CURVE ( 'NONE', #5144, #8073, #7583, .T. ) ;
#1615 = EDGE_LOOP ( 'NONE', ( #7821, #1875, #5296, #3019 ) ) ;
#1616 = LENGTH_MEASURE_WITH_UNIT ( LENGTH_MEASURE( 0.02539999999999999897 ), #4964 );
#1617 = CARTESIAN_POINT ( 'NONE',  ( 0.1141732283464566844, -0.02952755905511811330, -1.503937007874015741 ) ) ;
#1618 = MECHANICAL_DESIGN_GEOMETRIC_PRESENTATION_REPRESENTATION (  '', ( #4725 ), #6559 ) ;
#1619 = PLANE ( 'NONE',  #3320 ) ;
#1620 = ORIENTED_EDGE ( 'NONE', *, *, #221, .F. ) ;
#1621 = STYLED_ITEM ( 'NONE', ( #8256 ), #3100 ) ;
#1622 = DIRECTION ( 'NONE',  ( -1.000000000000000000, 0.0000000000000000000, 0.0000000000000000000 ) ) ;
#1623 = DIMENSIONAL_EXPONENTS ( 1.000000000000000000, 0.0000000000000000000, 0.0000000000000000000, 0.0000000000000000000, 0.0000000000000000000, 0.0000000000000000000, 0.0000000000000000000 ) ;
#1624 =( GEOMETRIC_REPRESENTATION_CONTEXT ( 3 ) GLOBAL_UNCERTAINTY_ASSIGNED_CONTEXT ( ( #7244 ) ) GLOBAL_UNIT_ASSIGNED_CONTEXT ( ( #7298, #4554, #2700 ) ) REPRESENTATION_CONTEXT ( 'NONE', 'WORKASPACE' ) );
#1625 = VECTOR ( 'NONE', #2475, 39.37007874015748143 ) ;
#1626 = DIRECTION ( 'NONE',  ( 1.000000000000000000, 0.0000000000000000000, 0.0000000000000000000 ) ) ;
#1627 =( LENGTH_UNIT ( ) NAMED_UNIT ( * ) SI_UNIT ( $, .METRE. ) );
#1628 = ORIENTED_EDGE ( 'NONE', *, *, #4950, .T. ) ;
#1629 = PRESENTATION_STYLE_ASSIGNMENT (( #7823 ) ) ;
#1630 = CARTESIAN_POINT ( 'NONE',  ( 0.1559424212598425341, 0.0000000000000000000, -1.307086614173228467 ) ) ;
#1631 = ORIENTED_EDGE ( 'NONE', *, *, #2640, .F. ) ;
#1632 = FACE_BOUND ( 'NONE', #2867, .T. ) ;
#1633 = FACE_OUTER_BOUND ( 'NONE', #8446, .T. ) ;
#1634 = STYLED_ITEM ( 'NONE', ( #6108 ), #6638 ) ;
#1635 = LENGTH_MEASURE_WITH_UNIT ( LENGTH_MEASURE( 0.02539999999999999897 ), #946 );
#1636 = DIRECTION ( 'NONE',  ( 0.0000000000000000000, 0.0000000000000000000, -1.000000000000000000 ) ) ;
#1637 = CARTESIAN_POINT ( 'NONE',  ( 0.1566428374084818387, -0.02122976784918762655, 0.03937007874015747977 ) ) ;
#1638 =( GEOMETRIC_REPRESENTATION_CONTEXT ( 3 ) GLOBAL_UNCERTAINTY_ASSIGNED_CONTEXT ( ( #2902 ) ) GLOBAL_UNIT_ASSIGNED_CONTEXT ( ( #4166, #4086, #1428 ) ) REPRESENTATION_CONTEXT ( 'NONE', 'WORKASPACE' ) );
#1639 = SURFACE_SIDE_STYLE ('',( #5783 ) ) ;
#1640 = VERTEX_POINT ( 'NONE', #8270 ) ;
#1641 = MECHANICAL_DESIGN_GEOMETRIC_PRESENTATION_REPRESENTATION (  '', ( #5584 ), #388 ) ;
#1642 = SURFACE_STYLE_USAGE ( .BOTH. , #8394 ) ;
#1643 = EDGE_CURVE ( 'NONE', #7756, #1885, #3517, .T. ) ;
#1644 = SURFACE_STYLE_FILL_AREA ( #6405 ) ;
#1645 =( NAMED_UNIT ( * ) PLANE_ANGLE_UNIT ( ) SI_UNIT ( $, .RADIAN. ) );
#1646 = MECHANICAL_DESIGN_GEOMETRIC_PRESENTATION_REPRESENTATION (  '', ( #3619 ), #6015 ) ;
#1647 = ORIENTED_EDGE ( 'NONE', *, *, #2779, .T. ) ;
#1648 = LINE ( 'NONE', #8565, #85 ) ;
#1649 = VECTOR ( 'NONE', #6242, 39.37007874015748143 ) ;
#1650 = ADVANCED_FACE ( 'NONE', ( #4231 ), #2148, .F. ) ;
#1651 = VERTEX_POINT ( 'NONE', #5999 ) ;
#1652 = CARTESIAN_POINT ( 'NONE',  ( 0.0000000000000000000, 0.0000000000000000000, -1.346456692913385877 ) ) ;
#1653 = VERTEX_POINT ( 'NONE', #2364 ) ;
#1654 = MANIFOLD_SOLID_BREP ( 'Extrude28', #7068 ) ;
#1655 = LENGTH_MEASURE_WITH_UNIT ( LENGTH_MEASURE( 0.02539999999999999897 ), #8408 );
#1656 = SURFACE_SIDE_STYLE ('',( #7807 ) ) ;
#1657 = FILL_AREA_STYLE_COLOUR ( '', #8103 ) ;
#1658 = VECTOR ( 'NONE', #1809, 39.37007874015748143 ) ;
#1659 = CIRCLE ( 'NONE', #7584, 0.09842519685039410882 ) ;
#1660 = UNCERTAINTY_MEASURE_WITH_UNIT (LENGTH_MEASURE( 1.000000000000000082E-05 ), #1087, 'distance_accuracy_value', 'NONE');
#1661 = CIRCLE ( 'NONE', #7028, 0.1614173228346456601 ) ;
#1662 = EDGE_CURVE ( 'NONE', #1386, #8290, #1102, .T. ) ;
#1663 = FACE_OUTER_BOUND ( 'NONE', #2968, .T. ) ;
#1664 = ORIENTED_EDGE ( 'NONE', *, *, #6789, .F. ) ;
#1665 = DIMENSIONAL_EXPONENTS ( 1.000000000000000000, 0.0000000000000000000, 0.0000000000000000000, 0.0000000000000000000, 0.0000000000000000000, 0.0000000000000000000, 0.0000000000000000000 ) ;
#1666 = ADVANCED_FACE ( 'NONE', ( #971 ), #6477, .F. ) ;
#1667 = PRODUCT_DEFINITION_FORMATION_WITH_SPECIFIED_SOURCE ( 'ANY', '', #1839, .NOT_KNOWN. ) ;
#1668 = SURFACE_STYLE_USAGE ( .BOTH. , #8502 ) ;
#1669 = DIRECTION ( 'NONE',  ( 1.000000000000000000, 0.0000000000000000000, 0.0000000000000000000 ) ) ;
#1670 = CIRCLE ( 'NONE', #7591, 0.007874015748031499423 ) ;
#1671 = ORIENTED_EDGE ( 'NONE', *, *, #5482, .F. ) ;
#1672 = CIRCLE ( 'NONE', #6619, 0.09842519685039410882 ) ;
#1673 = STYLED_ITEM ( 'NONE', ( #6264 ), #8171 ) ;
#1674 = UNCERTAINTY_MEASURE_WITH_UNIT (LENGTH_MEASURE( 1.000000000000000082E-05 ), #2027, 'distance_accuracy_value', 'NONE');
#1675 = LENGTH_MEASURE_WITH_UNIT ( LENGTH_MEASURE( 0.02539999999999999897 ), #3613 );
#1676 =( NAMED_UNIT ( * ) PLANE_ANGLE_UNIT ( ) SI_UNIT ( $, .RADIAN. ) );
#1677 = ADVANCED_FACE ( 'NONE', ( #5799 ), #8534, .F. ) ;
#1678 = ORIENTED_EDGE ( 'NONE', *, *, #3672, .F. ) ;
#1679 = DIRECTION ( 'NONE',  ( 0.0000000000000000000, -1.000000000000000000, 0.0000000000000000000 ) ) ;
#1680 = VECTOR ( 'NONE', #5903, 39.37007874015748143 ) ;
#1681 = FILL_AREA_STYLE_COLOUR ( '', #8072 ) ;
#1682 = LENGTH_MEASURE_WITH_UNIT ( LENGTH_MEASURE( 0.02539999999999999897 ), #1812 );
#1683 = DIRECTION ( 'NONE',  ( 0.0000000000000000000, 1.000000000000000000, 0.0000000000000000000 ) ) ;
#1684 = VECTOR ( 'NONE', #4374, 39.37007874015748143 ) ;
#1685 =( NAMED_UNIT ( * ) SI_UNIT ( $, .STERADIAN. ) SOLID_ANGLE_UNIT ( ) );
#1686 = CARTESIAN_POINT ( 'NONE',  ( 0.1614173228346456601, 0.0000000000000000000, 0.0000000000000000000 ) ) ;
#1687 = SURFACE_STYLE_FILL_AREA ( #1592 ) ;
#1688 = UNCERTAINTY_MEASURE_WITH_UNIT (LENGTH_MEASURE( 1.000000000000000082E-05 ), #8215, 'distance_accuracy_value', 'NONE');
#1689 = CARTESIAN_POINT ( 'NONE',  ( 0.0000000000000000000, 0.0000000000000000000, 0.2007874015748031260 ) ) ;
#1690 = ORIENTED_EDGE ( 'NONE', *, *, #3881, .T. ) ;
#1691 = CARTESIAN_POINT ( 'NONE',  ( 0.02952755905511811330, 0.1141732283464566844, -1.464566929133858109 ) ) ;
#1692 = FACE_BOUND ( 'NONE', #4995, .T. ) ;
#1693 =( NAMED_UNIT ( * ) SI_UNIT ( $, .STERADIAN. ) SOLID_ANGLE_UNIT ( ) );
#1694 = MECHANICAL_DESIGN_GEOMETRIC_PRESENTATION_REPRESENTATION (  '', ( #4501 ), #4101 ) ;
#1695 = LINE ( 'NONE', #3725, #6306 ) ;
#1696 = DIRECTION ( 'NONE',  ( 0.0000000000000000000, 0.0000000000000000000, 1.000000000000000000 ) ) ;
#1697 = CARTESIAN_POINT ( 'NONE',  ( -0.08858267716535508929, -0.1534296975208646885, 0.2007874015748031260 ) ) ;
#1698 = ORIENTED_EDGE ( 'NONE', *, *, #1237, .F. ) ;
#1699 = CARTESIAN_POINT ( 'NONE',  ( -0.1141732283464566844, 0.02952755905511811330, -1.425196850393700698 ) ) ;
#1700 = LINE ( 'NONE', #5709, #7170 ) ;
#1701 = CARTESIAN_POINT ( 'NONE',  ( 0.0000000000000000000, 0.0000000000000000000, 0.03937007874015747977 ) ) ;
#1702 = VERTEX_POINT ( 'NONE', #3246 ) ;
#1703 =( CONVERSION_BASED_UNIT ( 'INCH', #4395 ) LENGTH_UNIT ( ) NAMED_UNIT ( #2955 ) );
#1704 = EDGE_LOOP ( 'NONE', ( #1091, #4974, #5723, #8004 ) ) ;
#1705 = DIRECTION ( 'NONE',  ( 0.0000000000000000000, 0.0000000000000000000, 1.000000000000000000 ) ) ;
#1706 =( CONVERSION_BASED_UNIT ( 'INCH', #7178 ) LENGTH_UNIT ( ) NAMED_UNIT ( #4826 ) );
#1707 = CARTESIAN_POINT ( 'NONE',  ( -0.07304209109498199792, 0.1614076073287684099, 0.2007874015748032093 ) ) ;
#1708 = EDGE_CURVE ( 'NONE', #2068, #8584, #3336, .T. ) ;
#1709 =( CONVERSION_BASED_UNIT ( 'INCH', #2367 ) LENGTH_UNIT ( ) NAMED_UNIT ( #8071 ) );
#1710 = ORIENTED_EDGE ( 'NONE', *, *, #8400, .F. ) ;
#1711 = DIRECTION ( 'NONE',  ( -1.000000000000000000, 0.0000000000000000000, 0.0000000000000000000 ) ) ;
#1712 = EDGE_LOOP ( 'NONE', ( #2804, #1066, #6265, #7473 ) ) ;
#1713 = DIRECTION ( 'NONE',  ( -1.000000000000000000, 0.0000000000000000000, 0.0000000000000000000 ) ) ;
#1714 = PRESENTATION_LAYER_ASSIGNMENT (  '', '', ( #5228 ) ) ;
#1715 = STYLED_ITEM ( 'NONE', ( #6793 ), #68 ) ;
#1716 = EDGE_CURVE ( 'NONE', #2510, #3848, #4657, .T. ) ;
#1717 = SURFACE_SIDE_STYLE ('',( #5063 ) ) ;
#1718 = ORIENTED_EDGE ( 'NONE', *, *, #1603, .T. ) ;
#1719 = PRESENTATION_LAYER_ASSIGNMENT (  '', '', ( #5237 ) ) ;
#1720 = CARTESIAN_POINT ( 'NONE',  ( -0.09389165368277065105, -0.02952755905511811330, -1.425196850393700698 ) ) ;
#1721 = VECTOR ( 'NONE', #4504, 39.37007874015748143 ) ;
#1722 = LENGTH_MEASURE_WITH_UNIT ( LENGTH_MEASURE( 0.02539999999999999897 ), #3126 );
#1723 = ORIENTED_EDGE ( 'NONE', *, *, #1662, .T. ) ;
#1724 =( CONVERSION_BASED_UNIT ( 'INCH', #1682 ) LENGTH_UNIT ( ) NAMED_UNIT ( #1289 ) );
#1725 = PLANE ( 'NONE',  #104 ) ;
#1726 = FACE_BOUND ( 'NONE', #126, .T. ) ;
#1727 = DIMENSIONAL_EXPONENTS ( 1.000000000000000000, 0.0000000000000000000, 0.0000000000000000000, 0.0000000000000000000, 0.0000000000000000000, 0.0000000000000000000, 0.0000000000000000000 ) ;
#1728 = FILL_AREA_STYLE ('',( #2385 ) ) ;
#1729 = EDGE_CURVE ( 'NONE', #428, #754, #2020, .T. ) ;
#1730 = CARTESIAN_POINT ( 'NONE',  ( 0.0000000000000000000, 0.0000000000000000000, 0.03937007874015751446 ) ) ;
#1731 = EDGE_CURVE ( 'NONE', #4353, #3307, #5892, .T. ) ;
#1732 = VECTOR ( 'NONE', #2660, 39.37007874015748143 ) ;
#1733 = CIRCLE ( 'NONE', #8240, 0.003937007874015758385 ) ;
#1734 = DIRECTION ( 'NONE',  ( 0.0000000000000000000, 0.0000000000000000000, 1.000000000000000000 ) ) ;
#1735 = ORIENTED_EDGE ( 'NONE', *, *, #6020, .F. ) ;
#1736 = DIRECTION ( 'NONE',  ( 0.0000000000000000000, 0.0000000000000000000, -1.000000000000000000 ) ) ;
#1737 = SURFACE_STYLE_USAGE ( .BOTH. , #5701 ) ;
#1738 = PLANE ( 'NONE',  #7559 ) ;
#1739 =( NAMED_UNIT ( * ) PLANE_ANGLE_UNIT ( ) SI_UNIT ( $, .RADIAN. ) );
#1740 = AXIS2_PLACEMENT_3D ( 'NONE', #7704, #1604, #2966 ) ;
#1741 = VERTEX_POINT ( 'NONE', #7358 ) ;
#1742 = PRESENTATION_STYLE_ASSIGNMENT (( #7800 ) ) ;
#1743 = CARTESIAN_POINT ( 'NONE',  ( -0.07523309877070720464, 0.1568449773682431825, 0.2007874015748032093 ) ) ;
#1744 = DIRECTION ( 'NONE',  ( 0.0000000000000000000, 0.0000000000000000000, 1.000000000000000000 ) ) ;
#1745 = VERTEX_POINT ( 'NONE', #4528 ) ;
#1746 = AXIS2_PLACEMENT_3D ( 'NONE', #8208, #2171, #148 ) ;
#1747 =( LENGTH_UNIT ( ) NAMED_UNIT ( * ) SI_UNIT ( $, .METRE. ) );
#1748 = SURFACE_STYLE_FILL_AREA ( #4361 ) ;
#1749 = AXIS2_PLACEMENT_3D ( 'NONE', #775, #2711, #2753 ) ;
#1750 = ORIENTED_EDGE ( 'NONE', *, *, #2584, .F. ) ;
#1751 = CARTESIAN_POINT ( 'NONE',  ( -0.02952755905511811330, -0.09389165368277065105, -1.307086614173228467 ) ) ;
#1752 = DIRECTION ( 'NONE',  ( -1.000000000000000000, 0.0000000000000000000, 0.0000000000000000000 ) ) ;
#1753 = ORIENTED_EDGE ( 'NONE', *, *, #8508, .F. ) ;
#1754 = EDGE_CURVE ( 'NONE', #5476, #2138, #484, .T. ) ;
#1755 = CARTESIAN_POINT ( 'NONE',  ( -0.1141732283464566844, 0.02952755905511811330, -1.582677165354331006 ) ) ;
#1756 = STYLED_ITEM ( 'NONE', ( #988 ), #2750 ) ;
#1757 = UNCERTAINTY_MEASURE_WITH_UNIT (LENGTH_MEASURE( 1.000000000000000082E-05 ), #1133, 'distance_accuracy_value', 'NONE');
#1758 = CARTESIAN_POINT ( 'NONE',  ( 0.02952755905511811330, 0.1141732283464566844, -1.385826771653543510 ) ) ;
#1759 = EDGE_LOOP ( 'NONE', ( #993, #920, #6573, #5342 ) ) ;
#1760 = EDGE_LOOP ( 'NONE', ( #7034, #1299 ) ) ;
#1761 =( GEOMETRIC_REPRESENTATION_CONTEXT ( 3 ) GLOBAL_UNCERTAINTY_ASSIGNED_CONTEXT ( ( #8350 ) ) GLOBAL_UNIT_ASSIGNED_CONTEXT ( ( #6956, #3587, #6876 ) ) REPRESENTATION_CONTEXT ( 'NONE', 'WORKASPACE' ) );
#1762 = CARTESIAN_POINT ( 'NONE',  ( 0.02952755905511811330, -0.09389165368277065105, -1.346456692913385877 ) ) ;
#1763 = ORIENTED_EDGE ( 'NONE', *, *, #2414, .F. ) ;
#1764 = EDGE_CURVE ( 'NONE', #2566, #6348, #6962, .T. ) ;
#1765 = PRESENTATION_STYLE_ASSIGNMENT (( #5025 ) ) ;
#1766 = CARTESIAN_POINT ( 'NONE',  ( 0.02952755905511811330, 0.1141732283464566844, -1.346456692913385877 ) ) ;
#1767 = CARTESIAN_POINT ( 'NONE',  ( -0.1141732283464566844, 0.02952755905511811330, -1.622047244094488194 ) ) ;
#1768 = MECHANICAL_DESIGN_GEOMETRIC_PRESENTATION_REPRESENTATION (  '', ( #6131 ), #4176 ) ;
#1769 = DIRECTION ( 'NONE',  ( -0.0000000000000000000, -0.0000000000000000000, -1.000000000000000000 ) ) ;
#1770 = UNCERTAINTY_MEASURE_WITH_UNIT (LENGTH_MEASURE( 1.000000000000000082E-05 ), #6656, 'distance_accuracy_value', 'NONE');
#1771 = CYLINDRICAL_SURFACE ( 'NONE', #4356, 0.007874015748031482076 ) ;
#1772 = ORIENTED_EDGE ( 'NONE', *, *, #4842, .F. ) ;
#1773 = PRESENTATION_LAYER_ASSIGNMENT (  '', '', ( #1634 ) ) ;
#1774 = EDGE_CURVE ( 'NONE', #7531, #3854, #4616, .T. ) ;
#1775 = VECTOR ( 'NONE', #671, 39.37007874015748143 ) ;
#1776 = PLANE ( 'NONE',  #5566 ) ;
#1777 = EDGE_CURVE ( 'NONE', #913, #4148, #572, .T. ) ;
#1778 = AXIS2_PLACEMENT_3D ( 'NONE', #7504, #6124, #5543 ) ;
#1779 = DIRECTION ( 'NONE',  ( 0.0000000000000000000, 0.0000000000000000000, 1.000000000000000000 ) ) ;
#1780 = CARTESIAN_POINT ( 'NONE',  ( 0.0000000000000000000, 0.0000000000000000000, -1.169291338582677087 ) ) ;
#1781 =( NAMED_UNIT ( * ) SI_UNIT ( $, .STERADIAN. ) SOLID_ANGLE_UNIT ( ) );
#1782 = LINE ( 'NONE', #1913, #1185 ) ;
#1783 = PRESENTATION_LAYER_ASSIGNMENT (  '', '', ( #8300 ) ) ;
#1784 = DIMENSIONAL_EXPONENTS ( 1.000000000000000000, 0.0000000000000000000, 0.0000000000000000000, 0.0000000000000000000, 0.0000000000000000000, 0.0000000000000000000, 0.0000000000000000000 ) ;
#1785 = VERTEX_POINT ( 'NONE', #1222 ) ;
#1786 = CARTESIAN_POINT ( 'NONE',  ( 0.1141732283464566844, 0.02952755905511811330, -1.503937007874015741 ) ) ;
#1787 = CARTESIAN_POINT ( 'NONE',  ( 0.02952755905511811330, 0.1141732283464566844, -1.543307086614173151 ) ) ;
#1788 = DIRECTION ( 'NONE',  ( 0.0000000000000000000, 1.000000000000000000, 0.0000000000000000000 ) ) ;
#1789 = MECHANICAL_DESIGN_GEOMETRIC_PRESENTATION_REPRESENTATION (  '', ( #2209 ), #7010 ) ;
#1790 = DIRECTION ( 'NONE',  ( 1.000000000000000000, 0.0000000000000000000, 0.0000000000000000000 ) ) ;
#1791 =( LENGTH_UNIT ( ) NAMED_UNIT ( * ) SI_UNIT ( $, .METRE. ) );
#1792 = PRESENTATION_STYLE_ASSIGNMENT (( #8668 ) ) ;
#1793 = FILL_AREA_STYLE_COLOUR ( '', #4878 ) ;
#1794 = CARTESIAN_POINT ( 'NONE',  ( 0.05118110236220473758, -0.01968503937007873988, 0.1968503937007874127 ) ) ;
#1795 = FILL_AREA_STYLE ('',( #2442 ) ) ;
#1796 = FILL_AREA_STYLE_COLOUR ( '', #8324 ) ;
#1797 = VERTEX_POINT ( 'NONE', #479 ) ;
#1798 = FILL_AREA_STYLE_COLOUR ( '', #2203 ) ;
#1799 =( NAMED_UNIT ( * ) PLANE_ANGLE_UNIT ( ) SI_UNIT ( $, .RADIAN. ) );
#1800 = ORIENTED_EDGE ( 'NONE', *, *, #6952, .T. ) ;
#1801 = FACE_OUTER_BOUND ( 'NONE', #4265, .T. ) ;
#1802 = VECTOR ( 'NONE', #5693, 39.37007874015748143 ) ;
#1803 = PRODUCT_DEFINITION ( 'UNKNOWN', '', #1667, #8587 ) ;
#1804 = PRESENTATION_LAYER_ASSIGNMENT (  '', '', ( #7887 ) ) ;
#1805 = CARTESIAN_POINT ( 'NONE',  ( 0.02952755905511811330, 0.1141732283464566844, -1.543307086614173151 ) ) ;
#1806 = ORIENTED_EDGE ( 'NONE', *, *, #1729, .T. ) ;
#1807 = MECHANICAL_DESIGN_GEOMETRIC_PRESENTATION_REPRESENTATION (  '', ( #5470 ), #8028 ) ;
#1808 = ORIENTED_EDGE ( 'NONE', *, *, #771, .T. ) ;
#1809 = DIRECTION ( 'NONE',  ( 0.0000000000000000000, 0.0000000000000000000, 1.000000000000000000 ) ) ;
#1810 =( NAMED_UNIT ( * ) PLANE_ANGLE_UNIT ( ) SI_UNIT ( $, .RADIAN. ) );
#1811 = EDGE_LOOP ( 'NONE', ( #7884, #7895, #5409, #1808 ) ) ;
#1812 =( LENGTH_UNIT ( ) NAMED_UNIT ( * ) SI_UNIT ( $, .METRE. ) );
#1813 = LINE ( 'NONE', #4255, #2016 ) ;
#1814 = AXIS2_PLACEMENT_3D ( 'NONE', #4581, #6529, #1892 ) ;
#1815 = CARTESIAN_POINT ( 'NONE',  ( 0.0000000000000000000, 0.0000000000000000000, -1.169291338582677087 ) ) ;
#1816 = STYLED_ITEM ( 'NONE', ( #3389 ), #7980 ) ;
#1817 = DIRECTION ( 'NONE',  ( 0.0000000000000000000, -1.000000000000000000, 0.0000000000000000000 ) ) ;
#1818 = EDGE_CURVE ( 'NONE', #8006, #2864, #7406, .T. ) ;
#1819 = VECTOR ( 'NONE', #5858, 39.37007874015748143 ) ;
#1820 = CARTESIAN_POINT ( 'NONE',  ( 0.1589224824461044627, -0.02827006693079855970, 0.03937007874015751446 ) ) ;
#1821 = SURFACE_SIDE_STYLE ('',( #7883 ) ) ;
#1822 = VERTEX_POINT ( 'NONE', #1306 ) ;
#1823 = DIRECTION ( 'NONE',  ( 0.0000000000000000000, 0.0000000000000000000, 1.000000000000000000 ) ) ;
#1824 = VECTOR ( 'NONE', #4930, 39.37007874015748143 ) ;
#1825 = SURFACE_STYLE_USAGE ( .BOTH. , #3722 ) ;
#1826 = CARTESIAN_POINT ( 'NONE',  ( 0.1771653543307086798, 0.0000000000000000000, 0.2007874015748031260 ) ) ;
#1827 = DIRECTION ( 'NONE',  ( -0.03903273174035342546, 4.780130998780112097E-18, 0.9992379325530460488 ) ) ;
#1828 = AXIS2_PLACEMENT_3D ( 'NONE', #6944, #8113, #733 ) ;
#1829 = PRESENTATION_STYLE_ASSIGNMENT (( #5119 ) ) ;
#1830 = EDGE_CURVE ( 'NONE', #2445, #4156, #4704, .T. ) ;
#1831 = DIRECTION ( 'NONE',  ( 0.0000000000000000000, 1.000000000000000000, 0.0000000000000000000 ) ) ;
#1832 = ORIENTED_EDGE ( 'NONE', *, *, #557, .T. ) ;
#1833 = LINE ( 'NONE', #2354, #8434 ) ;
#1834 = PRESENTATION_STYLE_ASSIGNMENT (( #3283 ) ) ;
#1835 = FILL_AREA_STYLE ('',( #3101 ) ) ;
#1836 = VERTEX_POINT ( 'NONE', #1976 ) ;
#1837 = CYLINDRICAL_SURFACE ( 'NONE', #1749, 0.003937007874015741038 ) ;
#1838 = CARTESIAN_POINT ( 'NONE',  ( 0.0000000000000000000, 0.0000000000000000000, -1.771653543307086576 ) ) ;
#1839 = PRODUCT ( 'CUI_DEVICES_MD-50', 'CUI_DEVICES_MD-50', '', ( #3920 ) ) ;
#1840 = CIRCLE ( 'NONE', #6782, 0.1771653543307086798 ) ;
#1841 = EDGE_CURVE ( 'NONE', #1741, #6574, #8761, .T. ) ;
#1842 = EDGE_CURVE ( 'NONE', #3848, #1836, #7312, .T. ) ;
#1843 = UNCERTAINTY_MEASURE_WITH_UNIT (LENGTH_MEASURE( 1.000000000000000082E-05 ), #4461, 'distance_accuracy_value', 'NONE');
#1844 = CARTESIAN_POINT ( 'NONE',  ( 0.02952755905511811330, 0.1141732283464566844, -1.700787401574803237 ) ) ;
#1845 = ORIENTED_EDGE ( 'NONE', *, *, #2243, .T. ) ;
#1846 = DIMENSIONAL_EXPONENTS ( 1.000000000000000000, 0.0000000000000000000, 0.0000000000000000000, 0.0000000000000000000, 0.0000000000000000000, 0.0000000000000000000, 0.0000000000000000000 ) ;
#1847 = STYLED_ITEM ( 'NONE', ( #7214 ), #5879 ) ;
#1848 = VERTEX_POINT ( 'NONE', #5843 ) ;
#1849 = DIRECTION ( 'NONE',  ( -1.000000000000000000, 0.0000000000000000000, 0.0000000000000000000 ) ) ;
#1850 = CARTESIAN_POINT ( 'NONE',  ( 0.0000000000000000000, 0.0000000000000000000, 0.03937007874015751446 ) ) ;
#1851 = CARTESIAN_POINT ( 'NONE',  ( -0.05568291418518782343, 0.1473073747914346587, 0.03937007874015751446 ) ) ;
#1852 = ORIENTED_EDGE ( 'NONE', *, *, #2053, .F. ) ;
#1853 = ORIENTED_EDGE ( 'NONE', *, *, #5926, .T. ) ;
#1854 = DIRECTION ( 'NONE',  ( 0.0000000000000000000, -1.000000000000000000, 0.0000000000000000000 ) ) ;
#1855 = LINE ( 'NONE', #1324, #3884 ) ;
#1856 = ORIENTED_EDGE ( 'NONE', *, *, #760, .F. ) ;
#1857 = PRESENTATION_LAYER_ASSIGNMENT (  '', '', ( #8229 ) ) ;
#1858 = DIRECTION ( 'NONE',  ( 1.000000000000000000, 0.0000000000000000000, 0.0000000000000000000 ) ) ;
#1859 = VECTOR ( 'NONE', #7091, 39.37007874015748143 ) ;
#1860 = LINE ( 'NONE', #1156, #979 ) ;
#1861 = SURFACE_STYLE_FILL_AREA ( #1728 ) ;
#1862 = UNCERTAINTY_MEASURE_WITH_UNIT (LENGTH_MEASURE( 1.000000000000000082E-05 ), #8040, 'distance_accuracy_value', 'NONE');
#1863 = FILL_AREA_STYLE_COLOUR ( '', #6323 ) ;
#1864 = CARTESIAN_POINT ( 'NONE',  ( -0.09842519685039370636, 0.0000000000000000000, -1.181102362204724310 ) ) ;
#1865 = PRESENTATION_STYLE_ASSIGNMENT (( #6005 ) ) ;
#1866 = ORIENTED_EDGE ( 'NONE', *, *, #3455, .F. ) ;
#1867 =( LENGTH_UNIT ( ) NAMED_UNIT ( * ) SI_UNIT ( $, .METRE. ) );
#1868 = ORIENTED_EDGE ( 'NONE', *, *, #1643, .T. ) ;
#1869 = FACE_OUTER_BOUND ( 'NONE', #4697, .T. ) ;
#1870 = EDGE_CURVE ( 'NONE', #3056, #7186, #8576, .T. ) ;
#1871 =( CONVERSION_BASED_UNIT ( 'INCH', #3859 ) LENGTH_UNIT ( ) NAMED_UNIT ( #5684 ) );
#1872 = AXIS2_PLACEMENT_3D ( 'NONE', #672, #7918, #4026 ) ;
#1873 = CARTESIAN_POINT ( 'NONE',  ( 0.0000000000000000000, 0.0000000000000000000, -1.771653543307086576 ) ) ;
#1874 = SURFACE_STYLE_FILL_AREA ( #514 ) ;
#1875 = ORIENTED_EDGE ( 'NONE', *, *, #5503, .T. ) ;
#1876 = CARTESIAN_POINT ( 'NONE',  ( -0.09821518547154173273, 0.1435762634249768688, 0.2007874015748031260 ) ) ;
#1877 = DIRECTION ( 'NONE',  ( 0.0000000000000000000, 0.0000000000000000000, 1.000000000000000000 ) ) ;
#1878 = FILL_AREA_STYLE_COLOUR ( '', #6078 ) ;
#1879 = EDGE_CURVE ( 'NONE', #8745, #6467, #5110, .T. ) ;
#1880 =( NAMED_UNIT ( * ) SI_UNIT ( $, .STERADIAN. ) SOLID_ANGLE_UNIT ( ) );
#1881 = LINE ( 'NONE', #4569, #7215 ) ;
#1882 = DIRECTION ( 'NONE',  ( 1.000000000000000000, -2.168404344971008079E-15, 0.0000000000000000000 ) ) ;
#1883 = VECTOR ( 'NONE', #4006, 39.37007874015748143 ) ;
#1884 = DIRECTION ( 'NONE',  ( 0.0000000000000000000, 0.0000000000000000000, 1.000000000000000000 ) ) ;
#1885 = VERTEX_POINT ( 'NONE', #157 ) ;
#1886 = VECTOR ( 'NONE', #1035, 39.37007874015748143 ) ;
#1887 = FILL_AREA_STYLE ('',( #1798 ) ) ;
#1888 = ORIENTED_EDGE ( 'NONE', *, *, #1488, .T. ) ;
#1889 = EDGE_CURVE ( 'NONE', #5210, #5814, #1348, .T. ) ;
#1890 = ADVANCED_FACE ( 'NONE', ( #8169 ), #5528, .F. ) ;
#1891 = FACE_OUTER_BOUND ( 'NONE', #6434, .T. ) ;
#1892 = DIRECTION ( 'NONE',  ( 0.0000000000000000000, 0.0000000000000000000, 1.000000000000000000 ) ) ;
#1893 = ORIENTED_EDGE ( 'NONE', *, *, #5005, .T. ) ;
#1894 = ORIENTED_EDGE ( 'NONE', *, *, #5419, .F. ) ;
#1895 = DIRECTION ( 'NONE',  ( 1.000000000000000000, 0.0000000000000000000, 0.0000000000000000000 ) ) ;
#1896 = DIRECTION ( 'NONE',  ( 0.0000000000000000000, 0.0000000000000000000, -1.000000000000000000 ) ) ;
#1897 = ORIENTED_EDGE ( 'NONE', *, *, #3589, .F. ) ;
#1898 = LINE ( 'NONE', #5997, #4042 ) ;
#1899 = AXIS2_PLACEMENT_3D ( 'NONE', #5406, #1274, #3963 ) ;
#1900 = CARTESIAN_POINT ( 'NONE',  ( 0.02952755905511811330, 0.1141732283464566844, -1.385826771653543510 ) ) ;
#1901 = DIMENSIONAL_EXPONENTS ( 1.000000000000000000, 0.0000000000000000000, 0.0000000000000000000, 0.0000000000000000000, 0.0000000000000000000, 0.0000000000000000000, 0.0000000000000000000 ) ;
#1902 = DIRECTION ( 'NONE',  ( 0.0000000000000000000, 0.0000000000000000000, 1.000000000000000000 ) ) ;
#1903 = CARTESIAN_POINT ( 'NONE',  ( -0.09448818897637792369, 0.03149606299212599769, 0.1968503936985494807 ) ) ;
#1904 =( GEOMETRIC_REPRESENTATION_CONTEXT ( 3 ) GLOBAL_UNCERTAINTY_ASSIGNED_CONTEXT ( ( #3715 ) ) GLOBAL_UNIT_ASSIGNED_CONTEXT ( ( #5622, #8403, #5530 ) ) REPRESENTATION_CONTEXT ( 'NONE', 'WORKASPACE' ) );
#1905 = DIRECTION ( 'NONE',  ( -0.0000000000000000000, -0.0000000000000000000, -1.000000000000000000 ) ) ;
#1906 =( CONVERSION_BASED_UNIT ( 'INCH', #4643 ) LENGTH_UNIT ( ) NAMED_UNIT ( #8648 ) );
#1907 = VERTEX_POINT ( 'NONE', #5789 ) ;
#1908 = VERTEX_POINT ( 'NONE', #4949 ) ;
#1909 = SURFACE_STYLE_FILL_AREA ( #2657 ) ;
#1910 = CARTESIAN_POINT ( 'NONE',  ( -0.1032620427632871818, -0.1439601100981747483, 0.2007874015748032093 ) ) ;
#1911 = AXIS2_PLACEMENT_3D ( 'NONE', #5576, #5836, #4390 ) ;
#1912 = SURFACE_STYLE_FILL_AREA ( #7973 ) ;
#1913 = CARTESIAN_POINT ( 'NONE',  ( -0.1141732283464566844, -0.02952755905511811330, -1.385826771653543510 ) ) ;
#1914 = DIRECTION ( 'NONE',  ( -1.000000000000000000, 0.0000000000000000000, 0.0000000000000000000 ) ) ;
#1915 = VECTOR ( 'NONE', #6367, 39.37007874015748143 ) ;
#1916 = EDGE_CURVE ( 'NONE', #7660, #614, #2585, .T. ) ;
#1917 =( NAMED_UNIT ( * ) PLANE_ANGLE_UNIT ( ) SI_UNIT ( $, .RADIAN. ) );
#1918 = VERTEX_POINT ( 'NONE', #5747 ) ;
#1919 = STYLED_ITEM ( 'NONE', ( #8698 ), #3178 ) ;
#1920 = LINE ( 'NONE', #1787, #6758 ) ;
#1921 = FACE_OUTER_BOUND ( 'NONE', #6726, .T. ) ;
#1922 = FILL_AREA_STYLE_COLOUR ( '', #3841 ) ;
#1923 =( LENGTH_UNIT ( ) NAMED_UNIT ( * ) SI_UNIT ( $, .METRE. ) );
#1924 = CARTESIAN_POINT ( 'NONE',  ( -0.1377952755905511584, 1.687505431895958879E-17, -1.771653543307086576 ) ) ;
#1925 = COLOUR_RGB ( '',0.5019607843137254832, 0.5019607843137254832, 0.5019607843137254832 ) ;
#1926 = COLOUR_RGB ( '',0.2509803921568627416, 0.2509803921568627416, 0.2509803921568627416 ) ;
#1927 = CARTESIAN_POINT ( 'NONE',  ( 0.0000000000000000000, 0.0000000000000000000, 0.2480314960629921572 ) ) ;
#1928 = MECHANICAL_DESIGN_GEOMETRIC_PRESENTATION_REPRESENTATION (  '', ( #6149 ), #8297 ) ;
#1929 = UNCERTAINTY_MEASURE_WITH_UNIT (LENGTH_MEASURE( 1.000000000000000082E-05 ), #4745, 'distance_accuracy_value', 'NONE');
#1930 = EDGE_CURVE ( 'NONE', #1653, #7773, #2029, .T. ) ;
#1931 = PLANE ( 'NONE',  #777 ) ;
#1932 = VECTOR ( 'NONE', #2424, 39.37007874015748143 ) ;
#1933 = DIRECTION ( 'NONE',  ( 1.000000000000000000, 0.0000000000000000000, 0.0000000000000000000 ) ) ;
#1934 = PRESENTATION_STYLE_ASSIGNMENT (( #7858 ) ) ;
#1935 = ORIENTED_EDGE ( 'NONE', *, *, #4308, .T. ) ;
#1936 = CARTESIAN_POINT ( 'NONE',  ( 0.0000000000000000000, 0.0000000000000000000, -1.464566929133858109 ) ) ;
#1937 = EDGE_LOOP ( 'NONE', ( #1055, #1856, #1631, #8358 ) ) ;
#1938 =( LENGTH_UNIT ( ) NAMED_UNIT ( * ) SI_UNIT ( $, .METRE. ) );
#1939 = VECTOR ( 'NONE', #7653, 39.37007874015748143 ) ;
#1940 = EDGE_CURVE ( 'NONE', #2631, #6550, #4298, .T. ) ;
#1941 = DIRECTION ( 'NONE',  ( 0.0000000000000000000, 0.0000000000000000000, 1.000000000000000000 ) ) ;
#1942 = ORIENTED_EDGE ( 'NONE', *, *, #170, .T. ) ;
#1943 = ORIENTED_EDGE ( 'NONE', *, *, #3279, .T. ) ;
#1944 = PRESENTATION_STYLE_ASSIGNMENT (( #3976 ) ) ;
#1945 = DIRECTION ( 'NONE',  ( -0.0000000000000000000, -0.0000000000000000000, -1.000000000000000000 ) ) ;
#1946 = AXIS2_PLACEMENT_3D ( 'NONE', #6775, #730, #5518 ) ;
#1947 = LINE ( 'NONE', #7195, #2057 ) ;
#1948 = VERTEX_POINT ( 'NONE', #5664 ) ;
#1949 = FACE_OUTER_BOUND ( 'NONE', #1760, .T. ) ;
#1950 = LINE ( 'NONE', #5333, #2985 ) ;
#1951 = PRESENTATION_STYLE_ASSIGNMENT (( #5153 ) ) ;
#1952 = STYLED_ITEM ( 'NONE', ( #3310 ), #7655 ) ;
#1953 = EDGE_CURVE ( 'NONE', #4534, #10, #8398, .T. ) ;
#1954 = UNCERTAINTY_MEASURE_WITH_UNIT (LENGTH_MEASURE( 1.000000000000000082E-05 ), #3629, 'distance_accuracy_value', 'NONE');
#1955 =( NAMED_UNIT ( * ) SI_UNIT ( $, .STERADIAN. ) SOLID_ANGLE_UNIT ( ) );
#1956 = CARTESIAN_POINT ( 'NONE',  ( -0.09389165368277065105, 0.02952755905511811330, -1.582677165354331006 ) ) ;
#1957 = CARTESIAN_POINT ( 'NONE',  ( -0.07523309877070719076, -0.1568449773682431270, 0.2007874015748031260 ) ) ;
#1958 = ORIENTED_EDGE ( 'NONE', *, *, #8712, .T. ) ;
#1959 = CIRCLE ( 'NONE', #5468, 0.09842519685039410882 ) ;
#1960 = ORIENTED_EDGE ( 'NONE', *, *, #2056, .T. ) ;
#1961 =( LENGTH_UNIT ( ) NAMED_UNIT ( * ) SI_UNIT ( $, .METRE. ) );
#1962 = VECTOR ( 'NONE', #4490, 39.37007874015748143 ) ;
#1963 =( NAMED_UNIT ( * ) PLANE_ANGLE_UNIT ( ) SI_UNIT ( $, .RADIAN. ) );
#1964 = VECTOR ( 'NONE', #5383, 39.37007874015748143 ) ;
#1965 = DIMENSIONAL_EXPONENTS ( 1.000000000000000000, 0.0000000000000000000, 0.0000000000000000000, 0.0000000000000000000, 0.0000000000000000000, 0.0000000000000000000, 0.0000000000000000000 ) ;
#1966 = MECHANICAL_DESIGN_GEOMETRIC_PRESENTATION_REPRESENTATION (  '', ( #1673 ), #6049 ) ;
#1967 = LINE ( 'NONE', #8705, #8486 ) ;
#1968 = VERTEX_POINT ( 'NONE', #4991 ) ;
#1969 = DIRECTION ( 'NONE',  ( -1.000000000000000000, 0.0000000000000000000, 0.0000000000000000000 ) ) ;
#1970 = STYLED_ITEM ( 'NONE', ( #6079 ), #5226 ) ;
#1971 =( CONVERSION_BASED_UNIT ( 'INCH', #5356 ) LENGTH_UNIT ( ) NAMED_UNIT ( #1006 ) );
#1972 = LINE ( 'NONE', #7984, #4677 ) ;
#1973 = SURFACE_STYLE_USAGE ( .BOTH. , #6605 ) ;
#1974 = SURFACE_STYLE_FILL_AREA ( #1270 ) ;
#1975 = MECHANICAL_DESIGN_GEOMETRIC_PRESENTATION_REPRESENTATION (  '', ( #847 ), #7180 ) ;
#1976 = CARTESIAN_POINT ( 'NONE',  ( -0.05817145902824095993, -0.1505710246549112341, 0.2480314960629921572 ) ) ;
#1977 = AXIS2_PLACEMENT_3D ( 'NONE', #686, #3378, #3998 ) ;
#1978 = CARTESIAN_POINT ( 'NONE',  ( -0.09887340626147853029, 0.1174716846110027968, 0.4298724771940015676 ) ) ;
#1979 = DIRECTION ( 'NONE',  ( 1.000000000000000000, 0.0000000000000000000, 0.0000000000000000000 ) ) ;
#1980 = ORIENTED_EDGE ( 'NONE', *, *, #5227, .T. ) ;
#1981 =( CONVERSION_BASED_UNIT ( 'INCH', #8722 ) LENGTH_UNIT ( ) NAMED_UNIT ( #1170 ) );
#1982 = SHAPE_DEFINITION_REPRESENTATION ( #3166, #5102 ) ;
#1983 = ORIENTED_EDGE ( 'NONE', *, *, #367, .T. ) ;
#1984 = LINE ( 'NONE', #1766, #3045 ) ;
#1985 = PRESENTATION_STYLE_ASSIGNMENT (( #6703 ) ) ;
#1986 = EDGE_CURVE ( 'NONE', #4125, #2656, #4829, .T. ) ;
#1987 = DIRECTION ( 'NONE',  ( 0.0000000000000000000, 0.0000000000000000000, 1.000000000000000000 ) ) ;
#1988 = EDGE_LOOP ( 'NONE', ( #2125, #105, #8453, #6826, #940, #4912, #3787, #4104, #2575, #1958, #1718, #8679, #129, #2322, #5291, #1492 ) ) ;
#1989 =( GEOMETRIC_REPRESENTATION_CONTEXT ( 3 ) GLOBAL_UNCERTAINTY_ASSIGNED_CONTEXT ( ( #4679 ) ) GLOBAL_UNIT_ASSIGNED_CONTEXT ( ( #8220, #4786, #6115 ) ) REPRESENTATION_CONTEXT ( 'NONE', 'WORKASPACE' ) );
#1990 = FILL_AREA_STYLE ('',( #4111 ) ) ;
#1991 = VERTEX_POINT ( 'NONE', #5882 ) ;
#1992 = CARTESIAN_POINT ( 'NONE',  ( -0.1141732283464566844, -0.02952755905511811330, -1.503937007874015741 ) ) ;
#1993 = DIRECTION ( 'NONE',  ( 0.0000000000000000000, 0.0000000000000000000, -1.000000000000000000 ) ) ;
#1994 = DIRECTION ( 'NONE',  ( 0.0000000000000000000, 0.0000000000000000000, -1.000000000000000000 ) ) ;
#1995 = ORIENTED_EDGE ( 'NONE', *, *, #2803, .F. ) ;
#1996 = CARTESIAN_POINT ( 'NONE',  ( -0.05497864509429505747, -0.1517659404962119762, 0.03937007874015751446 ) ) ;
#1997 = EDGE_CURVE ( 'NONE', #6127, #1918, #4518, .T. ) ;
#1998 =( NAMED_UNIT ( * ) PLANE_ANGLE_UNIT ( ) SI_UNIT ( $, .RADIAN. ) );
#1999 =( NAMED_UNIT ( * ) SI_UNIT ( $, .STERADIAN. ) SOLID_ANGLE_UNIT ( ) );
#2000 = AXIS2_PLACEMENT_3D ( 'NONE', #450, #5734, #7738 ) ;
#2001 = SURFACE_SIDE_STYLE ('',( #724 ) ) ;
#2002 = FILL_AREA_STYLE_COLOUR ( '', #1476 ) ;
#2003 = ORIENTED_EDGE ( 'NONE', *, *, #4219, .F. ) ;
#2004 = VECTOR ( 'NONE', #180, 39.37007874015748143 ) ;
#2005 = ORIENTED_EDGE ( 'NONE', *, *, #529, .T. ) ;
#2006 = CARTESIAN_POINT ( 'NONE',  ( -0.07141893351509372156, -0.1578207716103512126, 0.2007874015748031260 ) ) ;
#2007 = EDGE_CURVE ( 'NONE', #3642, #2185, #559, .T. ) ;
#2008 = DIRECTION ( 'NONE',  ( 0.0000000000000000000, 0.0000000000000000000, 1.000000000000000000 ) ) ;
#2009 = EDGE_CURVE ( 'NONE', #4148, #174, #3290, .T. ) ;
#2010 =( LENGTH_UNIT ( ) NAMED_UNIT ( * ) SI_UNIT ( $, .METRE. ) );
#2011 = DIRECTION ( 'NONE',  ( -1.000000000000000000, 0.0000000000000000000, 0.0000000000000000000 ) ) ;
#2012 = AXIS2_PLACEMENT_3D ( 'NONE', #1652, #5671, #8406 ) ;
#2013 = ORIENTED_EDGE ( 'NONE', *, *, #5005, .F. ) ;
#2014 =( LENGTH_UNIT ( ) NAMED_UNIT ( * ) SI_UNIT ( $, .METRE. ) );
#2015 = VECTOR ( 'NONE', #3245, 39.37007874015748143 ) ;
#2016 = VECTOR ( 'NONE', #8305, 39.37007874015748143 ) ;
#2017 = FILL_AREA_STYLE ('',( #692 ) ) ;
#2018 = LINE ( 'NONE', #6869, #4715 ) ;
#2019 = SURFACE_STYLE_USAGE ( .BOTH. , #2669 ) ;
#2020 = LINE ( 'NONE', #3869, #6113 ) ;
#2021 = AXIS2_PLACEMENT_3D ( 'NONE', #4249, #4212, #8431 ) ;
#2022 = AXIS2_PLACEMENT_3D ( 'NONE', #4495, #935, #2984 ) ;
#2023 = ORIENTED_EDGE ( 'NONE', *, *, #8608, .T. ) ;
#2024 = DIMENSIONAL_EXPONENTS ( 1.000000000000000000, 0.0000000000000000000, 0.0000000000000000000, 0.0000000000000000000, 0.0000000000000000000, 0.0000000000000000000, 0.0000000000000000000 ) ;
#2025 =( NAMED_UNIT ( * ) SI_UNIT ( $, .STERADIAN. ) SOLID_ANGLE_UNIT ( ) );
#2026 = ORIENTED_EDGE ( 'NONE', *, *, #5503, .F. ) ;
#2027 =( CONVERSION_BASED_UNIT ( 'INCH', #454 ) LENGTH_UNIT ( ) NAMED_UNIT ( #2129 ) );
#2028 = DIRECTION ( 'NONE',  ( 0.0000000000000000000, 0.0000000000000000000, 1.000000000000000000 ) ) ;
#2029 = CIRCLE ( 'NONE', #1740, 0.09842519685039410882 ) ;
#2030 = CARTESIAN_POINT ( 'NONE',  ( -0.09448818897637792369, 0.03149606299212599769, 0.1968503936985494807 ) ) ;
#2031 = EDGE_CURVE ( 'NONE', #5540, #8308, #8255, .T. ) ;
#2032 = CARTESIAN_POINT ( 'NONE',  ( -0.02952755905511805085, -0.09389165368277066492, -1.346456692913385877 ) ) ;
#2033 = ORIENTED_EDGE ( 'NONE', *, *, #7927, .F. ) ;
#2034 =( CONVERSION_BASED_UNIT ( 'INCH', #6842 ) LENGTH_UNIT ( ) NAMED_UNIT ( #3874 ) );
#2035 = DIRECTION ( 'NONE',  ( 1.000000000000000000, -8.881784197001252323E-16, 0.0000000000000000000 ) ) ;
#2036 = DIRECTION ( 'NONE',  ( 0.0000000000000000000, 0.0000000000000000000, -1.000000000000000000 ) ) ;
#2037 = ORIENTED_EDGE ( 'NONE', *, *, #8483, .T. ) ;
#2038 = CARTESIAN_POINT ( 'NONE',  ( -0.1141732283464566844, -0.02952755905511811330, -1.464566929133858109 ) ) ;
#2039 =( CONVERSION_BASED_UNIT ( 'INCH', #5381 ) LENGTH_UNIT ( ) NAMED_UNIT ( #6307 ) );
#2040 = UNCERTAINTY_MEASURE_WITH_UNIT (LENGTH_MEASURE( 1.000000000000000082E-05 ), #8326, 'distance_accuracy_value', 'NONE');
#2041 = EDGE_CURVE ( 'NONE', #3666, #2817, #7974, .T. ) ;
#2042 = PRESENTATION_STYLE_ASSIGNMENT (( #2694 ) ) ;
#2043 = ORIENTED_EDGE ( 'NONE', *, *, #8483, .F. ) ;
#2044 = STYLED_ITEM ( 'NONE', ( #8419 ), #2415 ) ;
#2045 =( LENGTH_UNIT ( ) NAMED_UNIT ( * ) SI_UNIT ( $, .METRE. ) );
#2046 =( CONVERSION_BASED_UNIT ( 'INCH', #188 ) LENGTH_UNIT ( ) NAMED_UNIT ( #8768 ) );
#2047 = EDGE_LOOP ( 'NONE', ( #380, #6164 ) ) ;
#2048 = SURFACE_STYLE_USAGE ( .BOTH. , #6543 ) ;
#2049 = CARTESIAN_POINT ( 'NONE',  ( -0.1544045275590551214, 1.900326987481052037E-17, -1.346456692913385877 ) ) ;
#2050 = FACE_OUTER_BOUND ( 'NONE', #5554, .T. ) ;
#2051 =( GEOMETRIC_REPRESENTATION_CONTEXT ( 3 ) GLOBAL_UNCERTAINTY_ASSIGNED_CONTEXT ( ( #1593 ) ) GLOBAL_UNIT_ASSIGNED_CONTEXT ( ( #6027, #6742, #3426 ) ) REPRESENTATION_CONTEXT ( 'NONE', 'WORKASPACE' ) );
#2052 = LINE ( 'NONE', #2791, #2501 ) ;
#2053 = EDGE_CURVE ( 'NONE', #2730, #7103, #1782, .T. ) ;
#2054 = DIRECTION ( 'NONE',  ( 0.0000000000000000000, -1.000000000000000000, 0.0000000000000000000 ) ) ;
#2055 = ORIENTED_EDGE ( 'NONE', *, *, #156, .T. ) ;
#2056 = EDGE_CURVE ( 'NONE', #4910, #428, #5964, .T. ) ;
#2057 = VECTOR ( 'NONE', #5330, 39.37007874015748143 ) ;
#2058 =( NAMED_UNIT ( * ) SI_UNIT ( $, .STERADIAN. ) SOLID_ANGLE_UNIT ( ) );
#2059 = LENGTH_MEASURE_WITH_UNIT ( LENGTH_MEASURE( 0.02539999999999999897 ), #2668 );
#2060 =( LENGTH_UNIT ( ) NAMED_UNIT ( * ) SI_UNIT ( $, .METRE. ) );
#2061 =( NAMED_UNIT ( * ) SI_UNIT ( $, .STERADIAN. ) SOLID_ANGLE_UNIT ( ) );
#2062 =( GEOMETRIC_REPRESENTATION_CONTEXT ( 3 ) GLOBAL_UNCERTAINTY_ASSIGNED_CONTEXT ( ( #2040 ) ) GLOBAL_UNIT_ASSIGNED_CONTEXT ( ( #8326, #3560, #5726 ) ) REPRESENTATION_CONTEXT ( 'NONE', 'WORKASPACE' ) );
#2063 =( GEOMETRIC_REPRESENTATION_CONTEXT ( 3 ) GLOBAL_UNCERTAINTY_ASSIGNED_CONTEXT ( ( #6630 ) ) GLOBAL_UNIT_ASSIGNED_CONTEXT ( ( #3139, #4469, #4514 ) ) REPRESENTATION_CONTEXT ( 'NONE', 'WORKASPACE' ) );
#2064 = PRESENTATION_LAYER_ASSIGNMENT (  '', '', ( #2892 ) ) ;
#2065 = EDGE_CURVE ( 'NONE', #3791, #2834, #1298, .T. ) ;
#2066 = DIRECTION ( 'NONE',  ( -1.000000000000000000, 0.0000000000000000000, 0.0000000000000000000 ) ) ;
#2067 = DIRECTION ( 'NONE',  ( 0.0000000000000000000, 0.0000000000000000000, 1.000000000000000000 ) ) ;
#2068 = VERTEX_POINT ( 'NONE', #6597 ) ;
#2069 = DIRECTION ( 'NONE',  ( 0.0000000000000000000, 0.0000000000000000000, 1.000000000000000000 ) ) ;
#2070 = ORIENTED_EDGE ( 'NONE', *, *, #1090, .F. ) ;
#2071 = CARTESIAN_POINT ( 'NONE',  ( 0.0000000000000000000, 0.0000000000000000000, -1.169291338582677087 ) ) ;
#2072 = PRESENTATION_STYLE_ASSIGNMENT (( #749 ) ) ;
#2073 =( GEOMETRIC_REPRESENTATION_CONTEXT ( 3 ) GLOBAL_UNCERTAINTY_ASSIGNED_CONTEXT ( ( #7598 ) ) GLOBAL_UNIT_ASSIGNED_CONTEXT ( ( #6500, #4602, #1164 ) ) REPRESENTATION_CONTEXT ( 'NONE', 'WORKASPACE' ) );
#2074 = AXIS2_PLACEMENT_3D ( 'NONE', #6213, #3393, #6075 ) ;
#2075 = COLOUR_RGB ( '',0.2509803921568627416, 0.2509803921568627416, 0.2509803921568627416 ) ;
#2076 = CARTESIAN_POINT ( 'NONE',  ( 0.0000000000000000000, 0.0000000000000000000, -1.346456692913385877 ) ) ;
#2077 = FACE_OUTER_BOUND ( 'NONE', #8268, .T. ) ;
#2078 = ORIENTED_EDGE ( 'NONE', *, *, #2692, .F. ) ;
#2079 = DIRECTION ( 'NONE',  ( 0.0000000000000000000, 0.0000000000000000000, 1.000000000000000000 ) ) ;
#2080 = CARTESIAN_POINT ( 'NONE',  ( -0.05993590043039902920, -0.1462715604412141435, 0.03937007874015747977 ) ) ;
#2081 = VERTEX_POINT ( 'NONE', #641 ) ;
#2082 = FACE_OUTER_BOUND ( 'NONE', #4837, .T. ) ;
#2083 = LINE ( 'NONE', #4766, #1583 ) ;
#2084 = PRESENTATION_LAYER_ASSIGNMENT (  '', '', ( #384 ) ) ;
#2085 = DIMENSIONAL_EXPONENTS ( 1.000000000000000000, 0.0000000000000000000, 0.0000000000000000000, 0.0000000000000000000, 0.0000000000000000000, 0.0000000000000000000, 0.0000000000000000000 ) ;
#2086 = ADVANCED_FACE ( 'NONE', ( #3907 ), #8537, .T. ) ;
#2087 = COLOUR_RGB ( '',0.2509803921568627416, 0.2509803921568627416, 0.2509803921568627416 ) ;
#2088 = CARTESIAN_POINT ( 'NONE',  ( -0.1614173228346456601, 1.976792077363837694E-17, 0.2007874015748032093 ) ) ;
#2089 = ORIENTED_EDGE ( 'NONE', *, *, #933, .F. ) ;
#2090 = CARTESIAN_POINT ( 'NONE',  ( 0.0000000000000000000, 0.0000000000000000000, -1.771653543307086576 ) ) ;
#2091 = EDGE_LOOP ( 'NONE', ( #2761, #3607, #2980, #799 ) ) ;
#2092 = FACE_OUTER_BOUND ( 'NONE', #1569, .T. ) ;
#2093 = DIRECTION ( 'NONE',  ( 1.000000000000000000, 0.0000000000000000000, 0.0000000000000000000 ) ) ;
#2094 = VECTOR ( 'NONE', #3571, 39.37007874015747433 ) ;
#2095 = EDGE_CURVE ( 'NONE', #5818, #1579, #3563, .T. ) ;
#2096 = CARTESIAN_POINT ( 'NONE',  ( 0.07086614173228347746, -0.07874015748031495954, 0.0000000000000000000 ) ) ;
#2097 = DIRECTION ( 'NONE',  ( 0.0000000000000000000, 0.0000000000000000000, 1.000000000000000000 ) ) ;
#2098 = CIRCLE ( 'NONE', #550, 0.007874015748031482076 ) ;
#2099 = VERTEX_POINT ( 'NONE', #5256 ) ;
#2100 = VECTOR ( 'NONE', #6028, 39.37007874015748143 ) ;
#2101 = LINE ( 'NONE', #4136, #5571 ) ;
#2102 = FILL_AREA_STYLE_COLOUR ( '', #8549 ) ;
#2103 = SURFACE_SIDE_STYLE ('',( #8216 ) ) ;
#2104 = ADVANCED_FACE ( 'NONE', ( #1260 ), #7302, .F. ) ;
#2105 = COLOUR_RGB ( '',0.5019607843137254832, 0.5019607843137254832, 0.5019607843137254832 ) ;
#2106 = CIRCLE ( 'NONE', #3510, 0.1544045275590551214 ) ;
#2107 = ORIENTED_EDGE ( 'NONE', *, *, #8608, .F. ) ;
#2108 = FILL_AREA_STYLE ('',( #8127 ) ) ;
#2109 = ORIENTED_EDGE ( 'NONE', *, *, #8283, .T. ) ;
#2110 = FILL_AREA_STYLE ('',( #8182 ) ) ;
#2111 = EDGE_CURVE ( 'NONE', #1745, #7531, #6542, .T. ) ;
#2112 = ADVANCED_FACE ( 'NONE', ( #731 ), #1382, .F. ) ;
#2113 = COLOUR_RGB ( '',0.7450980392156862919, 0.7450980392156862919, 0.7450980392156862919 ) ;
#2114 = CARTESIAN_POINT ( 'NONE',  ( -0.1141732283464566844, -0.02952755905511811330, -1.582677165354331006 ) ) ;
#2115 = CARTESIAN_POINT ( 'NONE',  ( 0.1589224824461045182, 0.02827006693079856664, 0.4298724771940015676 ) ) ;
#2116 = ORIENTED_EDGE ( 'NONE', *, *, #5393, .T. ) ;
#2117 = VERTEX_POINT ( 'NONE', #2096 ) ;
#2118 = LINE ( 'NONE', #1580, #2429 ) ;
#2119 = MECHANICAL_DESIGN_GEOMETRIC_PRESENTATION_REPRESENTATION (  '', ( #8640 ), #5212 ) ;
#2120 = SURFACE_STYLE_USAGE ( .BOTH. , #2001 ) ;
#2121 =( LENGTH_UNIT ( ) NAMED_UNIT ( * ) SI_UNIT ( $, .METRE. ) );
#2122 =( CONVERSION_BASED_UNIT ( 'INCH', #3527 ) LENGTH_UNIT ( ) NAMED_UNIT ( #2446 ) );
#2123 = ORIENTED_EDGE ( 'NONE', *, *, #6964, .T. ) ;
#2124 = DIRECTION ( 'NONE',  ( -0.03903273174035342546, 4.780130998780112097E-18, 0.9992379325530460488 ) ) ;
#2125 = ORIENTED_EDGE ( 'NONE', *, *, #809, .T. ) ;
#2126 = VECTOR ( 'NONE', #5514, 39.37007874015748143 ) ;
#2127 = FILL_AREA_STYLE_COLOUR ( '', #8173 ) ;
#2128 =( CONVERSION_BASED_UNIT ( 'INCH', #7439 ) LENGTH_UNIT ( ) NAMED_UNIT ( #318 ) );
#2129 = DIMENSIONAL_EXPONENTS ( 1.000000000000000000, 0.0000000000000000000, 0.0000000000000000000, 0.0000000000000000000, 0.0000000000000000000, 0.0000000000000000000, 0.0000000000000000000 ) ;
#2130 =( LENGTH_UNIT ( ) NAMED_UNIT ( * ) SI_UNIT ( $, .METRE. ) );
#2131 = ORIENTED_EDGE ( 'NONE', *, *, #6694, .T. ) ;
#2132 = EDGE_CURVE ( 'NONE', #8006, #3080, #6117, .T. ) ;
#2133 = SURFACE_STYLE_USAGE ( .BOTH. , #4047 ) ;
#2134 = CARTESIAN_POINT ( 'NONE',  ( -0.02952755905511811330, 0.1141732283464566844, -1.661417322834645827 ) ) ;
#2135 =( GEOMETRIC_REPRESENTATION_CONTEXT ( 3 ) GLOBAL_UNCERTAINTY_ASSIGNED_CONTEXT ( ( #1225 ) ) GLOBAL_UNIT_ASSIGNED_CONTEXT ( ( #7582, #7456, #5585 ) ) REPRESENTATION_CONTEXT ( 'NONE', 'WORKASPACE' ) );
#2136 =( CONVERSION_BASED_UNIT ( 'INCH', #824 ) LENGTH_UNIT ( ) NAMED_UNIT ( #6344 ) );
#2137 = MECHANICAL_DESIGN_GEOMETRIC_PRESENTATION_REPRESENTATION (  '', ( #1715 ), #6227 ) ;
#2138 = VERTEX_POINT ( 'NONE', #2789 ) ;
#2139 = STYLED_ITEM ( 'NONE', ( #8307 ), #1339 ) ;
#2140 = SURFACE_STYLE_USAGE ( .BOTH. , #782 ) ;
#2141 = EDGE_CURVE ( 'NONE', #4967, #3226, #7565, .T. ) ;
#2142 = FILL_AREA_STYLE_COLOUR ( '', #4794 ) ;
#2143 = ORIENTED_EDGE ( 'NONE', *, *, #7263, .F. ) ;
#2144 = EDGE_LOOP ( 'NONE', ( #7278, #4242, #3810, #4021 ) ) ;
#2145 = PRESENTATION_STYLE_ASSIGNMENT (( #5460 ) ) ;
#2146 = CARTESIAN_POINT ( 'NONE',  ( 0.02952755905511811330, -0.1141732283464566844, -1.267716535433071057 ) ) ;
#2147 = PRESENTATION_STYLE_ASSIGNMENT (( #5416 ) ) ;
#2148 = PLANE ( 'NONE',  #7520 ) ;
#2149 = AXIS2_PLACEMENT_3D ( 'NONE', #2602, #4636, #539 ) ;
#2150 = EDGE_CURVE ( 'NONE', #5577, #3842, #1328, .T. ) ;
#2151 = LINE ( 'NONE', #50, #8059 ) ;
#2152 = ORIENTED_EDGE ( 'NONE', *, *, #1930, .F. ) ;
#2153 = EDGE_CURVE ( 'NONE', #8603, #551, #7247, .T. ) ;
#2154 = STYLED_ITEM ( 'NONE', ( #5633 ), #1677 ) ;
#2155 = CARTESIAN_POINT ( 'NONE',  ( -0.01574803149606299191, 0.09055118110236221041, 0.1968503937007874127 ) ) ;
#2156 = LINE ( 'NONE', #2819, #3738 ) ;
#2157 = ORIENTED_EDGE ( 'NONE', *, *, #5090, .T. ) ;
#2158 =( LENGTH_UNIT ( ) NAMED_UNIT ( * ) SI_UNIT ( $, .METRE. ) );
#2159 = DIRECTION ( 'NONE',  ( 0.0000000000000000000, 0.0000000000000000000, 1.000000000000000000 ) ) ;
#2160 = VECTOR ( 'NONE', #2306, 39.37007874015748143 ) ;
#2161 = CARTESIAN_POINT ( 'NONE',  ( -0.2755905511811023723, 3.375010863791918375E-17, 0.0000000000000000000 ) ) ;
#2162 = SURFACE_STYLE_USAGE ( .BOTH. , #4888 ) ;
#2163 = ORIENTED_EDGE ( 'NONE', *, *, #1841, .F. ) ;
#2164 = DIRECTION ( 'NONE',  ( 0.0000000000000000000, 0.0000000000000000000, 1.000000000000000000 ) ) ;
#2165 = ORIENTED_EDGE ( 'NONE', *, *, #5865, .T. ) ;
#2166 = SURFACE_SIDE_STYLE ('',( #2828 ) ) ;
#2167 = AXIS2_PLACEMENT_3D ( 'NONE', #6778, #4775, #6905 ) ;
#2168 =( NAMED_UNIT ( * ) SI_UNIT ( $, .STERADIAN. ) SOLID_ANGLE_UNIT ( ) );
#2169 = CARTESIAN_POINT ( 'NONE',  ( 0.02952755905511811330, 0.1141732283464566844, -1.622047244094488194 ) ) ;
#2170 = DIMENSIONAL_EXPONENTS ( 1.000000000000000000, 0.0000000000000000000, 0.0000000000000000000, 0.0000000000000000000, 0.0000000000000000000, 0.0000000000000000000, 0.0000000000000000000 ) ;
#2171 = DIRECTION ( 'NONE',  ( -0.0000000000000000000, -0.0000000000000000000, -1.000000000000000000 ) ) ;
#2172 = STYLED_ITEM ( 'NONE', ( #5402 ), #2481 ) ;
#2173 = SURFACE_STYLE_FILL_AREA ( #902 ) ;
#2174 = ORIENTED_EDGE ( 'NONE', *, *, #8458, .F. ) ;
#2175 = PLANE ( 'NONE',  #1353 ) ;
#2176 = CARTESIAN_POINT ( 'NONE',  ( 0.1405634842519684902, 0.0000000000000000000, -1.700787401574803237 ) ) ;
#2177 = AXIS2_PLACEMENT_3D ( 'NONE', #5385, #6221, #6853 ) ;
#2178 = COLOUR_RGB ( '',0.2509803921568627416, 0.2509803921568627416, 0.2509803921568627416 ) ;
#2179 = ORIENTED_EDGE ( 'NONE', *, *, #4876, .T. ) ;
#2180 = CIRCLE ( 'NONE', #6561, 0.003937007874015749712 ) ;
#2181 = FILL_AREA_STYLE_COLOUR ( '', #1209 ) ;
#2182 = PLANE ( 'NONE',  #6065 ) ;
#2183 = ORIENTED_EDGE ( 'NONE', *, *, #921, .F. ) ;
#2184 = DIMENSIONAL_EXPONENTS ( 1.000000000000000000, 0.0000000000000000000, 0.0000000000000000000, 0.0000000000000000000, 0.0000000000000000000, 0.0000000000000000000, 0.0000000000000000000 ) ;
#2185 = VERTEX_POINT ( 'NONE', #8348 ) ;
#2186 = CARTESIAN_POINT ( 'NONE',  ( -0.08858267716535508929, -0.1534296975208646885, 0.2007874015748031260 ) ) ;
#2187 = DIRECTION ( 'NONE',  ( 1.000000000000000000, 0.0000000000000000000, 0.0000000000000000000 ) ) ;
#2188 = AXIS2_PLACEMENT_3D ( 'NONE', #3522, #7772, #980 ) ;
#2189 = COLOUR_RGB ( '',0.2509803921568627416, 0.2509803921568627416, 0.2509803921568627416 ) ;
#2190 = DIRECTION ( 'NONE',  ( 0.0000000000000000000, 0.0000000000000000000, 1.000000000000000000 ) ) ;
#2191 = EDGE_CURVE ( 'NONE', #4756, #2258, #4380, .T. ) ;
#2192 = VECTOR ( 'NONE', #1877, 39.37007874015748143 ) ;
#2193 = PRESENTATION_LAYER_ASSIGNMENT (  '', '', ( #6995 ) ) ;
#2194 = ORIENTED_EDGE ( 'NONE', *, *, #15, .F. ) ;
#2195 = COLOUR_RGB ( '',0.2509803921568627416, 0.2509803921568627416, 0.2509803921568627416 ) ;
#2196 = DIRECTION ( 'NONE',  ( -0.0000000000000000000, -0.0000000000000000000, -1.000000000000000000 ) ) ;
#2197 =( CONVERSION_BASED_UNIT ( 'INCH', #55 ) LENGTH_UNIT ( ) NAMED_UNIT ( #7891 ) );
#2198 = ORIENTED_EDGE ( 'NONE', *, *, #2056, .F. ) ;
#2199 = DIRECTION ( 'NONE',  ( 0.0000000000000000000, 0.0000000000000000000, -1.000000000000000000 ) ) ;
#2200 = CIRCLE ( 'NONE', #5449, 0.003937007874015741038 ) ;
#2201 = EDGE_CURVE ( 'NONE', #3642, #5580, #996, .T. ) ;
#2202 = AXIS2_PLACEMENT_3D ( 'NONE', #2724, #5414, #8130 ) ;
#2203 = COLOUR_RGB ( '',0.2509803921568627416, 0.2509803921568627416, 0.2509803921568627416 ) ;
#2204 = UNCERTAINTY_MEASURE_WITH_UNIT (LENGTH_MEASURE( 1.000000000000000082E-05 ), #2677, 'distance_accuracy_value', 'NONE');
#2205 = CARTESIAN_POINT ( 'NONE',  ( 0.1763041338582677364, 0.01744749723059329377, 0.2007874015748031260 ) ) ;
#2206 = DIRECTION ( 'NONE',  ( 0.0000000000000000000, 0.0000000000000000000, -1.000000000000000000 ) ) ;
#2207 = EDGE_LOOP ( 'NONE', ( #7863, #6635, #4436, #967 ) ) ;
#2208 = SURFACE_STYLE_USAGE ( .BOTH. , #6783 ) ;
#2209 = STYLED_ITEM ( 'NONE', ( #6380 ), #7117 ) ;
#2210 = DIRECTION ( 'NONE',  ( -1.000000000000000000, 0.0000000000000000000, 0.0000000000000000000 ) ) ;
#2211 = VERTEX_POINT ( 'NONE', #949 ) ;
#2212 =( LENGTH_UNIT ( ) NAMED_UNIT ( * ) SI_UNIT ( $, .METRE. ) );
#2213 = CARTESIAN_POINT ( 'NONE',  ( -0.02952755905511811330, -0.1141732283464566844, -1.700787401574803237 ) ) ;
#2214 = EDGE_CURVE ( 'NONE', #6519, #1012, #7072, .T. ) ;
#2215 = SURFACE_STYLE_USAGE ( .BOTH. , #2386 ) ;
#2216 = UNCERTAINTY_MEASURE_WITH_UNIT (LENGTH_MEASURE( 1.000000000000000082E-05 ), #1724, 'distance_accuracy_value', 'NONE');
#2217 =( NAMED_UNIT ( * ) SI_UNIT ( $, .STERADIAN. ) SOLID_ANGLE_UNIT ( ) );
#2218 = DIRECTION ( 'NONE',  ( 0.0000000000000000000, 0.0000000000000000000, 1.000000000000000000 ) ) ;
#2219 = ORIENTED_EDGE ( 'NONE', *, *, #4362, .T. ) ;
#2220 = SURFACE_STYLE_FILL_AREA ( #3627 ) ;
#2221 = FACE_OUTER_BOUND ( 'NONE', #1712, .T. ) ;
#2222 = CIRCLE ( 'NONE', #6886, 0.09842519685039410882 ) ;
#2223 =( NAMED_UNIT ( * ) PLANE_ANGLE_UNIT ( ) SI_UNIT ( $, .RADIAN. ) );
#2224 = CARTESIAN_POINT ( 'NONE',  ( 0.1377952755905511584, 0.0000000000000000000, -1.771653543307086576 ) ) ;
#2225 = AXIS2_PLACEMENT_3D ( 'NONE', #1212, #6598, #1262 ) ;
#2226 = DIMENSIONAL_EXPONENTS ( 1.000000000000000000, 0.0000000000000000000, 0.0000000000000000000, 0.0000000000000000000, 0.0000000000000000000, 0.0000000000000000000, 0.0000000000000000000 ) ;
#2227 = VECTOR ( 'NONE', #756, 39.37007874015748143 ) ;
#2228 = ORIENTED_EDGE ( 'NONE', *, *, #4749, .T. ) ;
#2229 = CARTESIAN_POINT ( 'NONE',  ( -0.02952755905511811330, 0.1141732283464566844, -1.385826771653543510 ) ) ;
#2230 = FILL_AREA_STYLE_COLOUR ( '', #5072 ) ;
#2231 = VERTEX_POINT ( 'NONE', #7745 ) ;
#2232 = COLOUR_RGB ( '',0.7450980392156862919, 0.7450980392156862919, 0.7450980392156862919 ) ;
#2233 = EDGE_LOOP ( 'NONE', ( #6749, #4196, #7949, #3921, #2402, #758, #7026, #2023, #8588, #8234, #4630, #1868, #2547, #4061, #3097, #5489 ) ) ;
#2234 = FILL_AREA_STYLE_COLOUR ( '', #7566 ) ;
#2235 = CARTESIAN_POINT ( 'NONE',  ( -0.1141732283464566844, -0.02952755905511811330, -1.346456692913385877 ) ) ;
#2236 = CARTESIAN_POINT ( 'NONE',  ( 0.02952755905511811330, 0.1141732283464566844, -1.582677165354331006 ) ) ;
#2237 = MECHANICAL_DESIGN_GEOMETRIC_PRESENTATION_REPRESENTATION (  '', ( #1122 ), #566 ) ;
#2238 =( GEOMETRIC_REPRESENTATION_CONTEXT ( 3 ) GLOBAL_UNCERTAINTY_ASSIGNED_CONTEXT ( ( #8134 ) ) GLOBAL_UNIT_ASSIGNED_CONTEXT ( ( #2599, #3306, #626 ) ) REPRESENTATION_CONTEXT ( 'NONE', 'WORKASPACE' ) );
#2239 = ORIENTED_EDGE ( 'NONE', *, *, #6207, .T. ) ;
#2240 = PRESENTATION_STYLE_ASSIGNMENT (( #5592 ) ) ;
#2241 = CARTESIAN_POINT ( 'NONE',  ( -0.1513287401574803237, 1.862659455519088709E-17, -1.425196850393700698 ) ) ;
#2242 = ORIENTED_EDGE ( 'NONE', *, *, #1453, .F. ) ;
#2243 = EDGE_CURVE ( 'NONE', #7454, #6246, #2255, .T. ) ;
#2244 = DIRECTION ( 'NONE',  ( 1.000000000000000000, 0.0000000000000000000, 0.0000000000000000000 ) ) ;
#2245 = DIMENSIONAL_EXPONENTS ( 1.000000000000000000, 0.0000000000000000000, 0.0000000000000000000, 0.0000000000000000000, 0.0000000000000000000, 0.0000000000000000000, 0.0000000000000000000 ) ;
#2246 =( NAMED_UNIT ( * ) SI_UNIT ( $, .STERADIAN. ) SOLID_ANGLE_UNIT ( ) );
#2247 = ORIENTED_EDGE ( 'NONE', *, *, #3232, .F. ) ;
#2248 = SURFACE_STYLE_USAGE ( .BOTH. , #7684 ) ;
#2249 = ORIENTED_EDGE ( 'NONE', *, *, #7345, .F. ) ;
#2250 = EDGE_CURVE ( 'NONE', #3842, #5577, #8542, .T. ) ;
#2251 = SURFACE_STYLE_USAGE ( .BOTH. , #106 ) ;
#2252 = LENGTH_MEASURE_WITH_UNIT ( LENGTH_MEASURE( 0.02539999999999999897 ), #2212 );
#2253 = DIRECTION ( 'NONE',  ( 0.0000000000000000000, 0.0000000000000000000, 1.000000000000000000 ) ) ;
#2254 = COLOUR_RGB ( '',0.7450980392156862919, 0.7450980392156862919, 0.7450980392156862919 ) ;
#2255 = LINE ( 'NONE', #366, #5965 ) ;
#2256 = DIRECTION ( 'NONE',  ( 0.0000000000000000000, 0.0000000000000000000, 1.000000000000000000 ) ) ;
#2257 = CARTESIAN_POINT ( 'NONE',  ( 0.1482529527559054983, 0.0000000000000000000, -1.503937007874015741 ) ) ;
#2258 = VERTEX_POINT ( 'NONE', #2871 ) ;
#2259 = EDGE_CURVE ( 'NONE', #2947, #2618, #5257, .T. ) ;
#2260 = EDGE_CURVE ( 'NONE', #6337, #6304, #3296, .T. ) ;
#2261 = LINE ( 'NONE', #1600, #4131 ) ;
#2262 = AXIS2_PLACEMENT_3D ( 'NONE', #5388, #8065, #4523 ) ;
#2263 = CARTESIAN_POINT ( 'NONE',  ( 0.0000000000000000000, 0.0000000000000000000, 0.03937007874015751446 ) ) ;
#2264 = ORIENTED_EDGE ( 'NONE', *, *, #2150, .T. ) ;
#2265 = CARTESIAN_POINT ( 'NONE',  ( 0.1734482842422474802, -0.01326871394326618533, 0.2007874015748031260 ) ) ;
#2266 = SURFACE_STYLE_USAGE ( .BOTH. , #382 ) ;
#2267 = LENGTH_MEASURE_WITH_UNIT ( LENGTH_MEASURE( 0.02539999999999999897 ), #6289 );
#2268 = ORIENTED_EDGE ( 'NONE', *, *, #1613, .F. ) ;
#2269 = MECHANICAL_DESIGN_GEOMETRIC_PRESENTATION_REPRESENTATION (  '', ( #5083 ), #3684 ) ;
#2270 = CARTESIAN_POINT ( 'NONE',  ( 0.1723862642169728676, 0.01705977506991343887, 0.03937007874015747977 ) ) ;
#2271 = ORIENTED_EDGE ( 'NONE', *, *, #2260, .F. ) ;
#2272 = CARTESIAN_POINT ( 'NONE',  ( 0.09389165368277023471, 0.02952755905511811330, -1.700787401574803237 ) ) ;
#2273 = SURFACE_STYLE_USAGE ( .BOTH. , #5632 ) ;
#2274 = CIRCLE ( 'NONE', #8236, 0.01377952755905510404 ) ;
#2275 = VECTOR ( 'NONE', #1790, 39.37007874015748143 ) ;
#2276 = CYLINDRICAL_SURFACE ( 'NONE', #7193, 0.003937007874015758385 ) ;
#2277 = ORIENTED_EDGE ( 'NONE', *, *, #864, .F. ) ;
#2278 = DIMENSIONAL_EXPONENTS ( 1.000000000000000000, 0.0000000000000000000, 0.0000000000000000000, 0.0000000000000000000, 0.0000000000000000000, 0.0000000000000000000, 0.0000000000000000000 ) ;
#2279 = CARTESIAN_POINT ( 'NONE',  ( -0.09389165368277065105, -0.02952755905511811330, -1.385826771653543510 ) ) ;
#2280 = VERTEX_POINT ( 'NONE', #7645 ) ;
#2281 = AXIS2_PLACEMENT_3D ( 'NONE', #5880, #6501, #558 ) ;
#2282 = CARTESIAN_POINT ( 'NONE',  ( -0.1141732283464566844, -0.02952755905511811330, -1.700787401574803237 ) ) ;
#2283 = STYLED_ITEM ( 'NONE', ( #6784 ), #326 ) ;
#2284 = UNCERTAINTY_MEASURE_WITH_UNIT (LENGTH_MEASURE( 1.000000000000000082E-05 ), #8016, 'distance_accuracy_value', 'NONE');
#2285 = STYLED_ITEM ( 'NONE', ( #411 ), #1563 ) ;
#2286 = DIRECTION ( 'NONE',  ( 0.0000000000000000000, 0.0000000000000000000, -1.000000000000000000 ) ) ;
#2287 = AXIS2_PLACEMENT_3D ( 'NONE', #5099, #1108, #7864 ) ;
#2288 = DIRECTION ( 'NONE',  ( 0.0000000000000000000, 0.0000000000000000000, 1.000000000000000000 ) ) ;
#2289 = VERTEX_POINT ( 'NONE', #7112 ) ;
#2290 =( NAMED_UNIT ( * ) PLANE_ANGLE_UNIT ( ) SI_UNIT ( $, .RADIAN. ) );
#2291 = PRESENTATION_STYLE_ASSIGNMENT (( #7780 ) ) ;
#2292 = ORIENTED_EDGE ( 'NONE', *, *, #3659, .T. ) ;
#2293 = LINE ( 'NONE', #4975, #8145 ) ;
#2294 = SURFACE_SIDE_STYLE ('',( #6316 ) ) ;
#2295 = LINE ( 'NONE', #4898, #6237 ) ;
#2296 = EDGE_CURVE ( 'NONE', #2081, #656, #4336, .T. ) ;
#2297 = DIMENSIONAL_EXPONENTS ( 1.000000000000000000, 0.0000000000000000000, 0.0000000000000000000, 0.0000000000000000000, 0.0000000000000000000, 0.0000000000000000000, 0.0000000000000000000 ) ;
#2298 = UNCERTAINTY_MEASURE_WITH_UNIT (LENGTH_MEASURE( 1.000000000000000082E-05 ), #3317, 'distance_accuracy_value', 'NONE');
#2299 = CARTESIAN_POINT ( 'NONE',  ( 0.1511701662292213311, 0.02689103927563765012, 0.03937007874015751446 ) ) ;
#2300 =( LENGTH_UNIT ( ) NAMED_UNIT ( * ) SI_UNIT ( $, .METRE. ) );
#2301 = ORIENTED_EDGE ( 'NONE', *, *, #4455, .F. ) ;
#2302 = MECHANICAL_DESIGN_GEOMETRIC_PRESENTATION_REPRESENTATION (  '', ( #1190 ), #2868 ) ;
#2303 = SURFACE_STYLE_FILL_AREA ( #6700 ) ;
#2304 = LINE ( 'NONE', #4985, #1915 ) ;
#2305 = FACE_BOUND ( 'NONE', #211, .T. ) ;
#2306 = DIRECTION ( 'NONE',  ( 0.0000000000000000000, 0.0000000000000000000, 1.000000000000000000 ) ) ;
#2307 = PRESENTATION_LAYER_ASSIGNMENT (  '', '', ( #1190 ) ) ;
#2308 = ADVANCED_FACE ( 'NONE', ( #280 ), #1074, .F. ) ;
#2309 = EDGE_CURVE ( 'NONE', #2289, #7371, #2958, .T. ) ;
#2310 =( LENGTH_UNIT ( ) NAMED_UNIT ( * ) SI_UNIT ( $, .METRE. ) );
#2311 = ORIENTED_EDGE ( 'NONE', *, *, #3120, .T. ) ;
#2312 = VERTEX_POINT ( 'NONE', #2998 ) ;
#2313 =( GEOMETRIC_REPRESENTATION_CONTEXT ( 3 ) GLOBAL_UNCERTAINTY_ASSIGNED_CONTEXT ( ( #1688 ) ) GLOBAL_UNIT_ASSIGNED_CONTEXT ( ( #8215, #4098, #6785 ) ) REPRESENTATION_CONTEXT ( 'NONE', 'WORKASPACE' ) );
#2314 = ORIENTED_EDGE ( 'NONE', *, *, #2584, .T. ) ;
#2315 = LINE ( 'NONE', #4397, #6865 ) ;
#2316 = FILL_AREA_STYLE_COLOUR ( '', #7440 ) ;
#2317 = PRESENTATION_STYLE_ASSIGNMENT (( #256 ) ) ;
#2318 = AXIS2_PLACEMENT_3D ( 'NONE', #1152, #6577, #3847 ) ;
#2319 = EDGE_CURVE ( 'NONE', #4910, #5235, #8433, .T. ) ;
#2320 = VECTOR ( 'NONE', #850, 39.37007874015748143 ) ;
#2321 = SURFACE_STYLE_USAGE ( .BOTH. , #7373 ) ;
#2322 = ORIENTED_EDGE ( 'NONE', *, *, #6104, .T. ) ;
#2323 =( CONVERSION_BASED_UNIT ( 'INCH', #3027 ) LENGTH_UNIT ( ) NAMED_UNIT ( #3210 ) );
#2324 = AXIS2_PLACEMENT_3D ( 'NONE', #7533, #82, #1358 ) ;
#2325 = CARTESIAN_POINT ( 'NONE',  ( 0.1633858267716535861, 0.0000000000000000000, 0.2007874015748031260 ) ) ;
#2326 = ORIENTED_EDGE ( 'NONE', *, *, #7343, .F. ) ;
#2327 =( LENGTH_UNIT ( ) NAMED_UNIT ( * ) SI_UNIT ( $, .METRE. ) );
#2328 = CIRCLE ( 'NONE', #934, 0.09842519685039410882 ) ;
#2329 = FILL_AREA_STYLE ('',( #3608 ) ) ;
#2330 = CIRCLE ( 'NONE', #8293, 0.1559424212598425619 ) ;
#2331 = PRESENTATION_LAYER_ASSIGNMENT (  '', '', ( #7851 ) ) ;
#2332 =( CONVERSION_BASED_UNIT ( 'INCH', #6975 ) LENGTH_UNIT ( ) NAMED_UNIT ( #3759 ) );
#2333 = VERTEX_POINT ( 'NONE', #1158 ) ;
#2334 = SURFACE_SIDE_STYLE ('',( #5020 ) ) ;
#2335 = CARTESIAN_POINT ( 'NONE',  ( 0.1141732283464566844, -0.02952755905511811330, -1.346456692913385877 ) ) ;
#2336 = CARTESIAN_POINT ( 'NONE',  ( 0.02952755905511811330, 0.1141732283464566844, -1.346456692913385877 ) ) ;
#2337 =( NAMED_UNIT ( * ) PLANE_ANGLE_UNIT ( ) SI_UNIT ( $, .RADIAN. ) );
#2338 = PRESENTATION_STYLE_ASSIGNMENT (( #944 ) ) ;
#2339 = PRESENTATION_LAYER_ASSIGNMENT (  '', '', ( #522 ) ) ;
#2340 = CIRCLE ( 'NONE', #2074, 0.1405634842519684902 ) ;
#2341 = LINE ( 'NONE', #2384, #1802 ) ;
#2342 = DIMENSIONAL_EXPONENTS ( 1.000000000000000000, 0.0000000000000000000, 0.0000000000000000000, 0.0000000000000000000, 0.0000000000000000000, 0.0000000000000000000, 0.0000000000000000000 ) ;
#2343 = MECHANICAL_DESIGN_GEOMETRIC_PRESENTATION_REPRESENTATION (  '', ( #2897 ), #7708 ) ;
#2344 = CARTESIAN_POINT ( 'NONE',  ( -0.1141732283464566844, -0.02952755905511811330, -1.622047244094488194 ) ) ;
#2345 = VECTOR ( 'NONE', #1683, 39.37007874015748143 ) ;
#2346 = FACE_OUTER_BOUND ( 'NONE', #8533, .T. ) ;
#2347 = EDGE_LOOP ( 'NONE', ( #1980, #4368 ) ) ;
#2348 = CARTESIAN_POINT ( 'NONE',  ( -0.02952755905511811330, -0.1141732283464566844, -1.622047244094488194 ) ) ;
#2349 = DIRECTION ( 'NONE',  ( 0.0000000000000000000, 0.0000000000000000000, 1.000000000000000000 ) ) ;
#2350 = ADVANCED_FACE ( 'NONE', ( #6494 ), #7963, .T. ) ;
#2351 = FACE_OUTER_BOUND ( 'NONE', #6081, .T. ) ;
#2352 = DIRECTION ( 'NONE',  ( 0.0000000000000000000, 0.0000000000000000000, -1.000000000000000000 ) ) ;
#2353 = ORIENTED_EDGE ( 'NONE', *, *, #4897, .F. ) ;
#2354 = CARTESIAN_POINT ( 'NONE',  ( -0.02952755905511811330, 0.09389165368277065105, -1.622047244094488194 ) ) ;
#2355 = AXIS2_PLACEMENT_3D ( 'NONE', #1780, #2008, #8701 ) ;
#2356 = LINE ( 'NONE', #8448, #412 ) ;
#2357 = LINE ( 'NONE', #5045, #290 ) ;
#2358 = EDGE_LOOP ( 'NONE', ( #8311, #8092, #4223, #670 ) ) ;
#2359 = LINE ( 'NONE', #4911, #1442 ) ;
#2360 = ORIENTED_EDGE ( 'NONE', *, *, #488, .F. ) ;
#2361 = EDGE_CURVE ( 'NONE', #5672, #71, #3134, .T. ) ;
#2362 = LINE ( 'NONE', #8364, #2624 ) ;
#2363 = DIRECTION ( 'NONE',  ( 0.0000000000000000000, 0.0000000000000000000, -1.000000000000000000 ) ) ;
#2364 = CARTESIAN_POINT ( 'NONE',  ( -0.02952755905511805085, -0.09389165368277066492, -1.622047244094488194 ) ) ;
#2365 = UNCERTAINTY_MEASURE_WITH_UNIT (LENGTH_MEASURE( 1.000000000000000082E-05 ), #8168, 'distance_accuracy_value', 'NONE');
#2366 = MECHANICAL_DESIGN_GEOMETRIC_PRESENTATION_REPRESENTATION (  '', ( #5178 ), #832 ) ;
#2367 = LENGTH_MEASURE_WITH_UNIT ( LENGTH_MEASURE( 0.02539999999999999897 ), #303 );
#2368 = ORIENTED_EDGE ( 'NONE', *, *, #4455, .T. ) ;
#2369 = PRESENTATION_STYLE_ASSIGNMENT (( #1668 ) ) ;
#2370 = LINE ( 'NONE', #2409, #7031 ) ;
#2371 = VECTOR ( 'NONE', #1228, 39.37007874015748143 ) ;
#2372 = ORIENTED_EDGE ( 'NONE', *, *, #1406, .F. ) ;
#2373 = EDGE_CURVE ( 'NONE', #6246, #8278, #8551, .T. ) ;
#2374 = EDGE_CURVE ( 'NONE', #2817, #1991, #7290, .T. ) ;
#2375 = DIRECTION ( 'NONE',  ( -1.000000000000000000, 0.0000000000000000000, 0.0000000000000000000 ) ) ;
#2376 = AXIS2_PLACEMENT_3D ( 'NONE', #3938, #7880, #8601 ) ;
#2377 = AXIS2_PLACEMENT_3D ( 'NONE', #7487, #6162, #2760 ) ;
#2378 = ORIENTED_EDGE ( 'NONE', *, *, #864, .T. ) ;
#2379 = CARTESIAN_POINT ( 'NONE',  ( 0.02952755905511811330, 0.1141732283464566844, -1.503937007874015741 ) ) ;
#2380 = CIRCLE ( 'NONE', #8046, 0.003937007874015749712 ) ;
#2381 = SURFACE_STYLE_FILL_AREA ( #6355 ) ;
#2382 = ORIENTED_EDGE ( 'NONE', *, *, #4821, .F. ) ;
#2383 = DIRECTION ( 'NONE',  ( -1.000000000000000000, 0.0000000000000000000, 0.0000000000000000000 ) ) ;
#2384 = CARTESIAN_POINT ( 'NONE',  ( 0.03937007874015747283, -0.07874015748031495954, 0.1968503936985494807 ) ) ;
#2385 = FILL_AREA_STYLE_COLOUR ( '', #5246 ) ;
#2386 = SURFACE_SIDE_STYLE ('',( #1687 ) ) ;
#2387 = MECHANICAL_DESIGN_GEOMETRIC_PRESENTATION_REPRESENTATION (  '', ( #5062 ), #849 ) ;
#2388 = UNCERTAINTY_MEASURE_WITH_UNIT (LENGTH_MEASURE( 1.000000000000000082E-05 ), #4359, 'distance_accuracy_value', 'NONE');
#2389 = FILL_AREA_STYLE_COLOUR ( '', #4078 ) ;
#2390 = CARTESIAN_POINT ( 'NONE',  ( 0.02952755905511811330, 0.1141732283464566844, -1.622047244094488194 ) ) ;
#2391 = ORIENTED_EDGE ( 'NONE', *, *, #5163, .T. ) ;
#2392 = SURFACE_STYLE_FILL_AREA ( #3091 ) ;
#2393 = CARTESIAN_POINT ( 'NONE',  ( 0.0000000000000000000, 0.0000000000000000000, -1.307086614173228467 ) ) ;
#2394 = CARTESIAN_POINT ( 'NONE',  ( 0.02952755905511811330, -0.09389165368277065105, -1.385826771653543510 ) ) ;
#2395 = FACE_BOUND ( 'NONE', #8662, .T. ) ;
#2396 = DIMENSIONAL_EXPONENTS ( 1.000000000000000000, 0.0000000000000000000, 0.0000000000000000000, 0.0000000000000000000, 0.0000000000000000000, 0.0000000000000000000, 0.0000000000000000000 ) ;
#2397 = EDGE_CURVE ( 'NONE', #8308, #5540, #5685, .T. ) ;
#2398 = ORIENTED_EDGE ( 'NONE', *, *, #2642, .F. ) ;
#2399 = CARTESIAN_POINT ( 'NONE',  ( -0.02952755905511811330, -0.1141732283464566844, -1.385826771653543510 ) ) ;
#2400 = PLANE ( 'NONE',  #8332 ) ;
#2401 = CARTESIAN_POINT ( 'NONE',  ( -0.09670693697808412093, 0.1250417925920263296, 0.03937007874015747977 ) ) ;
#2402 = ORIENTED_EDGE ( 'NONE', *, *, #1500, .T. ) ;
#2403 = DIRECTION ( 'NONE',  ( 0.0000000000000000000, 0.0000000000000000000, -1.000000000000000000 ) ) ;
#2404 = CARTESIAN_POINT ( 'NONE',  ( -0.09887340626147853029, -0.1174716846110027968, 0.4298724771940015676 ) ) ;
#2405 = CARTESIAN_POINT ( 'NONE',  ( 0.05511811023622047168, -0.07874015748031495954, 0.1968503936985494807 ) ) ;
#2406 =( GEOMETRIC_REPRESENTATION_CONTEXT ( 3 ) GLOBAL_UNCERTAINTY_ASSIGNED_CONTEXT ( ( #5549 ) ) GLOBAL_UNIT_ASSIGNED_CONTEXT ( ( #3530, #7433, #234 ) ) REPRESENTATION_CONTEXT ( 'NONE', 'WORKASPACE' ) );
#2407 = EDGE_CURVE ( 'NONE', #6337, #7514, #6628, .T. ) ;
#2408 = VERTEX_POINT ( 'NONE', #589 ) ;
#2409 = CARTESIAN_POINT ( 'NONE',  ( -0.02952755905511811330, -0.09389165368277065105, -1.425196850393700698 ) ) ;
#2410 = ORIENTED_EDGE ( 'NONE', *, *, #5312, .F. ) ;
#2411 = CYLINDRICAL_SURFACE ( 'NONE', #8096, 0.003937007874015749712 ) ;
#2412 =( GEOMETRIC_REPRESENTATION_CONTEXT ( 3 ) GLOBAL_UNCERTAINTY_ASSIGNED_CONTEXT ( ( #4571 ) ) GLOBAL_UNIT_ASSIGNED_CONTEXT ( ( #1486, #5499, #6215 ) ) REPRESENTATION_CONTEXT ( 'NONE', 'WORKASPACE' ) );
#2413 =( GEOMETRIC_REPRESENTATION_CONTEXT ( 3 ) GLOBAL_UNCERTAINTY_ASSIGNED_CONTEXT ( ( #1052 ) ) GLOBAL_UNIT_ASSIGNED_CONTEXT ( ( #1703, #3733, #7662 ) ) REPRESENTATION_CONTEXT ( 'NONE', 'WORKASPACE' ) );
#2414 = EDGE_CURVE ( 'NONE', #2507, #7945, #3446, .T. ) ;
#2415 = ADVANCED_FACE ( 'NONE', ( #7830 ), #3911, .F. ) ;
#2416 = DIRECTION ( 'NONE',  ( 0.0000000000000000000, 0.0000000000000000000, 1.000000000000000000 ) ) ;
#2417 = VERTEX_POINT ( 'NONE', #8032 ) ;
#2418 = CIRCLE ( 'NONE', #5940, 0.09842519685039410882 ) ;
#2419 = FACE_OUTER_BOUND ( 'NONE', #8084, .T. ) ;
#2420 = CIRCLE ( 'NONE', #6370, 0.09842519685039410882 ) ;
#2421 = CARTESIAN_POINT ( 'NONE',  ( 0.1511701662292213311, -0.02689103927563765012, 0.2007874015748031260 ) ) ;
#2422 = ORIENTED_EDGE ( 'NONE', *, *, #1140, .F. ) ;
#2423 = CARTESIAN_POINT ( 'NONE',  ( 0.0000000000000000000, 0.0000000000000000000, 0.2007874015748031260 ) ) ;
#2424 = DIRECTION ( 'NONE',  ( 0.0000000000000000000, 0.0000000000000000000, 1.000000000000000000 ) ) ;
#2425 =( LENGTH_UNIT ( ) NAMED_UNIT ( * ) SI_UNIT ( $, .METRE. ) );
#2426 =( LENGTH_UNIT ( ) NAMED_UNIT ( * ) SI_UNIT ( $, .METRE. ) );
#2427 =( CONVERSION_BASED_UNIT ( 'INCH', #500 ) LENGTH_UNIT ( ) NAMED_UNIT ( #8356 ) );
#2428 = AXIS2_PLACEMENT_3D ( 'NONE', #4648, #2570, #4604 ) ;
#2429 = VECTOR ( 'NONE', #881, 39.37007874015748143 ) ;
#2430 = DIRECTION ( 'NONE',  ( -0.0000000000000000000, -0.0000000000000000000, -1.000000000000000000 ) ) ;
#2431 = VERTEX_POINT ( 'NONE', #6513 ) ;
#2432 = FILL_AREA_STYLE ('',( #4856 ) ) ;
#2433 = COLOUR_RGB ( '',0.7450980392156862919, 0.7450980392156862919, 0.7450980392156862919 ) ;
#2434 = FILL_AREA_STYLE_COLOUR ( '', #1242 ) ;
#2435 = DIRECTION ( 'NONE',  ( 1.000000000000000000, 0.0000000000000000000, 0.0000000000000000000 ) ) ;
#2436 = ORIENTED_EDGE ( 'NONE', *, *, #3578, .F. ) ;
#2437 =( CONVERSION_BASED_UNIT ( 'INCH', #6468 ) LENGTH_UNIT ( ) NAMED_UNIT ( #8296 ) );
#2438 = FACE_BOUND ( 'NONE', #2233, .T. ) ;
#2439 = SURFACE_SIDE_STYLE ('',( #1177 ) ) ;
#2440 = COLOUR_RGB ( '',0.7450980392156862919, 0.7450980392156862919, 0.7450980392156862919 ) ;
#2441 = ADVANCED_FACE ( 'NONE', ( #8713, #8571 ), #6653, .T. ) ;
#2442 = FILL_AREA_STYLE_COLOUR ( '', #7950 ) ;
#2443 = UNCERTAINTY_MEASURE_WITH_UNIT (LENGTH_MEASURE( 1.000000000000000082E-05 ), #7368, 'distance_accuracy_value', 'NONE');
#2444 = AXIS2_PLACEMENT_3D ( 'NONE', #4549, #1905, #6722 ) ;
#2445 = VERTEX_POINT ( 'NONE', #5930 ) ;
#2446 = DIMENSIONAL_EXPONENTS ( 1.000000000000000000, 0.0000000000000000000, 0.0000000000000000000, 0.0000000000000000000, 0.0000000000000000000, 0.0000000000000000000, 0.0000000000000000000 ) ;
#2447 =( NAMED_UNIT ( * ) PLANE_ANGLE_UNIT ( ) SI_UNIT ( $, .RADIAN. ) );
#2448 = SURFACE_STYLE_USAGE ( .BOTH. , #1058 ) ;
#2449 = EDGE_LOOP ( 'NONE', ( #4971, #6680, #1753, #5303 ) ) ;
#2450 =( NAMED_UNIT ( * ) PLANE_ANGLE_UNIT ( ) SI_UNIT ( $, .RADIAN. ) );
#2451 = EDGE_CURVE ( 'NONE', #1907, #6106, #7249, .T. ) ;
#2452 = VECTOR ( 'NONE', #725, 39.37007874015748143 ) ;
#2453 = UNCERTAINTY_MEASURE_WITH_UNIT (LENGTH_MEASURE( 1.000000000000000082E-05 ), #1871, 'distance_accuracy_value', 'NONE');
#2454 = ORIENTED_EDGE ( 'NONE', *, *, #1554, .T. ) ;
#2455 =( GEOMETRIC_REPRESENTATION_CONTEXT ( 3 ) GLOBAL_UNCERTAINTY_ASSIGNED_CONTEXT ( ( #1331 ) ) GLOBAL_UNIT_ASSIGNED_CONTEXT ( ( #2197, #6845, #7505 ) ) REPRESENTATION_CONTEXT ( 'NONE', 'WORKASPACE' ) );
#2456 = EDGE_LOOP ( 'NONE', ( #2549, #5851, #5285, #5508 ) ) ;
#2457 =( GEOMETRIC_REPRESENTATION_CONTEXT ( 3 ) GLOBAL_UNCERTAINTY_ASSIGNED_CONTEXT ( ( #7879 ) ) GLOBAL_UNIT_ASSIGNED_CONTEXT ( ( #1435, #6273, #6822 ) ) REPRESENTATION_CONTEXT ( 'NONE', 'WORKASPACE' ) );
#2458 = DIRECTION ( 'NONE',  ( 0.0000000000000000000, 0.0000000000000000000, 1.000000000000000000 ) ) ;
#2459 =( LENGTH_UNIT ( ) NAMED_UNIT ( * ) SI_UNIT ( $, .METRE. ) );
#2460 = DIRECTION ( 'NONE',  ( 0.0000000000000000000, 0.0000000000000000000, -1.000000000000000000 ) ) ;
#2461 = ORIENTED_EDGE ( 'NONE', *, *, #1870, .F. ) ;
#2462 = FILL_AREA_STYLE_COLOUR ( '', #89 ) ;
#2463 = CARTESIAN_POINT ( 'NONE',  ( 0.0000000000000000000, 0.0000000000000000000, -1.503937007874015741 ) ) ;
#2464 = EDGE_CURVE ( 'NONE', #3226, #3307, #3286, .T. ) ;
#2465 = CARTESIAN_POINT ( 'NONE',  ( 0.1734482842422474802, -0.01326871394326618360, 0.03937007874015747977 ) ) ;
#2466 = SURFACE_STYLE_FILL_AREA ( #1157 ) ;
#2467 = AXIS2_PLACEMENT_3D ( 'NONE', #3822, #5221, #1134 ) ;
#2468 = AXIS2_PLACEMENT_3D ( 'NONE', #288, #5162, #5875 ) ;
#2469 = DIRECTION ( 'NONE',  ( 0.0000000000000000000, 0.0000000000000000000, -1.000000000000000000 ) ) ;
#2470 = AXIS2_PLACEMENT_3D ( 'NONE', #818, #3502, #6199 ) ;
#2471 = UNCERTAINTY_MEASURE_WITH_UNIT (LENGTH_MEASURE( 1.000000000000000082E-05 ), #5718, 'distance_accuracy_value', 'NONE');
#2472 =( LENGTH_UNIT ( ) NAMED_UNIT ( * ) SI_UNIT ( $, .METRE. ) );
#2473 = FILL_AREA_STYLE_COLOUR ( '', #6777 ) ;
#2474 = EDGE_LOOP ( 'NONE', ( #3528, #7002, #4491, #5712 ) ) ;
#2475 = DIRECTION ( 'NONE',  ( 0.0000000000000000000, -1.000000000000000000, 0.0000000000000000000 ) ) ;
#2476 = VECTOR ( 'NONE', #117, 39.37007874015748143 ) ;
#2477 = STYLED_ITEM ( 'NONE', ( #7815 ), #4095 ) ;
#2478 = VECTOR ( 'NONE', #6225, 39.37007874015748143 ) ;
#2479 = CYLINDRICAL_SURFACE ( 'NONE', #6291, 0.01377952755905510404 ) ;
#2480 = ADVANCED_FACE ( 'NONE', ( #5176 ), #1837, .T. ) ;
#2481 = ADVANCED_FACE ( 'NONE', ( #1346 ), #4288, .T. ) ;
#2482 = DIRECTION ( 'NONE',  ( 0.0000000000000000000, 0.0000000000000000000, 1.000000000000000000 ) ) ;
#2483 = PRESENTATION_LAYER_ASSIGNMENT (  '', '', ( #7432 ) ) ;
#2484 = PRESENTATION_LAYER_ASSIGNMENT (  '', '', ( #4872 ) ) ;
#2485 =( GEOMETRIC_REPRESENTATION_CONTEXT ( 3 ) GLOBAL_UNCERTAINTY_ASSIGNED_CONTEXT ( ( #1159 ) ) GLOBAL_UNIT_ASSIGNED_CONTEXT ( ( #2034, #1538, #52 ) ) REPRESENTATION_CONTEXT ( 'NONE', 'WORKASPACE' ) );
#2486 = ORIENTED_EDGE ( 'NONE', *, *, #5113, .F. ) ;
#2487 = CARTESIAN_POINT ( 'NONE',  ( 0.02952755905511811330, -0.1141732283464566844, -1.700787401574803237 ) ) ;
#2488 = DIRECTION ( 'NONE',  ( 0.0000000000000000000, 1.000000000000000000, 0.0000000000000000000 ) ) ;
#2489 = VECTOR ( 'NONE', #478, 39.37007874015748143 ) ;
#2490 = PLANE ( 'NONE',  #459 ) ;
#2491 = DIRECTION ( 'NONE',  ( 0.0000000000000000000, 0.0000000000000000000, 1.000000000000000000 ) ) ;
#2492 = PRESENTATION_STYLE_ASSIGNMENT (( #2019 ) ) ;
#2493 = DIRECTION ( 'NONE',  ( -1.000000000000000000, 0.0000000000000000000, 0.0000000000000000000 ) ) ;
#2494 = CARTESIAN_POINT ( 'NONE',  ( 0.1141732283464566844, 0.02952755905511811330, -1.464566929133858109 ) ) ;
#2495 = VECTOR ( 'NONE', #6024, 39.37007874015748854 ) ;
#2496 = LINE ( 'NONE', #8631, #4768 ) ;
#2497 = ORIENTED_EDGE ( 'NONE', *, *, #6685, .F. ) ;
#2498 =( NAMED_UNIT ( * ) PLANE_ANGLE_UNIT ( ) SI_UNIT ( $, .RADIAN. ) );
#2499 = ORIENTED_EDGE ( 'NONE', *, *, #4351, .T. ) ;
#2500 = VECTOR ( 'NONE', #3456, 39.37007874015748143 ) ;
#2501 = VECTOR ( 'NONE', #6195, 39.37007874015748143 ) ;
#2502 = AXIS2_PLACEMENT_3D ( 'NONE', #7015, #4366, #4402 ) ;
#2503 = DIRECTION ( 'NONE',  ( 0.0000000000000000000, 0.0000000000000000000, -1.000000000000000000 ) ) ;
#2504 = ORIENTED_EDGE ( 'NONE', *, *, #1183, .F. ) ;
#2505 =( GEOMETRIC_REPRESENTATION_CONTEXT ( 3 ) GLOBAL_UNCERTAINTY_ASSIGNED_CONTEXT ( ( #7866 ) ) GLOBAL_UNIT_ASSIGNED_CONTEXT ( ( #2039, #1998, #1327 ) ) REPRESENTATION_CONTEXT ( 'NONE', 'WORKASPACE' ) );
#2506 = EDGE_CURVE ( 'NONE', #2727, #6550, #2018, .T. ) ;
#2507 = VERTEX_POINT ( 'NONE', #3505 ) ;
#2508 = CARTESIAN_POINT ( 'NONE',  ( 0.1734482842422474802, -0.01326871394326618360, 0.2007874015748031260 ) ) ;
#2509 = LENGTH_MEASURE_WITH_UNIT ( LENGTH_MEASURE( 0.02539999999999999897 ), #3977 );
#2510 = VERTEX_POINT ( 'NONE', #6023 ) ;
#2511 = CARTESIAN_POINT ( 'NONE',  ( -0.09389165368277065105, -0.02952755905511811330, -1.622047244094488194 ) ) ;
#2512 = DIRECTION ( 'NONE',  ( 0.0000000000000000000, 0.0000000000000000000, -1.000000000000000000 ) ) ;
#2513 =( GEOMETRIC_REPRESENTATION_CONTEXT ( 3 ) GLOBAL_UNCERTAINTY_ASSIGNED_CONTEXT ( ( #2284 ) ) GLOBAL_UNIT_ASSIGNED_CONTEXT ( ( #8016, #18, #6895 ) ) REPRESENTATION_CONTEXT ( 'NONE', 'WORKASPACE' ) );
#2514 = DIMENSIONAL_EXPONENTS ( 1.000000000000000000, 0.0000000000000000000, 0.0000000000000000000, 0.0000000000000000000, 0.0000000000000000000, 0.0000000000000000000, 0.0000000000000000000 ) ;
#2515 = PRESENTATION_LAYER_ASSIGNMENT (  '', '', ( #7461 ) ) ;
#2516 = DIRECTION ( 'NONE',  ( -1.000000000000000000, 0.0000000000000000000, 0.0000000000000000000 ) ) ;
#2517 = DIRECTION ( 'NONE',  ( 1.000000000000000000, 0.0000000000000000000, 0.0000000000000000000 ) ) ;
#2518 = LENGTH_MEASURE_WITH_UNIT ( LENGTH_MEASURE( 0.02539999999999999897 ), #5870 );
#2519 = ADVANCED_FACE ( 'NONE', ( #4702 ), #7402, .T. ) ;
#2520 = LINE ( 'NONE', #8744, #8349 ) ;
#2521 = ORIENTED_EDGE ( 'NONE', *, *, #5171, .T. ) ;
#2522 = DIRECTION ( 'NONE',  ( 0.0000000000000000000, 0.0000000000000000000, -1.000000000000000000 ) ) ;
#2523 = VECTOR ( 'NONE', #7422, 39.37007874015748143 ) ;
#2524 = ORIENTED_EDGE ( 'NONE', *, *, #7053, .T. ) ;
#2525 = LENGTH_MEASURE_WITH_UNIT ( LENGTH_MEASURE( 0.02539999999999999897 ), #4386 );
#2526 = CARTESIAN_POINT ( 'NONE',  ( -0.02952755905511811330, -0.09389165368277065105, -1.503937007874015741 ) ) ;
#2527 = STYLED_ITEM ( 'NONE', ( #6646 ), #5444 ) ;
#2528 = CARTESIAN_POINT ( 'NONE',  ( 0.1771653543307086798, 0.0000000000000000000, 0.4298724771940015676 ) ) ;
#2529 = EDGE_CURVE ( 'NONE', #3657, #8745, #678, .T. ) ;
#2530 = PRESENTATION_STYLE_ASSIGNMENT (( #7349 ) ) ;
#2531 = EDGE_LOOP ( 'NONE', ( #6377, #7269 ) ) ;
#2532 = EDGE_CURVE ( 'NONE', #1653, #7337, #5158, .T. ) ;
#2533 = FILL_AREA_STYLE_COLOUR ( '', #6465 ) ;
#2534 = SURFACE_SIDE_STYLE ('',( #6688 ) ) ;
#2535 = SURFACE_SIDE_STYLE ('',( #7217 ) ) ;
#2536 = CARTESIAN_POINT ( 'NONE',  ( 0.1141732283464566844, 0.02952755905511811330, -1.622047244094488194 ) ) ;
#2537 = DIRECTION ( 'NONE',  ( 1.000000000000000000, 0.0000000000000000000, 0.0000000000000000000 ) ) ;
#2538 = LINE ( 'NONE', #7355, #248 ) ;
#2539 =( LENGTH_UNIT ( ) NAMED_UNIT ( * ) SI_UNIT ( $, .METRE. ) );
#2540 = DIRECTION ( 'NONE',  ( 1.000000000000000000, 0.0000000000000000000, 0.0000000000000000000 ) ) ;
#2541 = FACE_OUTER_BOUND ( 'NONE', #1704, .T. ) ;
#2542 = CARTESIAN_POINT ( 'NONE',  ( 0.1763041338582677364, 0.01744749723059329377, 0.03937007874015751446 ) ) ;
#2543 = ORIENTED_EDGE ( 'NONE', *, *, #2741, .F. ) ;
#2544 = FACE_OUTER_BOUND ( 'NONE', #2047, .T. ) ;
#2545 = SURFACE_SIDE_STYLE ('',( #8678 ) ) ;
#2546 = STYLED_ITEM ( 'NONE', ( #2291 ), #6092 ) ;
#2547 = ORIENTED_EDGE ( 'NONE', *, *, #3455, .T. ) ;
#2548 = SURFACE_STYLE_FILL_AREA ( #5236 ) ;
#2549 = ORIENTED_EDGE ( 'NONE', *, *, #258, .F. ) ;
#2550 = VERTEX_POINT ( 'NONE', #6004 ) ;
#2551 = CARTESIAN_POINT ( 'NONE',  ( 0.1723862642169728676, -0.01705977506991366785, 0.03937007874015751446 ) ) ;
#2552 = SURFACE_STYLE_FILL_AREA ( #4588 ) ;
#2553 = PLANE ( 'NONE',  #4580 ) ;
#2554 = ORIENTED_EDGE ( 'NONE', *, *, #5203, .T. ) ;
#2555 = SURFACE_SIDE_STYLE ('',( #3308 ) ) ;
#2556 = CIRCLE ( 'NONE', #7928, 0.1771653543307086798 ) ;
#2557 = COLOUR_RGB ( '',0.2509803921568627416, 0.2509803921568627416, 0.2509803921568627416 ) ;
#2558 = SURFACE_STYLE_FILL_AREA ( #3083 ) ;
#2559 = DIRECTION ( 'NONE',  ( -1.000000000000000000, 0.0000000000000000000, 0.0000000000000000000 ) ) ;
#2560 = DIRECTION ( 'NONE',  ( 0.0000000000000000000, 0.0000000000000000000, 1.000000000000000000 ) ) ;
#2561 = UNCERTAINTY_MEASURE_WITH_UNIT (LENGTH_MEASURE( 1.000000000000000082E-05 ), #2332, 'distance_accuracy_value', 'NONE');
#2562 = COLOUR_RGB ( '',0.7450980392156862919, 0.7450980392156862919, 0.7450980392156862919 ) ;
#2563 = CARTESIAN_POINT ( 'NONE',  ( -0.02952755905511811330, -0.09389165368277065105, -1.622047244094488194 ) ) ;
#2564 = CARTESIAN_POINT ( 'NONE',  ( 0.1141732283464566844, 0.02952755905511811330, -1.464566929133858109 ) ) ;
#2565 = VERTEX_POINT ( 'NONE', #6540 ) ;
#2566 = VERTEX_POINT ( 'NONE', #3364 ) ;
#2567 = CARTESIAN_POINT ( 'NONE',  ( 0.02952755905511811330, -0.1141732283464566844, -1.543307086614173151 ) ) ;
#2568 = CYLINDRICAL_SURFACE ( 'NONE', #8319, 0.01377952755905510404 ) ;
#2569 = COLOUR_RGB ( '',0.7450980392156862919, 0.7450980392156862919, 0.7450980392156862919 ) ;
#2570 = DIRECTION ( 'NONE',  ( 0.0000000000000000000, 1.000000000000000000, 0.0000000000000000000 ) ) ;
#2571 = EDGE_CURVE ( 'NONE', #7337, #525, #8118, .T. ) ;
#2572 = DIRECTION ( 'NONE',  ( -1.000000000000000000, 0.0000000000000000000, 0.0000000000000000000 ) ) ;
#2573 = DIMENSIONAL_EXPONENTS ( 1.000000000000000000, 0.0000000000000000000, 0.0000000000000000000, 0.0000000000000000000, 0.0000000000000000000, 0.0000000000000000000, 0.0000000000000000000 ) ;
#2574 = SURFACE_SIDE_STYLE ('',( #4650 ) ) ;
#2575 = ORIENTED_EDGE ( 'NONE', *, *, #1237, .T. ) ;
#2576 = STYLED_ITEM ( 'NONE', ( #7201 ), #1561 ) ;
#2577 = FILL_AREA_STYLE ('',( #4565 ) ) ;
#2578 =( NAMED_UNIT ( * ) SI_UNIT ( $, .STERADIAN. ) SOLID_ANGLE_UNIT ( ) );
#2579 = CARTESIAN_POINT ( 'NONE',  ( 0.1566428374084818387, -0.02122976784918762655, 0.2007874015748031260 ) ) ;
#2580 = DIRECTION ( 'NONE',  ( -1.000000000000000000, 0.0000000000000000000, 0.0000000000000000000 ) ) ;
#2581 = CARTESIAN_POINT ( 'NONE',  ( 0.1763232720909886364, 0.01705977506991343887, 0.2007874015748031260 ) ) ;
#2582 = EDGE_CURVE ( 'NONE', #8125, #1702, #4595, .T. ) ;
#2583 = DIRECTION ( 'NONE',  ( 0.0000000000000000000, 0.0000000000000000000, 1.000000000000000000 ) ) ;
#2584 = EDGE_CURVE ( 'NONE', #3753, #1653, #3852, .T. ) ;
#2585 = CIRCLE ( 'NONE', #65, 0.09842519685039410882 ) ;
#2586 = DIRECTION ( 'NONE',  ( 0.0000000000000000000, 0.0000000000000000000, -1.000000000000000000 ) ) ;
#2587 = ORIENTED_EDGE ( 'NONE', *, *, #2141, .F. ) ;
#2588 = VECTOR ( 'NONE', #7032, 39.37007874015748143 ) ;
#2589 = SURFACE_SIDE_STYLE ('',( #7947 ) ) ;
#2590 =( CONVERSION_BASED_UNIT ( 'INCH', #5186 ) LENGTH_UNIT ( ) NAMED_UNIT ( #7491 ) );
#2591 = EDGE_LOOP ( 'NONE', ( #5690, #6976, #2609, #5288 ) ) ;
#2592 = DIRECTION ( 'NONE',  ( -1.000000000000000000, 0.0000000000000000000, 0.0000000000000000000 ) ) ;
#2593 = EDGE_CURVE ( 'NONE', #7186, #1012, #7881, .T. ) ;
#2594 =( GEOMETRIC_REPRESENTATION_CONTEXT ( 3 ) GLOBAL_UNCERTAINTY_ASSIGNED_CONTEXT ( ( #5030 ) ) GLOBAL_UNIT_ASSIGNED_CONTEXT ( ( #3986, #5295, #4031 ) ) REPRESENTATION_CONTEXT ( 'NONE', 'WORKASPACE' ) );
#2595 = CARTESIAN_POINT ( 'NONE',  ( 0.02952755905511811330, -0.1141732283464566844, -1.267716535433071057 ) ) ;
#2596 = VERTEX_POINT ( 'NONE', #1956 ) ;
#2597 = EDGE_LOOP ( 'NONE', ( #1698, #2454, #6070, #360 ) ) ;
#2598 = FILL_AREA_STYLE_COLOUR ( '', #3604 ) ;
#2599 =( CONVERSION_BASED_UNIT ( 'INCH', #4541 ) LENGTH_UNIT ( ) NAMED_UNIT ( #8251 ) );
#2600 = ORIENTED_EDGE ( 'NONE', *, *, #5111, .F. ) ;
#2601 = MECHANICAL_DESIGN_GEOMETRIC_PRESENTATION_REPRESENTATION (  '', ( #4846 ), #5271 ) ;
#2602 = CARTESIAN_POINT ( 'NONE',  ( 0.0000000000000000000, 0.0000000000000000000, 0.03937007874015751446 ) ) ;
#2603 = FILL_AREA_STYLE ('',( #8647 ) ) ;
#2604 = DIRECTION ( 'NONE',  ( 0.0000000000000000000, 1.000000000000000000, 0.0000000000000000000 ) ) ;
#2605 = CIRCLE ( 'NONE', #7543, 0.01574803149606299885 ) ;
#2606 = PRESENTATION_LAYER_ASSIGNMENT (  '', '', ( #3739 ) ) ;
#2607 = CARTESIAN_POINT ( 'NONE',  ( 0.1141732283464566844, -0.02952755905511811330, -1.464566929133858109 ) ) ;
#2608 = EDGE_LOOP ( 'NONE', ( #8676, #4688 ) ) ;
#2609 = ORIENTED_EDGE ( 'NONE', *, *, #6193, .T. ) ;
#2610 = LENGTH_MEASURE_WITH_UNIT ( LENGTH_MEASURE( 0.02539999999999999897 ), #1961 );
#2611 = CIRCLE ( 'NONE', #7550, 0.09842519685039370636 ) ;
#2612 = COLOUR_RGB ( '',0.2509803921568627416, 0.2509803921568627416, 0.2509803921568627416 ) ;
#2613 = PRESENTATION_STYLE_ASSIGNMENT (( #8021 ) ) ;
#2614 = FILL_AREA_STYLE ('',( #3950 ) ) ;
#2615 = STYLED_ITEM ( 'NONE', ( #242 ), #6750 ) ;
#2616 = MECHANICAL_DESIGN_GEOMETRIC_PRESENTATION_REPRESENTATION (  '', ( #7551 ), #8575 ) ;
#2617 =( LENGTH_UNIT ( ) NAMED_UNIT ( * ) SI_UNIT ( $, .METRE. ) );
#2618 = VERTEX_POINT ( 'NONE', #1820 ) ;
#2619 = CARTESIAN_POINT ( 'NONE',  ( 0.09389165368277066492, -0.02952755905511809942, -1.622047244094488194 ) ) ;
#2620 = EDGE_CURVE ( 'NONE', #1477, #1015, #1290, .T. ) ;
#2621 = PRESENTATION_STYLE_ASSIGNMENT (( #1176 ) ) ;
#2622 = FACE_OUTER_BOUND ( 'NONE', #4577, .T. ) ;
#2623 = COLOUR_RGB ( '',0.2509803921568627416, 0.2509803921568627416, 0.2509803921568627416 ) ;
#2624 = VECTOR ( 'NONE', #7093, 39.37007874015748143 ) ;
#2625 = CARTESIAN_POINT ( 'NONE',  ( -0.07523309877070720464, 0.1568449773682431825, 0.2007874015748031260 ) ) ;
#2626 = UNCERTAINTY_MEASURE_WITH_UNIT (LENGTH_MEASURE( 1.000000000000000082E-05 ), #1297, 'distance_accuracy_value', 'NONE');
#2627 = LENGTH_MEASURE_WITH_UNIT ( LENGTH_MEASURE( 0.02539999999999999897 ), #4706 );
#2628 = AXIS2_PLACEMENT_3D ( 'NONE', #4828, #836, #1530 ) ;
#2629 = CARTESIAN_POINT ( 'NONE',  ( 0.02952755905511811330, 0.1141732283464566844, -1.425196850393700698 ) ) ;
#2630 = ADVANCED_FACE ( 'NONE', ( #8743 ), #2652, .F. ) ;
#2631 = VERTEX_POINT ( 'NONE', #6181 ) ;
#2632 = DIMENSIONAL_EXPONENTS ( 1.000000000000000000, 0.0000000000000000000, 0.0000000000000000000, 0.0000000000000000000, 0.0000000000000000000, 0.0000000000000000000, 0.0000000000000000000 ) ;
#2633 = CIRCLE ( 'NONE', #8561, 0.003937007874015749712 ) ;
#2634 =( LENGTH_UNIT ( ) NAMED_UNIT ( * ) SI_UNIT ( $, .METRE. ) );
#2635 = ORIENTED_EDGE ( 'NONE', *, *, #2571, .T. ) ;
#2636 = DIRECTION ( 'NONE',  ( 0.0000000000000000000, 0.0000000000000000000, -1.000000000000000000 ) ) ;
#2637 =( NAMED_UNIT ( * ) SI_UNIT ( $, .STERADIAN. ) SOLID_ANGLE_UNIT ( ) );
#2638 = UNCERTAINTY_MEASURE_WITH_UNIT (LENGTH_MEASURE( 1.000000000000000082E-05 ), #2323, 'distance_accuracy_value', 'NONE');
#2639 = ORIENTED_EDGE ( 'NONE', *, *, #2319, .F. ) ;
#2640 = EDGE_CURVE ( 'NONE', #506, #2289, #1375, .T. ) ;
#2641 = VERTEX_POINT ( 'NONE', #1505 ) ;
#2642 = EDGE_CURVE ( 'NONE', #4540, #4889, #8703, .T. ) ;
#2643 = CARTESIAN_POINT ( 'NONE',  ( 0.1141732283464566844, 0.02952755905511811330, -1.622047244094488194 ) ) ;
#2644 = LINE ( 'NONE', #3354, #6332 ) ;
#2645 = AXIS2_PLACEMENT_3D ( 'NONE', #8247, #4849, #4734 ) ;
#2646 = ORIENTED_EDGE ( 'NONE', *, *, #3825, .T. ) ;
#2647 = DIRECTION ( 'NONE',  ( 0.0000000000000000000, 1.000000000000000000, 0.0000000000000000000 ) ) ;
#2648 = CARTESIAN_POINT ( 'NONE',  ( -0.09389165368277065105, 0.02952755905511811330, -1.307086614173228467 ) ) ;
#2649 =( GEOMETRIC_REPRESENTATION_CONTEXT ( 3 ) GLOBAL_UNCERTAINTY_ASSIGNED_CONTEXT ( ( #2388 ) ) GLOBAL_UNIT_ASSIGNED_CONTEXT ( ( #4359, #7049, #3688 ) ) REPRESENTATION_CONTEXT ( 'NONE', 'WORKASPACE' ) );
#2650 =( GEOMETRIC_REPRESENTATION_CONTEXT ( 3 ) GLOBAL_UNCERTAINTY_ASSIGNED_CONTEXT ( ( #2638 ) ) GLOBAL_UNIT_ASSIGNED_CONTEXT ( ( #2323, #8371, #6481 ) ) REPRESENTATION_CONTEXT ( 'NONE', 'WORKASPACE' ) );
#2651 = UNCERTAINTY_MEASURE_WITH_UNIT (LENGTH_MEASURE( 1.000000000000000082E-05 ), #30, 'distance_accuracy_value', 'NONE');
#2652 = PLANE ( 'NONE',  #6553 ) ;
#2653 = ORIENTED_EDGE ( 'NONE', *, *, #221, .T. ) ;
#2654 = LENGTH_MEASURE_WITH_UNIT ( LENGTH_MEASURE( 0.02539999999999999897 ), #1867 );
#2655 = STYLED_ITEM ( 'NONE', ( #545 ), #4793 ) ;
#2656 = VERTEX_POINT ( 'NONE', #2088 ) ;
#2657 = FILL_AREA_STYLE ('',( #7970 ) ) ;
#2658 = MECHANICAL_DESIGN_GEOMETRIC_PRESENTATION_REPRESENTATION (  '', ( #3223 ), #4639 ) ;
#2659 =( NAMED_UNIT ( * ) SI_UNIT ( $, .STERADIAN. ) SOLID_ANGLE_UNIT ( ) );
#2660 = DIRECTION ( 'NONE',  ( 0.0000000000000000000, 1.000000000000000000, 0.0000000000000000000 ) ) ;
#2661 = SURFACE_STYLE_USAGE ( .BOTH. , #6862 ) ;
#2662 = MECHANICAL_DESIGN_GEOMETRIC_PRESENTATION_REPRESENTATION (  '', ( #994 ), #3377 ) ;
#2663 = DIRECTION ( 'NONE',  ( 0.0000000000000000000, 0.0000000000000000000, 1.000000000000000000 ) ) ;
#2664 = ORIENTED_EDGE ( 'NONE', *, *, #2831, .F. ) ;
#2665 = LINE ( 'NONE', #5354, #6620 ) ;
#2666 = SURFACE_SIDE_STYLE ('',( #7255 ) ) ;
#2667 = DIRECTION ( 'NONE',  ( 1.000000000000000000, 0.0000000000000000000, 0.0000000000000000000 ) ) ;
#2668 =( LENGTH_UNIT ( ) NAMED_UNIT ( * ) SI_UNIT ( $, .METRE. ) );
#2669 = SURFACE_SIDE_STYLE ('',( #1219 ) ) ;
#2670 = CARTESIAN_POINT ( 'NONE',  ( 0.1141732283464566844, 0.02952755905511811330, -1.503937007874015741 ) ) ;
#2671 = LENGTH_MEASURE_WITH_UNIT ( LENGTH_MEASURE( 0.02539999999999999897 ), #7668 );
#2672 = ADVANCED_FACE ( 'NONE', ( #5551 ), #8286, .T. ) ;
#2673 = CARTESIAN_POINT ( 'NONE',  ( 0.08858267716535433989, 0.0000000000000000000, 0.03937007874015747977 ) ) ;
#2674 = SURFACE_STYLE_FILL_AREA ( #5980 ) ;
#2675 = ORIENTED_EDGE ( 'NONE', *, *, #6859, .F. ) ;
#2676 = FILL_AREA_STYLE ('',( #4789 ) ) ;
#2677 =( CONVERSION_BASED_UNIT ( 'INCH', #8773 ) LENGTH_UNIT ( ) NAMED_UNIT ( #6194 ) );
#2678 = ORIENTED_EDGE ( 'NONE', *, *, #2259, .F. ) ;
#2679 = DIRECTION ( 'NONE',  ( 0.0000000000000000000, 0.0000000000000000000, 1.000000000000000000 ) ) ;
#2680 = AXIS2_PLACEMENT_3D ( 'NONE', #667, #793, #8188 ) ;
#2681 = EDGE_CURVE ( 'NONE', #7798, #7736, #6129, .T. ) ;
#2682 = AXIS2_PLACEMENT_3D ( 'NONE', #6163, #2807, #7530 ) ;
#2683 = LINE ( 'NONE', #2115, #6629 ) ;
#2684 = ORIENTED_EDGE ( 'NONE', *, *, #5647, .T. ) ;
#2685 = DIRECTION ( 'NONE',  ( -1.000000000000000000, 0.0000000000000000000, 0.0000000000000000000 ) ) ;
#2686 = LINE ( 'NONE', #7, #2523 ) ;
#2687 = LINE ( 'NONE', #7592, #5703 ) ;
#2688 = ORIENTED_EDGE ( 'NONE', *, *, #4151, .T. ) ;
#2689 = CARTESIAN_POINT ( 'NONE',  ( 0.0000000000000000000, 0.0000000000000000000, 0.0000000000000000000 ) ) ;
#2690 = LINE ( 'NONE', #4724, #6177 ) ;
#2691 = EDGE_CURVE ( 'NONE', #6116, #4889, #8200, .T. ) ;
#2692 = EDGE_CURVE ( 'NONE', #3056, #6519, #2735, .T. ) ;
#2693 = CARTESIAN_POINT ( 'NONE',  ( -0.05955347453579573624, 0.1480276480537205397, 0.2007874015748031260 ) ) ;
#2694 = SURFACE_STYLE_USAGE ( .BOTH. , #1821 ) ;
#2695 = ORIENTED_EDGE ( 'NONE', *, *, #8457, .F. ) ;
#2696 = AXIS2_PLACEMENT_3D ( 'NONE', #4439, #2363, #7133 ) ;
#2697 =( CONVERSION_BASED_UNIT ( 'INCH', #549 ) LENGTH_UNIT ( ) NAMED_UNIT ( #2896 ) );
#2698 = PLANE ( 'NONE',  #2262 ) ;
#2699 = ORIENTED_EDGE ( 'NONE', *, *, #8492, .T. ) ;
#2700 =( NAMED_UNIT ( * ) SI_UNIT ( $, .STERADIAN. ) SOLID_ANGLE_UNIT ( ) );
#2701 = LINE ( 'NONE', #4127, #663 ) ;
#2702 = AXIS2_PLACEMENT_3D ( 'NONE', #7752, #7081, #4388 ) ;
#2703 = AXIS2_PLACEMENT_3D ( 'NONE', #4483, #3102, #5839 ) ;
#2704 = LINE ( 'NONE', #7894, #8630 ) ;
#2705 = ORIENTED_EDGE ( 'NONE', *, *, #7207, .T. ) ;
#2706 = FILL_AREA_STYLE ('',( #32 ) ) ;
#2707 =( GEOMETRIC_REPRESENTATION_CONTEXT ( 3 ) GLOBAL_UNCERTAINTY_ASSIGNED_CONTEXT ( ( #7314 ) ) GLOBAL_UNIT_ASSIGNED_CONTEXT ( ( #2136, #4181, #5570 ) ) REPRESENTATION_CONTEXT ( 'NONE', 'WORKASPACE' ) );
#2708 = SURFACE_STYLE_FILL_AREA ( #737 ) ;
#2709 = PRESENTATION_LAYER_ASSIGNMENT (  '', '', ( #5941 ) ) ;
#2710 = FILL_AREA_STYLE ('',( #5401 ) ) ;
#2711 = DIRECTION ( 'NONE',  ( 0.0000000000000000000, 0.0000000000000000000, 1.000000000000000000 ) ) ;
#2712 = LINE ( 'NONE', #7525, #4618 ) ;
#2713 = LENGTH_MEASURE_WITH_UNIT ( LENGTH_MEASURE( 0.02539999999999999897 ), #3386 );
#2714 = STYLED_ITEM ( 'NONE', ( #7563 ), #1535 ) ;
#2715 = UNCERTAINTY_MEASURE_WITH_UNIT (LENGTH_MEASURE( 1.000000000000000082E-05 ), #6885, 'distance_accuracy_value', 'NONE');
#2716 = CIRCLE ( 'NONE', #2022, 0.09842519685039410882 ) ;
#2717 = FILL_AREA_STYLE_COLOUR ( '', #8558 ) ;
#2718 =( NAMED_UNIT ( * ) PLANE_ANGLE_UNIT ( ) SI_UNIT ( $, .RADIAN. ) );
#2719 = ORIENTED_EDGE ( 'NONE', *, *, #5419, .T. ) ;
#2720 = CARTESIAN_POINT ( 'NONE',  ( -0.09389165368277065105, -0.02952755905511811330, -1.543307086614173151 ) ) ;
#2721 =( NAMED_UNIT ( * ) SI_UNIT ( $, .STERADIAN. ) SOLID_ANGLE_UNIT ( ) );
#2722 = EDGE_LOOP ( 'NONE', ( #3299, #6820, #4599, #4644, #5938, #2846, #5899, #903, #3026, #8513, #5143, #8655, #6248, #7295, #5939, #3966 ) ) ;
#2723 = EDGE_CURVE ( 'NONE', #6235, #51, #2781, .T. ) ;
#2724 = CARTESIAN_POINT ( 'NONE',  ( -0.08858267716535508929, 0.1534296975208646885, 0.2007874015748031260 ) ) ;
#2725 = PLANE ( 'NONE',  #6765 ) ;
#2726 =( NAMED_UNIT ( * ) SI_UNIT ( $, .STERADIAN. ) SOLID_ANGLE_UNIT ( ) );
#2727 = VERTEX_POINT ( 'NONE', #7513 ) ;
#2728 = FACE_OUTER_BOUND ( 'NONE', #3653, .T. ) ;
#2729 = CARTESIAN_POINT ( 'NONE',  ( 0.0000000000000000000, 0.0000000000000000000, -1.543307086614173151 ) ) ;
#2730 = VERTEX_POINT ( 'NONE', #805 ) ;
#2731 = EDGE_CURVE ( 'NONE', #8266, #4467, #5894, .T. ) ;
#2732 =( NAMED_UNIT ( * ) PLANE_ANGLE_UNIT ( ) SI_UNIT ( $, .RADIAN. ) );
#2733 = CARTESIAN_POINT ( 'NONE',  ( 0.1723862642169728676, 0.01705977506991343887, 0.2007874015748031260 ) ) ;
#2734 = AXIS2_PLACEMENT_3D ( 'NONE', #5483, #4811, #814 ) ;
#2735 = LINE ( 'NONE', #4120, #8553 ) ;
#2736 = VERTEX_POINT ( 'NONE', #4410 ) ;
#2737 = STYLED_ITEM ( 'NONE', ( #1178 ), #2441 ) ;
#2738 = LENGTH_MEASURE_WITH_UNIT ( LENGTH_MEASURE( 0.02539999999999999897 ), #1424 );
#2739 =( LENGTH_UNIT ( ) NAMED_UNIT ( * ) SI_UNIT ( $, .METRE. ) );
#2740 = ORIENTED_EDGE ( 'NONE', *, *, #6309, .F. ) ;
#2741 = EDGE_CURVE ( 'NONE', #2431, #7625, #6695, .T. ) ;
#2742 = CARTESIAN_POINT ( 'NONE',  ( -0.09389165368277065105, 0.02952755905511811330, -1.700787401574803237 ) ) ;
#2743 = PRESENTATION_STYLE_ASSIGNMENT (( #4089 ) ) ;
#2744 =( NAMED_UNIT ( * ) SI_UNIT ( $, .STERADIAN. ) SOLID_ANGLE_UNIT ( ) );
#2745 = COLOUR_RGB ( '',0.7529411764705882248, 0.7529411764705882248, 0.7529411764705882248 ) ;
#2746 = DIMENSIONAL_EXPONENTS ( 1.000000000000000000, 0.0000000000000000000, 0.0000000000000000000, 0.0000000000000000000, 0.0000000000000000000, 0.0000000000000000000, 0.0000000000000000000 ) ;
#2747 =( LENGTH_UNIT ( ) NAMED_UNIT ( * ) SI_UNIT ( $, .METRE. ) );
#2748 = ORIENTED_EDGE ( 'NONE', *, *, #7291, .T. ) ;
#2749 = STYLED_ITEM ( 'NONE', ( #8512 ), #6151 ) ;
#2750 = ADVANCED_FACE ( 'NONE', ( #2541 ), #3036, .F. ) ;
#2751 = ADVANCED_FACE ( 'NONE', ( #5643 ), #5229, .F. ) ;
#2752 = DIRECTION ( 'NONE',  ( 0.0000000000000000000, 0.0000000000000000000, 1.000000000000000000 ) ) ;
#2753 = DIRECTION ( 'NONE',  ( 1.000000000000000000, 0.0000000000000000000, 0.0000000000000000000 ) ) ;
#2754 = CARTESIAN_POINT ( 'NONE',  ( -0.02952755905511811330, -0.1141732283464566844, -1.661417322834645827 ) ) ;
#2755 =( NAMED_UNIT ( * ) PLANE_ANGLE_UNIT ( ) SI_UNIT ( $, .RADIAN. ) );
#2756 = PRESENTATION_LAYER_ASSIGNMENT (  '', '', ( #5850 ) ) ;
#2757 = CONICAL_SURFACE ( 'NONE', #8440, 0.1377952755905511584, 0.03904264995516706221 ) ;
#2758 =( GEOMETRIC_REPRESENTATION_CONTEXT ( 3 ) GLOBAL_UNCERTAINTY_ASSIGNED_CONTEXT ( ( #900 ) ) GLOBAL_UNIT_ASSIGNED_CONTEXT ( ( #2697, #7338, #8018 ) ) REPRESENTATION_CONTEXT ( 'NONE', 'WORKASPACE' ) );
#2759 = CARTESIAN_POINT ( 'NONE',  ( -0.1141732283464566844, -0.02952755905511811330, -1.307086614173228467 ) ) ;
#2760 = DIRECTION ( 'NONE',  ( 0.0000000000000000000, 0.0000000000000000000, -1.000000000000000000 ) ) ;
#2761 = ORIENTED_EDGE ( 'NONE', *, *, #5254, .T. ) ;
#2762 = LINE ( 'NONE', #2915, #4874 ) ;
#2763 = AXIS2_PLACEMENT_3D ( 'NONE', #4701, #860, #3537 ) ;
#2764 = SURFACE_STYLE_FILL_AREA ( #1314 ) ;
#2765 = EDGE_LOOP ( 'NONE', ( #3353, #2600, #4204, #5065 ) ) ;
#2766 =( GEOMETRIC_REPRESENTATION_CONTEXT ( 3 ) GLOBAL_UNCERTAINTY_ASSIGNED_CONTEXT ( ( #6360 ) ) GLOBAL_UNIT_ASSIGNED_CONTEXT ( ( #6086, #2732, #1107 ) ) REPRESENTATION_CONTEXT ( 'NONE', 'WORKASPACE' ) );
#2767 = FACE_OUTER_BOUND ( 'NONE', #4845, .T. ) ;
#2768 = LINE ( 'NONE', #923, #807 ) ;
#2769 = PRESENTATION_LAYER_ASSIGNMENT (  '', '', ( #4746 ) ) ;
#2770 = CARTESIAN_POINT ( 'NONE',  ( 0.09389165368277065105, 0.02952755905511811330, -1.582677165354331006 ) ) ;
#2771 = EDGE_LOOP ( 'NONE', ( #1995, #564, #4957, #981 ) ) ;
#2772 = FILL_AREA_STYLE ('',( #133 ) ) ;
#2773 = SURFACE_SIDE_STYLE ('',( #223 ) ) ;
#2774 = PRESENTATION_STYLE_ASSIGNMENT (( #4198 ) ) ;
#2775 = ORIENTED_EDGE ( 'NONE', *, *, #8594, .F. ) ;
#2776 = FILL_AREA_STYLE_COLOUR ( '', #237 ) ;
#2777 = SURFACE_STYLE_FILL_AREA ( #4238 ) ;
#2778 = MECHANICAL_DESIGN_GEOMETRIC_PRESENTATION_REPRESENTATION (  '', ( #7865 ), #5022 ) ;
#2779 = EDGE_CURVE ( 'NONE', #4661, #2888, #3293, .T. ) ;
#2780 = DIRECTION ( 'NONE',  ( -1.000000000000000000, 0.0000000000000000000, 0.0000000000000000000 ) ) ;
#2781 = LINE ( 'NONE', #5473, #4025 ) ;
#2782 = ORIENTED_EDGE ( 'NONE', *, *, #8108, .T. ) ;
#2783 = LINE ( 'NONE', #2865, #8564 ) ;
#2784 = PRESENTATION_STYLE_ASSIGNMENT (( #3568 ) ) ;
#2785 = ORIENTED_EDGE ( 'NONE', *, *, #267, .T. ) ;
#2786 = CARTESIAN_POINT ( 'NONE',  ( 0.0000000000000000000, 0.0000000000000000000, -1.543307086614173151 ) ) ;
#2787 = CARTESIAN_POINT ( 'NONE',  ( 0.05118110236220473758, -0.01968503937007873988, 0.1968503937007874127 ) ) ;
#2788 = PLANE ( 'NONE',  #7734 ) ;
#2789 = CARTESIAN_POINT ( 'NONE',  ( 0.1771653543307086798, 0.0000000000000000000, 0.2480314960629921572 ) ) ;
#2790 = EDGE_CURVE ( 'NONE', #4112, #4661, #1226, .T. ) ;
#2791 = CARTESIAN_POINT ( 'NONE',  ( 0.1141732283464566844, 0.02952755905511811330, -1.582677165354331006 ) ) ;
#2792 = EDGE_LOOP ( 'NONE', ( #7643, #2521, #1800, #5497 ) ) ;
#2793 = PRESENTATION_LAYER_ASSIGNMENT (  '', '', ( #5470 ) ) ;
#2794 = LENGTH_MEASURE_WITH_UNIT ( LENGTH_MEASURE( 0.02539999999999999897 ), #3503 );
#2795 = SURFACE_SIDE_STYLE ('',( #7354 ) ) ;
#2796 = LINE ( 'NONE', #119, #1649 ) ;
#2797 = SURFACE_STYLE_FILL_AREA ( #6825 ) ;
#2798 = AXIS2_PLACEMENT_3D ( 'NONE', #2863, #2286, #4970 ) ;
#2799 =( NAMED_UNIT ( * ) PLANE_ANGLE_UNIT ( ) SI_UNIT ( $, .RADIAN. ) );
#2800 = DIRECTION ( 'NONE',  ( 0.0000000000000000000, 0.0000000000000000000, 1.000000000000000000 ) ) ;
#2801 = MECHANICAL_DESIGN_GEOMETRIC_PRESENTATION_REPRESENTATION (  '', ( #7461 ), #3073 ) ;
#2802 = ADVANCED_FACE ( 'NONE', ( #1354 ), #1931, .F. ) ;
#2803 = EDGE_CURVE ( 'NONE', #7196, #5688, #5697, .T. ) ;
#2804 = ORIENTED_EDGE ( 'NONE', *, *, #4700, .T. ) ;
#2805 = VECTOR ( 'NONE', #1941, 39.37007874015748143 ) ;
#2806 = FACE_BOUND ( 'NONE', #1988, .T. ) ;
#2807 = DIRECTION ( 'NONE',  ( 0.0000000000000000000, 0.0000000000000000000, 1.000000000000000000 ) ) ;
#2808 = ORIENTED_EDGE ( 'NONE', *, *, #4308, .F. ) ;
#2809 = CIRCLE ( 'NONE', #2935, 0.1544045275590551214 ) ;
#2810 = FILL_AREA_STYLE_COLOUR ( '', #3462 ) ;
#2811 = ORIENTED_EDGE ( 'NONE', *, *, #4842, .T. ) ;
#2812 = DIRECTION ( 'NONE',  ( 0.0000000000000000000, 0.0000000000000000000, 1.000000000000000000 ) ) ;
#2813 =( NAMED_UNIT ( * ) SI_UNIT ( $, .STERADIAN. ) SOLID_ANGLE_UNIT ( ) );
#2814 = FILL_AREA_STYLE_COLOUR ( '', #7787 ) ;
#2815 =( GEOMETRIC_REPRESENTATION_CONTEXT ( 3 ) GLOBAL_UNCERTAINTY_ASSIGNED_CONTEXT ( ( #2651 ) ) GLOBAL_UNIT_ASSIGNED_CONTEXT ( ( #30, #1917, #5259 ) ) REPRESENTATION_CONTEXT ( 'NONE', 'WORKASPACE' ) );
#2816 = LINE ( 'NONE', #1413, #7052 ) ;
#2817 = VERTEX_POINT ( 'NONE', #38 ) ;
#2818 = PRESENTATION_STYLE_ASSIGNMENT (( #6801 ) ) ;
#2819 = CARTESIAN_POINT ( 'NONE',  ( 0.02952755905511810289, 0.09389165368277065105, -1.700787401574803237 ) ) ;
#2820 = VERTEX_POINT ( 'NONE', #4008 ) ;
#2821 = SURFACE_SIDE_STYLE ('',( #2777 ) ) ;
#2822 = COLOUR_RGB ( '',0.7450980392156862919, 0.7450980392156862919, 0.7450980392156862919 ) ;
#2823 = UNCERTAINTY_MEASURE_WITH_UNIT (LENGTH_MEASURE( 1.000000000000000082E-05 ), #8360, 'distance_accuracy_value', 'NONE');
#2824 = DIRECTION ( 'NONE',  ( 0.0000000000000000000, 0.0000000000000000000, -1.000000000000000000 ) ) ;
#2825 = ORIENTED_EDGE ( 'NONE', *, *, #3836, .F. ) ;
#2826 = FILL_AREA_STYLE ('',( #4891 ) ) ;
#2827 = ORIENTED_EDGE ( 'NONE', *, *, #5101, .T. ) ;
#2828 = SURFACE_STYLE_FILL_AREA ( #3570 ) ;
#2829 = DIRECTION ( 'NONE',  ( 0.0000000000000000000, 0.0000000000000000000, -1.000000000000000000 ) ) ;
#2830 = COLOUR_RGB ( '',0.2509803921568627416, 0.2509803921568627416, 0.2509803921568627416 ) ;
#2831 = EDGE_CURVE ( 'NONE', #851, #5315, #653, .T. ) ;
#2832 = SURFACE_STYLE_USAGE ( .BOTH. , #6732 ) ;
#2833 = DIRECTION ( 'NONE',  ( 0.0000000000000000000, 0.0000000000000000000, 1.000000000000000000 ) ) ;
#2834 = VERTEX_POINT ( 'NONE', #7407 ) ;
#2835 = FACE_OUTER_BOUND ( 'NONE', #1079, .T. ) ;
#2836 =( CONVERSION_BASED_UNIT ( 'INCH', #821 ) LENGTH_UNIT ( ) NAMED_UNIT ( #4172 ) );
#2837 = EDGE_CURVE ( 'NONE', #3229, #2888, #8763, .T. ) ;
#2838 =( NAMED_UNIT ( * ) SI_UNIT ( $, .STERADIAN. ) SOLID_ANGLE_UNIT ( ) );
#2839 = AXIS2_PLACEMENT_3D ( 'NONE', #2405, #3647, #3021 ) ;
#2840 = VECTOR ( 'NONE', #8494, 39.37007874015748854 ) ;
#2841 = DIMENSIONAL_EXPONENTS ( 1.000000000000000000, 0.0000000000000000000, 0.0000000000000000000, 0.0000000000000000000, 0.0000000000000000000, 0.0000000000000000000, 0.0000000000000000000 ) ;
#2842 = ORIENTED_EDGE ( 'NONE', *, *, #8346, .F. ) ;
#2843 = MECHANICAL_DESIGN_GEOMETRIC_PRESENTATION_REPRESENTATION (  '', ( #5237 ), #4537 ) ;
#2844 =( LENGTH_UNIT ( ) NAMED_UNIT ( * ) SI_UNIT ( $, .METRE. ) );
#2845 = STYLED_ITEM ( 'NONE', ( #154 ), #325 ) ;
#2846 = ORIENTED_EDGE ( 'NONE', *, *, #4362, .F. ) ;
#2847 = ORIENTED_EDGE ( 'NONE', *, *, #7228, .F. ) ;
#2848 = ADVANCED_FACE ( 'NONE', ( #698 ), #6068, .F. ) ;
#2849 = LINE ( 'NONE', #3433, #6146 ) ;
#2850 =( LENGTH_UNIT ( ) NAMED_UNIT ( * ) SI_UNIT ( $, .METRE. ) );
#2851 = DIRECTION ( 'NONE',  ( -1.000000000000000000, 0.0000000000000000000, 0.0000000000000000000 ) ) ;
#2852 = MECHANICAL_DESIGN_GEOMETRIC_PRESENTATION_REPRESENTATION (  '', ( #8388 ), #7799 ) ;
#2853 = STYLED_ITEM ( 'NONE', ( #398 ), #819 ) ;
#2854 = ORIENTED_EDGE ( 'NONE', *, *, #6138, .T. ) ;
#2855 =( GEOMETRIC_REPRESENTATION_CONTEXT ( 3 ) GLOBAL_UNCERTAINTY_ASSIGNED_CONTEXT ( ( #2977 ) ) GLOBAL_UNIT_ASSIGNED_CONTEXT ( ( #5200, #7289, #3173 ) ) REPRESENTATION_CONTEXT ( 'NONE', 'WORKASPACE' ) );
#2856 = LINE ( 'NONE', #1751, #2921 ) ;
#2857 = DIRECTION ( 'NONE',  ( 0.0000000000000000000, 0.0000000000000000000, 1.000000000000000000 ) ) ;
#2858 = ORIENTED_EDGE ( 'NONE', *, *, #5926, .F. ) ;
#2859 = EDGE_CURVE ( 'NONE', #2864, #5459, #2180, .T. ) ;
#2860 = CARTESIAN_POINT ( 'NONE',  ( -0.01574803149606299191, 0.09055118110236221041, 0.1968503937007874127 ) ) ;
#2861 = DIMENSIONAL_EXPONENTS ( 1.000000000000000000, 0.0000000000000000000, 0.0000000000000000000, 0.0000000000000000000, 0.0000000000000000000, 0.0000000000000000000, 0.0000000000000000000 ) ;
#2862 = VECTOR ( 'NONE', #6608, 39.37007874015748143 ) ;
#2863 = CARTESIAN_POINT ( 'NONE',  ( 0.0000000000000000000, 0.0000000000000000000, -1.385826771653543510 ) ) ;
#2864 = VERTEX_POINT ( 'NONE', #7622 ) ;
#2865 = CARTESIAN_POINT ( 'NONE',  ( 0.09389165368277065105, 0.02952755905511811330, -1.307086614173228467 ) ) ;
#2866 =( NAMED_UNIT ( * ) PLANE_ANGLE_UNIT ( ) SI_UNIT ( $, .RADIAN. ) );
#2867 = EDGE_LOOP ( 'NONE', ( #4796, #6735 ) ) ;
#2868 =( GEOMETRIC_REPRESENTATION_CONTEXT ( 3 ) GLOBAL_UNCERTAINTY_ASSIGNED_CONTEXT ( ( #7693 ) ) GLOBAL_UNIT_ASSIGNED_CONTEXT ( ( #3762, #3574, #8387 ) ) REPRESENTATION_CONTEXT ( 'NONE', 'WORKASPACE' ) );
#2869 = DIRECTION ( 'NONE',  ( 0.0000000000000000000, 0.0000000000000000000, -1.000000000000000000 ) ) ;
#2870 =( NAMED_UNIT ( * ) SI_UNIT ( $, .STERADIAN. ) SOLID_ANGLE_UNIT ( ) );
#2871 = CARTESIAN_POINT ( 'NONE',  ( 0.02952755905511811330, -0.1141732283464566844, -1.582677165354331006 ) ) ;
#2872 = AXIS2_PLACEMENT_3D ( 'NONE', #5126, #7848, #1303 ) ;
#2873 = DIRECTION ( 'NONE',  ( 0.0000000000000000000, 0.0000000000000000000, -1.000000000000000000 ) ) ;
#2874 = ORIENTED_EDGE ( 'NONE', *, *, #1774, .T. ) ;
#2875 = CARTESIAN_POINT ( 'NONE',  ( -0.1032620427632871818, -0.1439601100981747483, 0.4298724771940015676 ) ) ;
#2876 =( NAMED_UNIT ( * ) PLANE_ANGLE_UNIT ( ) SI_UNIT ( $, .RADIAN. ) );
#2877 = CARTESIAN_POINT ( 'NONE',  ( 0.1141732283464566844, -0.02952755905511811330, -1.543307086614173151 ) ) ;
#2878 = FACE_BOUND ( 'NONE', #7386, .T. ) ;
#2879 = CARTESIAN_POINT ( 'NONE',  ( -0.09389165368277023471, -0.02952755905511811330, -1.385826771653543510 ) ) ;
#2880 = EDGE_CURVE ( 'NONE', #8242, #7685, #6914, .T. ) ;
#2881 = ORIENTED_EDGE ( 'NONE', *, *, #4886, .F. ) ;
#2882 = VECTOR ( 'NONE', #8081, 39.37007874015748143 ) ;
#2883 = DIRECTION ( 'NONE',  ( 1.000000000000000000, 0.0000000000000000000, 0.0000000000000000000 ) ) ;
#2884 =( CONVERSION_BASED_UNIT ( 'INCH', #7712 ) LENGTH_UNIT ( ) NAMED_UNIT ( #2085 ) );
#2885 =( LENGTH_UNIT ( ) NAMED_UNIT ( * ) SI_UNIT ( $, .METRE. ) );
#2886 = ORIENTED_EDGE ( 'NONE', *, *, #1953, .T. ) ;
#2887 = CARTESIAN_POINT ( 'NONE',  ( -0.05817145902824114034, 0.1505710246549112064, 0.2480314960629921572 ) ) ;
#2888 = VERTEX_POINT ( 'NONE', #866 ) ;
#2889 =( CONVERSION_BASED_UNIT ( 'INCH', #4062 ) LENGTH_UNIT ( ) NAMED_UNIT ( #6016 ) );
#2890 = AXIS2_PLACEMENT_3D ( 'NONE', #745, #906, #1598 ) ;
#2891 = FILL_AREA_STYLE ('',( #7381 ) ) ;
#2892 = STYLED_ITEM ( 'NONE', ( #3720 ), #3156 ) ;
#2893 = EDGE_CURVE ( 'NONE', #6348, #162, #160, .T. ) ;
#2894 =( GEOMETRIC_REPRESENTATION_CONTEXT ( 3 ) GLOBAL_UNCERTAINTY_ASSIGNED_CONTEXT ( ( #5471 ) ) GLOBAL_UNIT_ASSIGNED_CONTEXT ( ( #553, #3092, #7835 ) ) REPRESENTATION_CONTEXT ( 'NONE', 'WORKASPACE' ) );
#2895 = VERTEX_POINT ( 'NONE', #247 ) ;
#2896 = DIMENSIONAL_EXPONENTS ( 1.000000000000000000, 0.0000000000000000000, 0.0000000000000000000, 0.0000000000000000000, 0.0000000000000000000, 0.0000000000000000000, 0.0000000000000000000 ) ;
#2897 = STYLED_ITEM ( 'NONE', ( #796 ), #3457 ) ;
#2898 = CARTESIAN_POINT ( 'NONE',  ( -0.02952755905511811330, -0.09389165368277065105, -1.661417322834645827 ) ) ;
#2899 = EDGE_LOOP ( 'NONE', ( #423, #1852, #3460, #1124 ) ) ;
#2900 = DIRECTION ( 'NONE',  ( -1.000000000000000000, 0.0000000000000000000, 0.0000000000000000000 ) ) ;
#2901 = EDGE_CURVE ( 'NONE', #405, #1070, #3024, .T. ) ;
#2902 = UNCERTAINTY_MEASURE_WITH_UNIT (LENGTH_MEASURE( 1.000000000000000082E-05 ), #4166, 'distance_accuracy_value', 'NONE');
#2903 = ADVANCED_FACE ( 'NONE', ( #293 ), #6245, .T. ) ;
#2904 = SURFACE_STYLE_FILL_AREA ( #6352 ) ;
#2905 = EDGE_LOOP ( 'NONE', ( #4044, #5996, #5827, #2143 ) ) ;
#2906 = SURFACE_SIDE_STYLE ('',( #4805 ) ) ;
#2907 = DIRECTION ( 'NONE',  ( 0.0000000000000000000, 0.0000000000000000000, 1.000000000000000000 ) ) ;
#2908 = VERTEX_POINT ( 'NONE', #1699 ) ;
#2909 = CYLINDRICAL_SURFACE ( 'NONE', #3473, 0.1614173228346456601 ) ;
#2910 = FACE_BOUND ( 'NONE', #4307, .T. ) ;
#2911 = UNCERTAINTY_MEASURE_WITH_UNIT (LENGTH_MEASURE( 1.000000000000000082E-05 ), #6873, 'distance_accuracy_value', 'NONE');
#2912 = CARTESIAN_POINT ( 'NONE',  ( -0.1141732283464566844, -0.02952755905511811330, -1.307086614173228467 ) ) ;
#2913 = FACE_OUTER_BOUND ( 'NONE', #2608, .T. ) ;
#2914 = ORIENTED_EDGE ( 'NONE', *, *, #8214, .T. ) ;
#2915 = CARTESIAN_POINT ( 'NONE',  ( 0.1589224824461045182, -0.02827006693079856664, 0.4298724771940015676 ) ) ;
#2916 = PRESENTATION_LAYER_ASSIGNMENT (  '', '', ( #1952 ) ) ;
#2917 = DIRECTION ( 'NONE',  ( 0.0000000000000000000, 0.0000000000000000000, 1.000000000000000000 ) ) ;
#2918 = DIRECTION ( 'NONE',  ( 0.0000000000000000000, 0.0000000000000000000, 1.000000000000000000 ) ) ;
#2919 = CARTESIAN_POINT ( 'NONE',  ( -0.02952755905511811330, 0.1141732283464566844, -1.543307086614173151 ) ) ;
#2920 = AXIS2_PLACEMENT_3D ( 'NONE', #5438, #2097, #4777 ) ;
#2921 = VECTOR ( 'NONE', #4444, 39.37007874015748143 ) ;
#2922 = CARTESIAN_POINT ( 'NONE',  ( -0.09670693697808412093, -0.1250417925920263296, 0.2007874015748031260 ) ) ;
#2923 = VERTEX_POINT ( 'NONE', #472 ) ;
#2924 =( NAMED_UNIT ( * ) SI_UNIT ( $, .STERADIAN. ) SOLID_ANGLE_UNIT ( ) );
#2925 = SURFACE_STYLE_FILL_AREA ( #4304 ) ;
#2926 = ORIENTED_EDGE ( 'NONE', *, *, #4675, .T. ) ;
#2927 = VECTOR ( 'NONE', #2517, 39.37007874015748143 ) ;
#2928 = CARTESIAN_POINT ( 'NONE',  ( -0.02952755905511811330, 0.1141732283464566844, -1.582677165354331006 ) ) ;
#2929 = ORIENTED_EDGE ( 'NONE', *, *, #7384, .F. ) ;
#2930 = DIRECTION ( 'NONE',  ( -1.000000000000000000, 0.0000000000000000000, 0.0000000000000000000 ) ) ;
#2931 = VECTOR ( 'NONE', #4652, 39.37007874015748143 ) ;
#2932 = EDGE_CURVE ( 'NONE', #7317, #295, #1132, .T. ) ;
#2933 = SURFACE_STYLE_FILL_AREA ( #1795 ) ;
#2934 = VECTOR ( 'NONE', #3144, 39.37007874015748143 ) ;
#2935 = AXIS2_PLACEMENT_3D ( 'NONE', #5373, #1993, #8686 ) ;
#2936 = PLANE ( 'NONE',  #5359 ) ;
#2937 = EDGE_LOOP ( 'NONE', ( #2775, #7420, #8699, #7649 ) ) ;
#2938 = LINE ( 'NONE', #3742, #1387 ) ;
#2939 = CARTESIAN_POINT ( 'NONE',  ( 0.0000000000000000000, 0.0000000000000000000, -1.622047244094488194 ) ) ;
#2940 = ORIENTED_EDGE ( 'NONE', *, *, #7372, .T. ) ;
#2941 = LENGTH_MEASURE_WITH_UNIT ( LENGTH_MEASURE( 0.02539999999999999897 ), #6305 );
#2942 = VECTOR ( 'NONE', #2054, 39.37007874015748143 ) ;
#2943 = EDGE_CURVE ( 'NONE', #1256, #8754, #3098, .T. ) ;
#2944 = CARTESIAN_POINT ( 'NONE',  ( -0.1141732283464566844, -0.02952755905511811330, -1.425196850393700698 ) ) ;
#2945 = AXIS2_PLACEMENT_3D ( 'NONE', #8231, #1455, #1366 ) ;
#2946 = SURFACE_SIDE_STYLE ('',( #3614 ) ) ;
#2947 = VERTEX_POINT ( 'NONE', #1093 ) ;
#2948 = FILL_AREA_STYLE ('',( #8426 ) ) ;
#2949 = SURFACE_STYLE_USAGE ( .BOTH. , #8470 ) ;
#2950 = ORIENTED_EDGE ( 'NONE', *, *, #848, .T. ) ;
#2951 = SURFACE_STYLE_FILL_AREA ( #1030 ) ;
#2952 = SURFACE_STYLE_USAGE ( .BOTH. , #4334 ) ;
#2953 = EDGE_CURVE ( 'NONE', #8684, #4756, #2328, .T. ) ;
#2954 = LINE ( 'NONE', #5026, #2094 ) ;
#2955 = DIMENSIONAL_EXPONENTS ( 1.000000000000000000, 0.0000000000000000000, 0.0000000000000000000, 0.0000000000000000000, 0.0000000000000000000, 0.0000000000000000000, 0.0000000000000000000 ) ;
#2956 = EDGE_CURVE ( 'NONE', #8266, #5981, #1833, .T. ) ;
#2957 = LENGTH_MEASURE_WITH_UNIT ( LENGTH_MEASURE( 0.02539999999999999897 ), #2997 );
#2958 = LINE ( 'NONE', #5695, #2588 ) ;
#2959 = DIRECTION ( 'NONE',  ( 0.03903273174035342546, 0.0000000000000000000, 0.9992379325530460488 ) ) ;
#2960 = SURFACE_STYLE_USAGE ( .BOTH. , #1639 ) ;
#2961 = ORIENTED_EDGE ( 'NONE', *, *, #4151, .F. ) ;
#2962 = CIRCLE ( 'NONE', #8368, 0.007874015748031482076 ) ;
#2963 = EDGE_CURVE ( 'NONE', #2923, #8644, #7838, .T. ) ;
#2964 = SURFACE_STYLE_USAGE ( .BOTH. , #6406 ) ;
#2965 = LINE ( 'NONE', #2919, #4680 ) ;
#2966 = DIRECTION ( 'NONE',  ( -1.000000000000000000, 0.0000000000000000000, 0.0000000000000000000 ) ) ;
#2967 = SURFACE_STYLE_USAGE ( .BOTH. , #7797 ) ;
#2968 = EDGE_LOOP ( 'NONE', ( #6958, #3744, #3103, #5505 ) ) ;
#2969 = SURFACE_STYLE_USAGE ( .BOTH. , #5081 ) ;
#2970 = ORIENTED_EDGE ( 'NONE', *, *, #1916, .F. ) ;
#2971 = MECHANICAL_DESIGN_GEOMETRIC_PRESENTATION_REPRESENTATION (  '', ( #7209 ), #2412 ) ;
#2972 =( GEOMETRIC_REPRESENTATION_CONTEXT ( 3 ) GLOBAL_UNCERTAINTY_ASSIGNED_CONTEXT ( ( #7942 ) ) GLOBAL_UNIT_ASSIGNED_CONTEXT ( ( #3823, #7983, #7308 ) ) REPRESENTATION_CONTEXT ( 'NONE', 'WORKASPACE' ) );
#2973 = DIRECTION ( 'NONE',  ( -0.0000000000000000000, -0.0000000000000000000, -1.000000000000000000 ) ) ;
#2974 = ORIENTED_EDGE ( 'NONE', *, *, #4941, .T. ) ;
#2975 =( LENGTH_UNIT ( ) NAMED_UNIT ( * ) SI_UNIT ( $, .METRE. ) );
#2976 = CARTESIAN_POINT ( 'NONE',  ( 0.1467150590551180855, 0.0000000000000000000, -1.543307086614173151 ) ) ;
#2977 = UNCERTAINTY_MEASURE_WITH_UNIT (LENGTH_MEASURE( 1.000000000000000082E-05 ), #5200, 'distance_accuracy_value', 'NONE');
#2978 = MECHANICAL_DESIGN_GEOMETRIC_PRESENTATION_REPRESENTATION (  '', ( #2283 ), #466 ) ;
#2979 = SURFACE_STYLE_FILL_AREA ( #8459 ) ;
#2980 = ORIENTED_EDGE ( 'NONE', *, *, #741, .F. ) ;
#2981 = LINE ( 'NONE', #5636, #5469 ) ;
#2982 = ORIENTED_EDGE ( 'NONE', *, *, #2831, .T. ) ;
#2983 = STYLED_ITEM ( 'NONE', ( #6595 ), #1352 ) ;
#2984 = DIRECTION ( 'NONE',  ( -1.000000000000000000, 0.0000000000000000000, 0.0000000000000000000 ) ) ;
#2985 = VECTOR ( 'NONE', #5950, 39.37007874015748143 ) ;
#2986 = UNCERTAINTY_MEASURE_WITH_UNIT (LENGTH_MEASURE( 1.000000000000000082E-05 ), #8042, 'distance_accuracy_value', 'NONE');
#2987 =( GEOMETRIC_REPRESENTATION_CONTEXT ( 3 ) GLOBAL_UNCERTAINTY_ASSIGNED_CONTEXT ( ( #2471 ) ) GLOBAL_UNIT_ASSIGNED_CONTEXT ( ( #5718, #6425, #3737 ) ) REPRESENTATION_CONTEXT ( 'NONE', 'WORKASPACE' ) );
#2988 = FILL_AREA_STYLE ('',( #3661 ) ) ;
#2989 = EDGE_CURVE ( 'NONE', #214, #7748, #4586, .T. ) ;
#2990 = ORIENTED_EDGE ( 'NONE', *, *, #8585, .T. ) ;
#2991 = FILL_AREA_STYLE ('',( #6393 ) ) ;
#2992 = CARTESIAN_POINT ( 'NONE',  ( 0.0000000000000000000, 0.0000000000000000000, -1.543307086614173151 ) ) ;
#2993 = EDGE_LOOP ( 'NONE', ( #3328, #8420, #8189, #548 ) ) ;
#2994 =( NAMED_UNIT ( * ) PLANE_ANGLE_UNIT ( ) SI_UNIT ( $, .RADIAN. ) );
#2995 = DIRECTION ( 'NONE',  ( 0.0000000000000000000, 0.0000000000000000000, -1.000000000000000000 ) ) ;
#2996 = AXIS2_PLACEMENT_3D ( 'NONE', #3009, #2352, #6409 ) ;
#2997 =( LENGTH_UNIT ( ) NAMED_UNIT ( * ) SI_UNIT ( $, .METRE. ) );
#2998 = CARTESIAN_POINT ( 'NONE',  ( 0.09389165368277065105, 0.02952755905511811330, -1.267716535433071057 ) ) ;
#2999 = UNCERTAINTY_MEASURE_WITH_UNIT (LENGTH_MEASURE( 1.000000000000000082E-05 ), #442, 'distance_accuracy_value', 'NONE');
#3000 = CARTESIAN_POINT ( 'NONE',  ( -0.09821518547154173273, -0.1435762634249768688, 0.2007874015748032093 ) ) ;
#3001 = EDGE_CURVE ( 'NONE', #859, #1991, #333, .T. ) ;
#3002 =( NAMED_UNIT ( * ) PLANE_ANGLE_UNIT ( ) SI_UNIT ( $, .RADIAN. ) );
#3003 = EDGE_LOOP ( 'NONE', ( #2368, #7958, #6430, #5074 ) ) ;
#3004 = AXIS2_PLACEMENT_3D ( 'NONE', #1873, #5832, #7248 ) ;
#3005 = LINE ( 'NONE', #4342, #1625 ) ;
#3006 = DIRECTION ( 'NONE',  ( 1.000000000000000000, 0.0000000000000000000, 0.0000000000000000000 ) ) ;
#3007 = DIRECTION ( 'NONE',  ( -0.0000000000000000000, -0.0000000000000000000, -1.000000000000000000 ) ) ;
#3008 = LENGTH_MEASURE_WITH_UNIT ( LENGTH_MEASURE( 0.02539999999999999897 ), #289 );
#3009 = CARTESIAN_POINT ( 'NONE',  ( 0.0000000000000000000, 0.0000000000000000000, 0.2007874015748032093 ) ) ;
#3010 = PRESENTATION_LAYER_ASSIGNMENT (  '', '', ( #6973 ) ) ;
#3011 = EDGE_CURVE ( 'NONE', #6413, #5060, #7172, .T. ) ;
#3012 = ORIENTED_EDGE ( 'NONE', *, *, #1774, .F. ) ;
#3013 = EDGE_CURVE ( 'NONE', #5735, #7514, #7262, .T. ) ;
#3014 = CARTESIAN_POINT ( 'NONE',  ( 0.0000000000000000000, 0.0000000000000000000, -1.385826771653543510 ) ) ;
#3015 = CARTESIAN_POINT ( 'NONE',  ( -0.06334935371447217300, 0.1654521748393905090, 0.2480314960629921572 ) ) ;
#3016 = CARTESIAN_POINT ( 'NONE',  ( -0.02952755905511811330, 0.09389165368277065105, -1.346456692913385877 ) ) ;
#3017 = ORIENTED_EDGE ( 'NONE', *, *, #2901, .T. ) ;
#3018 = CARTESIAN_POINT ( 'NONE',  ( -0.08858267716535508929, -0.1534296975208646885, 0.03937007874015747977 ) ) ;
#3019 = ORIENTED_EDGE ( 'NONE', *, *, #8005, .F. ) ;
#3020 = DIRECTION ( 'NONE',  ( -1.000000000000000000, 0.0000000000000000000, 0.0000000000000000000 ) ) ;
#3021 = DIRECTION ( 'NONE',  ( 1.000000000000000000, 0.0000000000000000000, 0.0000000000000000000 ) ) ;
#3022 = LENGTH_MEASURE_WITH_UNIT ( LENGTH_MEASURE( 0.02539999999999999897 ), #302 );
#3023 = COLOUR_RGB ( '',0.2509803921568627416, 0.2509803921568627416, 0.2509803921568627416 ) ;
#3024 = CIRCLE ( 'NONE', #3463, 0.09842519685039410882 ) ;
#3025 = CARTESIAN_POINT ( 'NONE',  ( -0.1467150590551180855, 1.796741274585652808E-17, -1.543307086614173151 ) ) ;
#3026 = ORIENTED_EDGE ( 'NONE', *, *, #1591, .F. ) ;
#3027 = LENGTH_MEASURE_WITH_UNIT ( LENGTH_MEASURE( 0.02539999999999999897 ), #3834 );
#3028 =( GEOMETRIC_REPRESENTATION_CONTEXT ( 3 ) GLOBAL_UNCERTAINTY_ASSIGNED_CONTEXT ( ( #2986 ) ) GLOBAL_UNIT_ASSIGNED_CONTEXT ( ( #8042, #1799, #705 ) ) REPRESENTATION_CONTEXT ( 'NONE', 'WORKASPACE' ) );
#3029 = SURFACE_STYLE_FILL_AREA ( #5013 ) ;
#3030 = ORIENTED_EDGE ( 'NONE', *, *, #662, .T. ) ;
#3031 = MECHANICAL_DESIGN_GEOMETRIC_PRESENTATION_REPRESENTATION (  '', ( #6711 ), #8139 ) ;
#3032 = CARTESIAN_POINT ( 'NONE',  ( 0.1633858267716535861, 0.0000000000000000000, 0.2007874015748031260 ) ) ;
#3033 = VECTOR ( 'NONE', #5075, 39.37007874015748143 ) ;
#3034 = PRESENTATION_LAYER_ASSIGNMENT (  '', '', ( #2477 ) ) ;
#3035 = AXIS2_PLACEMENT_3D ( 'NONE', #5785, #1080, #3766 ) ;
#3036 = PLANE ( 'NONE',  #5977 ) ;
#3037 = VERTEX_POINT ( 'NONE', #6551 ) ;
#3038 =( CONVERSION_BASED_UNIT ( 'INCH', #402 ) LENGTH_UNIT ( ) NAMED_UNIT ( #5336 ) );
#3039 = LINE ( 'NONE', #5732, #1534 ) ;
#3040 = LINE ( 'NONE', #3752, #4986 ) ;
#3041 = CARTESIAN_POINT ( 'NONE',  ( -0.1141732283464566844, 0.02952755905511811330, -1.622047244094488194 ) ) ;
#3042 = STYLED_ITEM ( 'NONE', ( #2338 ), #6940 ) ;
#3043 = EDGE_CURVE ( 'NONE', #6672, #5818, #6416, .T. ) ;
#3044 = PLANE ( 'NONE',  #1533 ) ;
#3045 = VECTOR ( 'NONE', #4624, 39.37007874015748143 ) ;
#3046 = ORIENTED_EDGE ( 'NONE', *, *, #4726, .T. ) ;
#3047 = AXIS2_PLACEMENT_3D ( 'NONE', #8583, #8677, #5982 ) ;
#3048 = SURFACE_SIDE_STYLE ('',( #1601 ) ) ;
#3049 =( LENGTH_UNIT ( ) NAMED_UNIT ( * ) SI_UNIT ( $, .METRE. ) );
#3050 = EDGE_CURVE ( 'NONE', #8471, #1423, #1648, .T. ) ;
#3051 = CARTESIAN_POINT ( 'NONE',  ( 0.02952755905511811330, 0.1141732283464566844, -1.661417322834645827 ) ) ;
#3052 = ORIENTED_EDGE ( 'NONE', *, *, #651, .F. ) ;
#3053 = DIRECTION ( 'NONE',  ( -1.000000000000000000, 0.0000000000000000000, 0.0000000000000000000 ) ) ;
#3054 =( GEOMETRIC_REPRESENTATION_CONTEXT ( 3 ) GLOBAL_UNCERTAINTY_ASSIGNED_CONTEXT ( ( #5729 ) ) GLOBAL_UNIT_ASSIGNED_CONTEXT ( ( #7029, #4978, #1685 ) ) REPRESENTATION_CONTEXT ( 'NONE', 'WORKASPACE' ) );
#3055 = CARTESIAN_POINT ( 'NONE',  ( 0.0000000000000000000, 0.0000000000000000000, -1.385826771653543510 ) ) ;
#3056 = VERTEX_POINT ( 'NONE', #5793 ) ;
#3057 = DIRECTION ( 'NONE',  ( 1.000000000000000000, 0.0000000000000000000, 0.0000000000000000000 ) ) ;
#3058 = FILL_AREA_STYLE_COLOUR ( '', #8374 ) ;
#3059 = EDGE_CURVE ( 'NONE', #8639, #5056, #517, .T. ) ;
#3060 = ADVANCED_FACE ( 'NONE', ( #4433 ), #3195, .F. ) ;
#3061 = VECTOR ( 'NONE', #5132, 39.37007874015748143 ) ;
#3062 = AXIS2_PLACEMENT_3D ( 'NONE', #3340, #1275, #6611 ) ;
#3063 = VECTOR ( 'NONE', #5612, 39.37007874015748143 ) ;
#3064 = FILL_AREA_STYLE_COLOUR ( '', #8504 ) ;
#3065 = VERTEX_POINT ( 'NONE', #735 ) ;
#3066 = DIMENSIONAL_EXPONENTS ( 1.000000000000000000, 0.0000000000000000000, 0.0000000000000000000, 0.0000000000000000000, 0.0000000000000000000, 0.0000000000000000000, 0.0000000000000000000 ) ;
#3067 = FILL_AREA_STYLE_COLOUR ( '', #8155 ) ;
#3068 = DIRECTION ( 'NONE',  ( 0.0000000000000000000, 0.0000000000000000000, 1.000000000000000000 ) ) ;
#3069 = LENGTH_MEASURE_WITH_UNIT ( LENGTH_MEASURE( 0.02539999999999999897 ), #348 );
#3070 = ORIENTED_EDGE ( 'NONE', *, *, #2620, .F. ) ;
#3071 =( CONVERSION_BASED_UNIT ( 'INCH', #2941 ) LENGTH_UNIT ( ) NAMED_UNIT ( #205 ) );
#3072 = STYLED_ITEM ( 'NONE', ( #6095 ), #4840 ) ;
#3073 =( GEOMETRIC_REPRESENTATION_CONTEXT ( 3 ) GLOBAL_UNCERTAINTY_ASSIGNED_CONTEXT ( ( #531 ) ) GLOBAL_UNIT_ASSIGNED_CONTEXT ( ( #8404, #334, #294 ) ) REPRESENTATION_CONTEXT ( 'NONE', 'WORKASPACE' ) );
#3074 = CARTESIAN_POINT ( 'NONE',  ( -0.05817145902824114728, 0.1505710246549112064, 0.4298724771940015676 ) ) ;
#3075 = VERTEX_POINT ( 'NONE', #3420 ) ;
#3076 = CARTESIAN_POINT ( 'NONE',  ( -0.02952755905511811330, -0.1141732283464566844, -1.425196850393700698 ) ) ;
#3077 = DIRECTION ( 'NONE',  ( -1.000000000000000000, 0.0000000000000000000, 0.0000000000000000000 ) ) ;
#3078 = VECTOR ( 'NONE', #6485, 39.37007874015748143 ) ;
#3079 = DIRECTION ( 'NONE',  ( 0.0000000000000000000, 0.0000000000000000000, -1.000000000000000000 ) ) ;
#3080 = VERTEX_POINT ( 'NONE', #1876 ) ;
#3081 = DIRECTION ( 'NONE',  ( 0.0000000000000000000, 0.0000000000000000000, 1.000000000000000000 ) ) ;
#3082 = CARTESIAN_POINT ( 'NONE',  ( 0.02952755905511811330, -0.1141732283464566844, -1.385826771653543510 ) ) ;
#3083 = FILL_AREA_STYLE ('',( #4935 ) ) ;
#3084 = PRESENTATION_STYLE_ASSIGNMENT (( #8518 ) ) ;
#3085 = FILL_AREA_STYLE ('',( #413 ) ) ;
#3086 = AXIS2_PLACEMENT_3D ( 'NONE', #4779, #1385, #1433 ) ;
#3087 = PRESENTATION_STYLE_ASSIGNMENT (( #3764 ) ) ;
#3088 = ORIENTED_EDGE ( 'NONE', *, *, #7527, .F. ) ;
#3089 = FILL_AREA_STYLE_COLOUR ( '', #5853 ) ;
#3090 = ADVANCED_FACE ( 'NONE', ( #4562 ), #5969, .T. ) ;
#3091 = FILL_AREA_STYLE ('',( #5035 ) ) ;
#3092 =( NAMED_UNIT ( * ) PLANE_ANGLE_UNIT ( ) SI_UNIT ( $, .RADIAN. ) );
#3093 = PRESENTATION_STYLE_ASSIGNMENT (( #2964 ) ) ;
#3094 =( LENGTH_UNIT ( ) NAMED_UNIT ( * ) SI_UNIT ( $, .METRE. ) );
#3095 = STYLED_ITEM ( 'NONE', ( #8766 ), #5791 ) ;
#3096 = LINE ( 'NONE', #3817, #2934 ) ;
#3097 = ORIENTED_EDGE ( 'NONE', *, *, #540, .T. ) ;
#3098 = LINE ( 'NONE', #1786, #6407 ) ;
#3099 = DIRECTION ( 'NONE',  ( 0.0000000000000000000, -1.000000000000000000, 0.0000000000000000000 ) ) ;
#3100 = ADVANCED_FACE ( 'NONE', ( #8303 ), #6867, .F. ) ;
#3101 = FILL_AREA_STYLE_COLOUR ( '', #1420 ) ;
#3102 = DIRECTION ( 'NONE',  ( 0.0000000000000000000, 0.0000000000000000000, -1.000000000000000000 ) ) ;
#3103 = ORIENTED_EDGE ( 'NONE', *, *, #7503, .F. ) ;
#3104 =( NAMED_UNIT ( * ) PLANE_ANGLE_UNIT ( ) SI_UNIT ( $, .RADIAN. ) );
#3105 = PLANE ( 'NONE',  #8379 ) ;
#3106 = STYLED_ITEM ( 'NONE', ( #22 ), #5904 ) ;
#3107 =( LENGTH_UNIT ( ) NAMED_UNIT ( * ) SI_UNIT ( $, .METRE. ) );
#3108 = PRESENTATION_LAYER_ASSIGNMENT (  '', '', ( #2853 ) ) ;
#3109 = ADVANCED_FACE ( 'NONE', ( #2835 ), #2175, .F. ) ;
#3110 = CARTESIAN_POINT ( 'NONE',  ( -0.09570420454949646327, -0.2584392716516821231, 0.2007874015748032093 ) ) ;
#3111 = ORIENTED_EDGE ( 'NONE', *, *, #1818, .F. ) ;
#3112 = LENGTH_MEASURE_WITH_UNIT ( LENGTH_MEASURE( 0.02539999999999999897 ), #2634 );
#3113 = LINE ( 'NONE', #6522, #6320 ) ;
#3114 = ORIENTED_EDGE ( 'NONE', *, *, #6066, .T. ) ;
#3115 = DIRECTION ( 'NONE',  ( 0.0000000000000000000, 0.0000000000000000000, 1.000000000000000000 ) ) ;
#3116 = CIRCLE ( 'NONE', #2696, 0.09842519685039410882 ) ;
#3117 = CIRCLE ( 'NONE', #8082, 0.02952755905511810289 ) ;
#3118 = CARTESIAN_POINT ( 'NONE',  ( -0.02952755905511811330, 0.1141732283464566844, -1.385826771653543510 ) ) ;
#3119 = ORIENTED_EDGE ( 'NONE', *, *, #5163, .F. ) ;
#3120 = EDGE_CURVE ( 'NONE', #3549, #2408, #7271, .T. ) ;
#3121 = ORIENTED_EDGE ( 'NONE', *, *, #2943, .T. ) ;
#3122 = EDGE_CURVE ( 'NONE', #5796, #4353, #3005, .T. ) ;
#3123 = STYLED_ITEM ( 'NONE', ( #6329 ), #1350 ) ;
#3124 = CARTESIAN_POINT ( 'NONE',  ( 0.02952755905511810289, 0.09389165368277065105, -1.307086614173228467 ) ) ;
#3125 = MECHANICAL_DESIGN_GEOMETRIC_PRESENTATION_REPRESENTATION (  '', ( #5941 ), #3422 ) ;
#3126 =( LENGTH_UNIT ( ) NAMED_UNIT ( * ) SI_UNIT ( $, .METRE. ) );
#3127 = ORIENTED_EDGE ( 'NONE', *, *, #8057, .F. ) ;
#3128 = DIRECTION ( 'NONE',  ( 1.000000000000000000, 0.0000000000000000000, 0.0000000000000000000 ) ) ;
#3129 =( NAMED_UNIT ( * ) PLANE_ANGLE_UNIT ( ) SI_UNIT ( $, .RADIAN. ) );
#3130 = SURFACE_STYLE_FILL_AREA ( #8516 ) ;
#3131 = CARTESIAN_POINT ( 'NONE',  ( 0.02952755905511811330, -0.1141732283464566844, -1.464566929133858109 ) ) ;
#3132 = DIMENSIONAL_EXPONENTS ( 1.000000000000000000, 0.0000000000000000000, 0.0000000000000000000, 0.0000000000000000000, 0.0000000000000000000, 0.0000000000000000000, 0.0000000000000000000 ) ;
#3133 = CARTESIAN_POINT ( 'NONE',  ( 0.0000000000000000000, 0.0000000000000000000, -1.503937007874015741 ) ) ;
#3134 = LINE ( 'NONE', #5913, #3867 ) ;
#3135 = CIRCLE ( 'NONE', #6671, 0.09842519685039410882 ) ;
#3136 = FACE_OUTER_BOUND ( 'NONE', #1434, .T. ) ;
#3137 = ORIENTED_EDGE ( 'NONE', *, *, #6299, .T. ) ;
#3138 =( NAMED_UNIT ( * ) PLANE_ANGLE_UNIT ( ) SI_UNIT ( $, .RADIAN. ) );
#3139 =( CONVERSION_BASED_UNIT ( 'INCH', #2525 ) LENGTH_UNIT ( ) NAMED_UNIT ( #1784 ) );
#3140 = VECTOR ( 'NONE', #6341, 39.37007874015748143 ) ;
#3141 = CARTESIAN_POINT ( 'NONE',  ( -0.1102362204724409434, 0.03149606299212599769, 0.1968503936985494807 ) ) ;
#3142 = AXIS2_PLACEMENT_3D ( 'NONE', #5179, #5310, #1272 ) ;
#3143 = CARTESIAN_POINT ( 'NONE',  ( -0.1009673307018806171, 0.1407609965404376384, 0.2007874015748031260 ) ) ;
#3144 = DIRECTION ( 'NONE',  ( 0.0000000000000000000, 1.000000000000000000, 0.0000000000000000000 ) ) ;
#3145 = EDGE_LOOP ( 'NONE', ( #1414, #5, #8202, #2874 ) ) ;
#3146 = DIRECTION ( 'NONE',  ( 0.0000000000000000000, 0.0000000000000000000, 1.000000000000000000 ) ) ;
#3147 = DIRECTION ( 'NONE',  ( 0.0000000000000000000, 0.0000000000000000000, -1.000000000000000000 ) ) ;
#3148 =( CONVERSION_BASED_UNIT ( 'INCH', #3368 ) LENGTH_UNIT ( ) NAMED_UNIT ( #6644 ) );
#3149 = CARTESIAN_POINT ( 'NONE',  ( -0.09389165368277065105, -0.02952755905511811330, -1.700787401574803237 ) ) ;
#3150 = SURFACE_SIDE_STYLE ('',( #7175 ) ) ;
#3151 = EDGE_LOOP ( 'NONE', ( #1723, #159, #3127, #2827 ) ) ;
#3152 =( NAMED_UNIT ( * ) SI_UNIT ( $, .STERADIAN. ) SOLID_ANGLE_UNIT ( ) );
#3153 = AXIS2_PLACEMENT_3D ( 'NONE', #1730, #3714, #4420 ) ;
#3154 =( LENGTH_UNIT ( ) NAMED_UNIT ( * ) SI_UNIT ( $, .METRE. ) );
#3155 = CARTESIAN_POINT ( 'NONE',  ( -0.05817145902824096687, -0.1505710246549112896, 0.4298724771940015676 ) ) ;
#3156 = ADVANCED_FACE ( 'NONE', ( #4468 ), #5006, .T. ) ;
#3157 = CARTESIAN_POINT ( 'NONE',  ( 0.1141732283464566844, -0.02952755905511811330, -1.464566929133858109 ) ) ;
#3158 = ORIENTED_EDGE ( 'NONE', *, *, #4416, .F. ) ;
#3159 = EDGE_LOOP ( 'NONE', ( #2422, #774, #3626, #4083, #3798, #806 ) ) ;
#3160 =( LENGTH_UNIT ( ) NAMED_UNIT ( * ) SI_UNIT ( $, .METRE. ) );
#3161 = COLOUR_RGB ( '',0.7450980392156862919, 0.7450980392156862919, 0.7450980392156862919 ) ;
#3162 = CARTESIAN_POINT ( 'NONE',  ( 0.0000000000000000000, 0.0000000000000000000, -1.181102362204724310 ) ) ;
#3163 = ADVANCED_FACE ( 'NONE', ( #6456 ), #1125, .F. ) ;
#3164 = CARTESIAN_POINT ( 'NONE',  ( 0.1771653543307086798, 0.0000000000000000000, 0.2007874015748031260 ) ) ;
#3165 = ORIENTED_EDGE ( 'NONE', *, *, #7728, .T. ) ;
#3166 = PRODUCT_DEFINITION_SHAPE ( 'NONE', 'NONE',  #1803 ) ;
#3167 = ORIENTED_EDGE ( 'NONE', *, *, #2296, .F. ) ;
#3168 =( NAMED_UNIT ( * ) SI_UNIT ( $, .STERADIAN. ) SOLID_ANGLE_UNIT ( ) );
#3169 = ORIENTED_EDGE ( 'NONE', *, *, #5171, .F. ) ;
#3170 = CARTESIAN_POINT ( 'NONE',  ( -0.01574803149606297456, -0.09055118110236221041, 0.1968503936985494807 ) ) ;
#3171 = FACE_OUTER_BOUND ( 'NONE', #6536, .T. ) ;
#3172 =( NAMED_UNIT ( * ) PLANE_ANGLE_UNIT ( ) SI_UNIT ( $, .RADIAN. ) );
#3173 =( NAMED_UNIT ( * ) SI_UNIT ( $, .STERADIAN. ) SOLID_ANGLE_UNIT ( ) );
#3174 = MECHANICAL_DESIGN_GEOMETRIC_PRESENTATION_REPRESENTATION (  '', ( #7840 ), #5286 ) ;
#3175 = EDGE_CURVE ( 'NONE', #4393, #960, #8654, .T. ) ;
#3176 = STYLED_ITEM ( 'NONE', ( #190 ), #3870 ) ;
#3177 = SURFACE_STYLE_USAGE ( .BOTH. , #1199 ) ;
#3178 = ADVANCED_FACE ( 'NONE', ( #5917 ), #680, .F. ) ;
#3179 = MECHANICAL_DESIGN_GEOMETRIC_PRESENTATION_REPRESENTATION (  '', ( #2892 ), #4859 ) ;
#3180 = UNCERTAINTY_MEASURE_WITH_UNIT (LENGTH_MEASURE( 1.000000000000000082E-05 ), #8367, 'distance_accuracy_value', 'NONE');
#3181 = DIRECTION ( 'NONE',  ( 0.0000000000000000000, 1.000000000000000000, 0.0000000000000000000 ) ) ;
#3182 = ORIENTED_EDGE ( 'NONE', *, *, #3405, .F. ) ;
#3183 = CARTESIAN_POINT ( 'NONE',  ( -0.02952755905511811330, 0.09389165368277023471, -1.307086614173228467 ) ) ;
#3184 = ORIENTED_EDGE ( 'NONE', *, *, #4159, .T. ) ;
#3185 = DIRECTION ( 'NONE',  ( 0.0000000000000000000, 0.0000000000000000000, 1.000000000000000000 ) ) ;
#3186 = STYLED_ITEM ( 'NONE', ( #6488 ), #3321 ) ;
#3187 = DIRECTION ( 'NONE',  ( 0.0000000000000000000, 0.0000000000000000000, 1.000000000000000000 ) ) ;
#3188 = LENGTH_MEASURE_WITH_UNIT ( LENGTH_MEASURE( 0.02539999999999999897 ), #6641 );
#3189 = CARTESIAN_POINT ( 'NONE',  ( 0.0000000000000000000, 0.0000000000000000000, -1.503937007874015741 ) ) ;
#3190 = STYLED_ITEM ( 'NONE', ( #7166 ), #6753 ) ;
#3191 = DIMENSIONAL_EXPONENTS ( 1.000000000000000000, 0.0000000000000000000, 0.0000000000000000000, 0.0000000000000000000, 0.0000000000000000000, 0.0000000000000000000, 0.0000000000000000000 ) ;
#3192 = AXIS2_PLACEMENT_3D ( 'NONE', #5635, #7055, #8417 ) ;
#3193 = DIRECTION ( 'NONE',  ( 0.0000000000000000000, 0.0000000000000000000, -1.000000000000000000 ) ) ;
#3194 = ORIENTED_EDGE ( 'NONE', *, *, #5963, .F. ) ;
#3195 = PLANE ( 'NONE',  #1478 ) ;
#3196 = LINE ( 'NONE', #1265, #7597 ) ;
#3197 = LENGTH_MEASURE_WITH_UNIT ( LENGTH_MEASURE( 0.02539999999999999897 ), #7982 );
#3198 = STYLED_ITEM ( 'NONE', ( #1136 ), #7107 ) ;
#3199 = ORIENTED_EDGE ( 'NONE', *, *, #6585, .T. ) ;
#3200 =( CONVERSION_BASED_UNIT ( 'INCH', #5357 ) LENGTH_UNIT ( ) NAMED_UNIT ( #4887 ) );
#3201 = LINE ( 'NONE', #5890, #3543 ) ;
#3202 = CARTESIAN_POINT ( 'NONE',  ( -0.09570420454949646327, -0.2584392716516821231, 0.2007874015748032093 ) ) ;
#3203 = VECTOR ( 'NONE', #4099, 39.37007874015748143 ) ;
#3204 = CARTESIAN_POINT ( 'NONE',  ( 0.1141732283464566844, -0.02952755905511811330, -1.307086614173228467 ) ) ;
#3205 = VERTEX_POINT ( 'NONE', #3366 ) ;
#3206 = PLANE ( 'NONE',  #5299 ) ;
#3207 = ORIENTED_EDGE ( 'NONE', *, *, #2532, .F. ) ;
#3208 = MECHANICAL_DESIGN_GEOMETRIC_PRESENTATION_REPRESENTATION (  '', ( #7903 ), #2238 ) ;
#3209 = STYLED_ITEM ( 'NONE', ( #812 ), #7538 ) ;
#3210 = DIMENSIONAL_EXPONENTS ( 1.000000000000000000, 0.0000000000000000000, 0.0000000000000000000, 0.0000000000000000000, 0.0000000000000000000, 0.0000000000000000000, 0.0000000000000000000 ) ;
#3211 = AXIS2_PLACEMENT_3D ( 'NONE', #6322, #4289, #6943 ) ;
#3212 = VECTOR ( 'NONE', #7267, 39.37007874015748143 ) ;
#3213 = ORIENTED_EDGE ( 'NONE', *, *, #1500, .F. ) ;
#3214 = CIRCLE ( 'NONE', #7313, 0.09842519685039410882 ) ;
#3215 = VERTEX_POINT ( 'NONE', #3183 ) ;
#3216 = FILL_AREA_STYLE ('',( #3887 ) ) ;
#3217 = ORIENTED_EDGE ( 'NONE', *, *, #8457, .T. ) ;
#3218 = EDGE_CURVE ( 'NONE', #2641, #843, #231, .T. ) ;
#3219 = DIRECTION ( 'NONE',  ( 0.0000000000000000000, 0.0000000000000000000, -1.000000000000000000 ) ) ;
#3220 = CARTESIAN_POINT ( 'NONE',  ( 0.02952755905511811330, -0.1141732283464566844, -1.543307086614173151 ) ) ;
#3221 = AXIS2_PLACEMENT_3D ( 'NONE', #7733, #7679, #1626 ) ;
#3222 = FILL_AREA_STYLE_COLOUR ( '', #4820 ) ;
#3223 = STYLED_ITEM ( 'NONE', ( #1834 ), #8099 ) ;
#3224 = LINE ( 'NONE', #3898, #2927 ) ;
#3225 = AXIS2_PLACEMENT_3D ( 'NONE', #5666, #5750, #5834 ) ;
#3226 = VERTEX_POINT ( 'NONE', #5250 ) ;
#3227 = SURFACE_STYLE_USAGE ( .BOTH. , #4034 ) ;
#3228 = AXIS2_PLACEMENT_3D ( 'NONE', #4500, #3801, #3664 ) ;
#3229 = VERTEX_POINT ( 'NONE', #4552 ) ;
#3230 = EDGE_CURVE ( 'NONE', #7685, #1745, #7988, .T. ) ;
#3231 = DIRECTION ( 'NONE',  ( 0.0000000000000000000, 0.0000000000000000000, 1.000000000000000000 ) ) ;
#3232 = EDGE_CURVE ( 'NONE', #5459, #1024, #103, .T. ) ;
#3233 = CARTESIAN_POINT ( 'NONE',  ( -0.1141732283464566844, 0.02952755905511811330, -1.385826771653543510 ) ) ;
#3234 = SURFACE_SIDE_STYLE ('',( #5164 ) ) ;
#3235 = LINE ( 'NONE', #2526, #6094 ) ;
#3236 = PRESENTATION_LAYER_ASSIGNMENT (  '', '', ( #6623 ) ) ;
#3237 =( LENGTH_UNIT ( ) NAMED_UNIT ( * ) SI_UNIT ( $, .METRE. ) );
#3238 = DIRECTION ( 'NONE',  ( 0.0000000000000000000, 0.0000000000000000000, 1.000000000000000000 ) ) ;
#3239 = ORIENTED_EDGE ( 'NONE', *, *, #4886, .T. ) ;
#3240 = PRESENTATION_LAYER_ASSIGNMENT (  '', '', ( #4371 ) ) ;
#3241 = EDGE_CURVE ( 'NONE', #6835, #2231, #4929, .T. ) ;
#3242 = LENGTH_MEASURE_WITH_UNIT ( LENGTH_MEASURE( 0.02539999999999999897 ), #5355 );
#3243 = SURFACE_STYLE_FILL_AREA ( #569 ) ;
#3244 = LINE ( 'NONE', #5931, #2495 ) ;
#3245 = DIRECTION ( 'NONE',  ( 1.000000000000000000, 0.0000000000000000000, 0.0000000000000000000 ) ) ;
#3246 = CARTESIAN_POINT ( 'NONE',  ( 0.02952755905511810289, 0.09389165368277065105, -1.346456692913385877 ) ) ;
#3247 = CARTESIAN_POINT ( 'NONE',  ( -0.02952755905511811330, -0.1141732283464566844, -1.307086614173228467 ) ) ;
#3248 = ORIENTED_EDGE ( 'NONE', *, *, #3997, .F. ) ;
#3249 = DIMENSIONAL_EXPONENTS ( 1.000000000000000000, 0.0000000000000000000, 0.0000000000000000000, 0.0000000000000000000, 0.0000000000000000000, 0.0000000000000000000, 0.0000000000000000000 ) ;
#3250 = SURFACE_STYLE_USAGE ( .BOTH. , #2589 ) ;
#3251 = CARTESIAN_POINT ( 'NONE',  ( 0.0000000000000000000, 0.0000000000000000000, 0.0000000000000000000 ) ) ;
#3252 = SURFACE_STYLE_FILL_AREA ( #4319 ) ;
#3253 = ORIENTED_EDGE ( 'NONE', *, *, #5658, .T. ) ;
#3254 = SURFACE_STYLE_FILL_AREA ( #1 ) ;
#3255 = CARTESIAN_POINT ( 'NONE',  ( -0.09389165368277065105, 0.02952755905511811330, -1.307086614173228467 ) ) ;
#3256 = CARTESIAN_POINT ( 'NONE',  ( 0.1763041338582677087, -0.01744749723059352275, 0.03937007874015751446 ) ) ;
#3257 = ORIENTED_EDGE ( 'NONE', *, *, #8377, .F. ) ;
#3258 = CARTESIAN_POINT ( 'NONE',  ( -0.05993590043039902920, -0.1462715604412141435, 0.2007874015748031260 ) ) ;
#3259 = CARTESIAN_POINT ( 'NONE',  ( 0.0000000000000000000, 0.0000000000000000000, -1.267716535433071057 ) ) ;
#3260 = CARTESIAN_POINT ( 'NONE',  ( 0.02952755905511811330, -0.09389165368277065105, -1.503937007874015741 ) ) ;
#3261 = ORIENTED_EDGE ( 'NONE', *, *, #7183, .T. ) ;
#3262 =( NAMED_UNIT ( * ) PLANE_ANGLE_UNIT ( ) SI_UNIT ( $, .RADIAN. ) );
#3263 = CIRCLE ( 'NONE', #7361, 0.003937007874015749712 ) ;
#3264 =( LENGTH_UNIT ( ) NAMED_UNIT ( * ) SI_UNIT ( $, .METRE. ) );
#3265 = ADVANCED_FACE ( 'NONE', ( #6136 ), #4890, .F. ) ;
#3266 = UNCERTAINTY_MEASURE_WITH_UNIT (LENGTH_MEASURE( 1.000000000000000082E-05 ), #3754, 'distance_accuracy_value', 'NONE');
#3267 = MECHANICAL_DESIGN_GEOMETRIC_PRESENTATION_REPRESENTATION (  '', ( #2139 ), #3840 ) ;
#3268 = LENGTH_MEASURE_WITH_UNIT ( LENGTH_MEASURE( 0.02539999999999999897 ), #5914 );
#3269 = CARTESIAN_POINT ( 'NONE',  ( 0.0000000000000000000, 0.0000000000000000000, -1.582677165354331006 ) ) ;
#3270 =( NAMED_UNIT ( * ) PLANE_ANGLE_UNIT ( ) SI_UNIT ( $, .RADIAN. ) );
#3271 = ORIENTED_EDGE ( 'NONE', *, *, #4876, .F. ) ;
#3272 = PRESENTATION_STYLE_ASSIGNMENT (( #4686 ) ) ;
#3273 = ORIENTED_EDGE ( 'NONE', *, *, #1754, .F. ) ;
#3274 = SURFACE_STYLE_USAGE ( .BOTH. , #5346 ) ;
#3275 = SURFACE_STYLE_USAGE ( .BOTH. , #6639 ) ;
#3276 = AXIS2_PLACEMENT_3D ( 'NONE', #4129, #6861, #4810 ) ;
#3277 = FACE_OUTER_BOUND ( 'NONE', #3765, .T. ) ;
#3278 = AXIS2_PLACEMENT_3D ( 'NONE', #1419, #5595, #6805 ) ;
#3279 = EDGE_CURVE ( 'NONE', #3075, #2312, #2783, .T. ) ;
#3280 = EDGE_LOOP ( 'NONE', ( #1710, #4320, #4984, #6120, #447, #6287, #8201, #4355, #7090, #8066, #8525, #3344, #8336, #6455, #3514, #4276 ) ) ;
#3281 = AXIS2_PLACEMENT_3D ( 'NONE', #5502, #6252, #2190 ) ;
#3282 = CARTESIAN_POINT ( 'NONE',  ( 0.02952755905511811330, 0.1141732283464566844, -1.700787401574803237 ) ) ;
#3283 = SURFACE_STYLE_USAGE ( .BOTH. , #8663 ) ;
#3284 = CARTESIAN_POINT ( 'NONE',  ( 0.1497908464566929110, 0.0000000000000000000, -1.464566929133858109 ) ) ;
#3285 = ORIENTED_EDGE ( 'NONE', *, *, #1729, .F. ) ;
#3286 = LINE ( 'NONE', #4004, #497 ) ;
#3287 = DIRECTION ( 'NONE',  ( -0.0000000000000000000, -0.0000000000000000000, -1.000000000000000000 ) ) ;
#3288 = LINE ( 'NONE', #1179, #37 ) ;
#3289 = DIRECTION ( 'NONE',  ( 0.0000000000000000000, 0.0000000000000000000, 1.000000000000000000 ) ) ;
#3290 = CIRCLE ( 'NONE', #4705, 0.1614173228346456601 ) ;
#3291 = EDGE_CURVE ( 'NONE', #1070, #4756, #6933, .T. ) ;
#3292 = ADVANCED_FACE ( 'NONE', ( #727, #889 ), #3451, .T. ) ;
#3293 = LINE ( 'NONE', #2759, #4296 ) ;
#3294 = CARTESIAN_POINT ( 'NONE',  ( -0.1141732283464566844, 0.02952755905511811330, -1.307086614173228467 ) ) ;
#3295 = ORIENTED_EDGE ( 'NONE', *, *, #57, .T. ) ;
#3296 = CIRCLE ( 'NONE', #3719, 0.01574803149606299885 ) ;
#3297 = SURFACE_STYLE_USAGE ( .BOTH. , #5316 ) ;
#3298 = SURFACE_STYLE_USAGE ( .BOTH. , #7319 ) ;
#3299 = ORIENTED_EDGE ( 'NONE', *, *, #3697, .F. ) ;
#3300 = LENGTH_MEASURE_WITH_UNIT ( LENGTH_MEASURE( 0.02539999999999999897 ), #7997 );
#3301 =( NAMED_UNIT ( * ) SI_UNIT ( $, .STERADIAN. ) SOLID_ANGLE_UNIT ( ) );
#3302 = FACE_OUTER_BOUND ( 'NONE', #4358, .T. ) ;
#3303 = ORIENTED_EDGE ( 'NONE', *, *, #1033, .T. ) ;
#3304 = EDGE_LOOP ( 'NONE', ( #1145, #5049, #5529, #6148 ) ) ;
#3305 = LINE ( 'NONE', #3928, #5141 ) ;
#3306 =( NAMED_UNIT ( * ) PLANE_ANGLE_UNIT ( ) SI_UNIT ( $, .RADIAN. ) );
#3307 = VERTEX_POINT ( 'NONE', #3076 ) ;
#3308 = SURFACE_STYLE_FILL_AREA ( #5863 ) ;
#3309 = CARTESIAN_POINT ( 'NONE',  ( -0.09389165368277065105, -0.02952755905511811330, -1.700787401574803237 ) ) ;
#3310 = PRESENTATION_STYLE_ASSIGNMENT (( #5951 ) ) ;
#3311 = DIMENSIONAL_EXPONENTS ( 1.000000000000000000, 0.0000000000000000000, 0.0000000000000000000, 0.0000000000000000000, 0.0000000000000000000, 0.0000000000000000000, 0.0000000000000000000 ) ;
#3312 = DIRECTION ( 'NONE',  ( 0.0000000000000000000, 0.0000000000000000000, 1.000000000000000000 ) ) ;
#3313 = VECTOR ( 'NONE', #6505, 39.37007874015748143 ) ;
#3314 = PRESENTATION_STYLE_ASSIGNMENT (( #5247 ) ) ;
#3315 = SURFACE_SIDE_STYLE ('',( #7922 ) ) ;
#3316 = ORIENTED_EDGE ( 'NONE', *, *, #4053, .T. ) ;
#3317 =( CONVERSION_BASED_UNIT ( 'INCH', #2654 ) LENGTH_UNIT ( ) NAMED_UNIT ( #2278 ) );
#3318 = ORIENTED_EDGE ( 'NONE', *, *, #523, .F. ) ;
#3319 =( LENGTH_UNIT ( ) NAMED_UNIT ( * ) SI_UNIT ( $, .METRE. ) );
#3320 = AXIS2_PLACEMENT_3D ( 'NONE', #1936, #5234, #6662 ) ;
#3321 = ADVANCED_FACE ( 'NONE', ( #2419 ), #313, .T. ) ;
#3322 = AXIS2_PLACEMENT_3D ( 'NONE', #7340, #3231, #6637 ) ;
#3323 = DIRECTION ( 'NONE',  ( -1.000000000000000000, 0.0000000000000000000, 0.0000000000000000000 ) ) ;
#3324 = LINE ( 'NONE', #8748, #1732 ) ;
#3325 = SURFACE_STYLE_FILL_AREA ( #7890 ) ;
#3326 = AXIS2_PLACEMENT_3D ( 'NONE', #3381, #2752, #691 ) ;
#3327 = DIRECTION ( 'NONE',  ( -1.000000000000000000, 0.0000000000000000000, 0.0000000000000000000 ) ) ;
#3328 = ORIENTED_EDGE ( 'NONE', *, *, #7688, .F. ) ;
#3329 =( GEOMETRIC_REPRESENTATION_CONTEXT ( 3 ) GLOBAL_UNCERTAINTY_ASSIGNED_CONTEXT ( ( #1253 ) ) GLOBAL_UNIT_ASSIGNED_CONTEXT ( ( #5771, #2290, #5816 ) ) REPRESENTATION_CONTEXT ( 'NONE', 'WORKASPACE' ) );
#3330 = SURFACE_STYLE_FILL_AREA ( #2706 ) ;
#3331 = PLANE ( 'NONE',  #8091 ) ;
#3332 = EDGE_CURVE ( 'NONE', #4156, #1024, #6001, .T. ) ;
#3333 = DIRECTION ( 'NONE',  ( 0.0000000000000000000, 0.0000000000000000000, 1.000000000000000000 ) ) ;
#3334 =( NAMED_UNIT ( * ) SI_UNIT ( $, .STERADIAN. ) SOLID_ANGLE_UNIT ( ) );
#3335 = PRESENTATION_LAYER_ASSIGNMENT (  '', '', ( #1364 ) ) ;
#3336 = LINE ( 'NONE', #3960, #5252 ) ;
#3337 = STYLED_ITEM ( 'NONE', ( #6072 ), #3603 ) ;
#3338 = DIRECTION ( 'NONE',  ( 0.0000000000000000000, 0.0000000000000000000, 1.000000000000000000 ) ) ;
#3339 = AXIS2_PLACEMENT_3D ( 'NONE', #4714, #5820, #618 ) ;
#3340 = CARTESIAN_POINT ( 'NONE',  ( 0.1771653543307086798, 0.0000000000000000000, 0.03937007874015747977 ) ) ;
#3341 = SURFACE_SIDE_STYLE ('',( #7408 ) ) ;
#3342 = ORIENTED_EDGE ( 'NONE', *, *, #5064, .T. ) ;
#3343 =( NAMED_UNIT ( * ) SI_UNIT ( $, .STERADIAN. ) SOLID_ANGLE_UNIT ( ) );
#3344 = ORIENTED_EDGE ( 'NONE', *, *, #7549, .F. ) ;
#3345 = ADVANCED_FACE ( 'NONE', ( #7104 ), #6312, .F. ) ;
#3346 = DIRECTION ( 'NONE',  ( -0.0000000000000000000, -0.0000000000000000000, -1.000000000000000000 ) ) ;
#3347 = DIRECTION ( 'NONE',  ( 0.0000000000000000000, -1.000000000000000000, 0.0000000000000000000 ) ) ;
#3348 = EDGE_CURVE ( 'NONE', #5874, #345, #3305, .T. ) ;
#3349 = STYLED_ITEM ( 'NONE', ( #74 ), #7275 ) ;
#3350 = UNCERTAINTY_MEASURE_WITH_UNIT (LENGTH_MEASURE( 1.000000000000000082E-05 ), #3380, 'distance_accuracy_value', 'NONE');
#3351 =( NAMED_UNIT ( * ) PLANE_ANGLE_UNIT ( ) SI_UNIT ( $, .RADIAN. ) );
#3352 = LINE ( 'NONE', #7501, #5769 ) ;
#3353 = ORIENTED_EDGE ( 'NONE', *, *, #4640, .T. ) ;
#3354 = CARTESIAN_POINT ( 'NONE',  ( -0.09389165368277065105, 0.02952755905511811330, -1.582677165354331006 ) ) ;
#3355 = CARTESIAN_POINT ( 'NONE',  ( -0.09389165368277065105, 0.02952755905511811330, -1.543307086614173151 ) ) ;
#3356 = ORIENTED_EDGE ( 'NONE', *, *, #7273, .T. ) ;
#3357 = LINE ( 'NONE', #2511, #5573 ) ;
#3358 =( LENGTH_UNIT ( ) NAMED_UNIT ( * ) SI_UNIT ( $, .METRE. ) );
#3359 = PRESENTATION_LAYER_ASSIGNMENT (  '', '', ( #5178 ) ) ;
#3360 = CONICAL_SURFACE ( 'NONE', #1110, 0.1377952755905511584, 0.03904264995516706221 ) ;
#3361 = VECTOR ( 'NONE', #7362, 39.37007874015748143 ) ;
#3362 = UNCERTAINTY_MEASURE_WITH_UNIT (LENGTH_MEASURE( 1.000000000000000082E-05 ), #4264, 'distance_accuracy_value', 'NONE');
#3363 = CARTESIAN_POINT ( 'NONE',  ( 0.02952755905511811330, -0.09389165368277065105, -1.267716535433071057 ) ) ;
#3364 = CARTESIAN_POINT ( 'NONE',  ( -0.1039438373518107722, 0.1234958735654132084, 0.2007874015748032093 ) ) ;
#3365 = ORIENTED_EDGE ( 'NONE', *, *, #1716, .T. ) ;
#3366 = CARTESIAN_POINT ( 'NONE',  ( 0.1141732283464566844, -0.02952755905511811330, -1.661417322834645827 ) ) ;
#3367 =( GEOMETRIC_REPRESENTATION_CONTEXT ( 3 ) GLOBAL_UNCERTAINTY_ASSIGNED_CONTEXT ( ( #7510 ) ) GLOBAL_UNIT_ASSIGNED_CONTEXT ( ( #885, #1582, #7063 ) ) REPRESENTATION_CONTEXT ( 'NONE', 'WORKASPACE' ) );
#3368 = LENGTH_MEASURE_WITH_UNIT ( LENGTH_MEASURE( 0.02539999999999999897 ), #7803 );
#3369 = ORIENTED_EDGE ( 'NONE', *, *, #5380, .T. ) ;
#3370 = SURFACE_STYLE_USAGE ( .BOTH. , #7437 ) ;
#3371 = AXIS2_PLACEMENT_3D ( 'NONE', #4563, #7213, #4609 ) ;
#3372 = DIRECTION ( 'NONE',  ( 0.0000000000000000000, 0.0000000000000000000, 1.000000000000000000 ) ) ;
#3373 = DIRECTION ( 'NONE',  ( -0.0000000000000000000, -0.0000000000000000000, -1.000000000000000000 ) ) ;
#3374 =( NAMED_UNIT ( * ) SI_UNIT ( $, .STERADIAN. ) SOLID_ANGLE_UNIT ( ) );
#3375 = MECHANICAL_DESIGN_GEOMETRIC_PRESENTATION_REPRESENTATION (  '', ( #1970 ), #6192 ) ;
#3376 = DIMENSIONAL_EXPONENTS ( 1.000000000000000000, 0.0000000000000000000, 0.0000000000000000000, 0.0000000000000000000, 0.0000000000000000000, 0.0000000000000000000, 0.0000000000000000000 ) ;
#3377 =( GEOMETRIC_REPRESENTATION_CONTEXT ( 3 ) GLOBAL_UNCERTAINTY_ASSIGNED_CONTEXT ( ( #5369 ) ) GLOBAL_UNIT_ASSIGNED_CONTEXT ( ( #7871, #7150, #3708 ) ) REPRESENTATION_CONTEXT ( 'NONE', 'WORKASPACE' ) );
#3378 = DIRECTION ( 'NONE',  ( 0.0000000000000000000, 0.0000000000000000000, -1.000000000000000000 ) ) ;
#3379 = ORIENTED_EDGE ( 'NONE', *, *, #2031, .T. ) ;
#3380 =( CONVERSION_BASED_UNIT ( 'INCH', #689 ) LENGTH_UNIT ( ) NAMED_UNIT ( #8196 ) );
#3381 = CARTESIAN_POINT ( 'NONE',  ( -0.04429133858267754464, 0.07671484876043234424, 0.03937007874015747977 ) ) ;
#3382 =( GEOMETRIC_REPRESENTATION_CONTEXT ( 3 ) GLOBAL_UNCERTAINTY_ASSIGNED_CONTEXT ( ( #8060 ) ) GLOBAL_UNIT_ASSIGNED_CONTEXT ( ( #7075, #3717, #7115 ) ) REPRESENTATION_CONTEXT ( 'NONE', 'WORKASPACE' ) );
#3383 =( NAMED_UNIT ( * ) SI_UNIT ( $, .STERADIAN. ) SOLID_ANGLE_UNIT ( ) );
#3384 = FILL_AREA_STYLE ('',( #823 ) ) ;
#3385 = DIRECTION ( 'NONE',  ( 1.000000000000000000, 0.0000000000000000000, 0.0000000000000000000 ) ) ;
#3386 =( LENGTH_UNIT ( ) NAMED_UNIT ( * ) SI_UNIT ( $, .METRE. ) );
#3387 = EDGE_CURVE ( 'NONE', #7556, #593, #3886, .T. ) ;
#3388 = LENGTH_MEASURE_WITH_UNIT ( LENGTH_MEASURE( 0.02539999999999999897 ), #1627 );
#3389 = PRESENTATION_STYLE_ASSIGNMENT (( #5407 ) ) ;
#3390 = ORIENTED_EDGE ( 'NONE', *, *, #4950, .F. ) ;
#3391 = SURFACE_SIDE_STYLE ('',( #2764 ) ) ;
#3392 = ORIENTED_EDGE ( 'NONE', *, *, #2880, .F. ) ;
#3393 = DIRECTION ( 'NONE',  ( 0.0000000000000000000, 0.0000000000000000000, -1.000000000000000000 ) ) ;
#3394 = LINE ( 'NONE', #659, #1932 ) ;
#3395 = DIRECTION ( 'NONE',  ( 1.000000000000000000, 0.0000000000000000000, 0.0000000000000000000 ) ) ;
#3396 = AXIS2_PLACEMENT_3D ( 'NONE', #5408, #784, #8083 ) ;
#3397 = EDGE_CURVE ( 'NONE', #6591, #4998, #7427, .T. ) ;
#3398 = FILL_AREA_STYLE ('',( #6954 ) ) ;
#3399 = VECTOR ( 'NONE', #6376, 39.37007874015748143 ) ;
#3400 = ORIENTED_EDGE ( 'NONE', *, *, #3499, .F. ) ;
#3401 = CARTESIAN_POINT ( 'NONE',  ( -0.1141732283464566844, -0.02952755905511811330, -1.464566929133858109 ) ) ;
#3402 = VERTEX_POINT ( 'NONE', #3258 ) ;
#3403 = PRESENTATION_STYLE_ASSIGNMENT (( #8328 ) ) ;
#3404 = SURFACE_SIDE_STYLE ('',( #6493 ) ) ;
#3405 = EDGE_CURVE ( 'NONE', #1356, #7494, #660, .T. ) ;
#3406 = EDGE_CURVE ( 'NONE', #913, #8544, #6284, .T. ) ;
#3407 = DIRECTION ( 'NONE',  ( 1.000000000000000000, 0.0000000000000000000, 0.0000000000000000000 ) ) ;
#3408 = FILL_AREA_STYLE ('',( #185 ) ) ;
#3409 = VERTEX_POINT ( 'NONE', #1992 ) ;
#3410 = MECHANICAL_DESIGN_GEOMETRIC_PRESENTATION_REPRESENTATION (  '', ( #5228 ), #2135 ) ;
#3411 = CARTESIAN_POINT ( 'NONE',  ( -0.1377952755905511584, 1.687505431895958879E-17, -1.771653543307086576 ) ) ;
#3412 = DIRECTION ( 'NONE',  ( 0.0000000000000000000, 0.0000000000000000000, -1.000000000000000000 ) ) ;
#3413 = ORIENTED_EDGE ( 'NONE', *, *, #8729, .F. ) ;
#3414 = SURFACE_STYLE_FILL_AREA ( #8206 ) ;
#3415 = CARTESIAN_POINT ( 'NONE',  ( -0.02952755905511811330, 0.1141732283464566844, -1.307086614173228467 ) ) ;
#3416 = MECHANICAL_DESIGN_GEOMETRIC_PRESENTATION_REPRESENTATION (  '', ( #310 ), #2972 ) ;
#3417 = DIRECTION ( 'NONE',  ( 1.000000000000000000, 0.0000000000000000000, 0.0000000000000000000 ) ) ;
#3418 = CARTESIAN_POINT ( 'NONE',  ( 0.02952755905511811330, -0.09389165368277065105, -1.700787401574803237 ) ) ;
#3419 = ORIENTED_EDGE ( 'NONE', *, *, #4029, .T. ) ;
#3420 = CARTESIAN_POINT ( 'NONE',  ( 0.09389165368277023471, 0.02952755905511811330, -1.307086614173228467 ) ) ;
#3421 = DIRECTION ( 'NONE',  ( 0.0000000000000000000, -1.000000000000000000, 0.0000000000000000000 ) ) ;
#3422 =( GEOMETRIC_REPRESENTATION_CONTEXT ( 3 ) GLOBAL_UNCERTAINTY_ASSIGNED_CONTEXT ( ( #433 ) ) GLOBAL_UNIT_ASSIGNED_CONTEXT ( ( #408, #2876, #7874 ) ) REPRESENTATION_CONTEXT ( 'NONE', 'WORKASPACE' ) );
#3423 = LINE ( 'NONE', #1475, #677 ) ;
#3424 = FILL_AREA_STYLE ('',( #4055 ) ) ;
#3425 = MECHANICAL_DESIGN_GEOMETRIC_PRESENTATION_REPRESENTATION (  '', ( #1589 ), #2987 ) ;
#3426 =( NAMED_UNIT ( * ) SI_UNIT ( $, .STERADIAN. ) SOLID_ANGLE_UNIT ( ) );
#3427 = VERTEX_POINT ( 'NONE', #7329 ) ;
#3428 = DIMENSIONAL_EXPONENTS ( 1.000000000000000000, 0.0000000000000000000, 0.0000000000000000000, 0.0000000000000000000, 0.0000000000000000000, 0.0000000000000000000, 0.0000000000000000000 ) ;
#3429 = DIRECTION ( 'NONE',  ( 1.000000000000000000, 0.0000000000000000000, 0.0000000000000000000 ) ) ;
#3430 = FILL_AREA_STYLE ('',( #833 ) ) ;
#3431 = CYLINDRICAL_SURFACE ( 'NONE', #1487, 0.003937007874015758385 ) ;
#3432 = ORIENTED_EDGE ( 'NONE', *, *, #2007, .T. ) ;
#3433 = CARTESIAN_POINT ( 'NONE',  ( 0.1141732283464566844, -0.02952755905511811330, -1.700787401574803237 ) ) ;
#3434 = VECTOR ( 'NONE', #8702, 39.37007874015748143 ) ;
#3435 =( LENGTH_UNIT ( ) NAMED_UNIT ( * ) SI_UNIT ( $, .METRE. ) );
#3436 = VECTOR ( 'NONE', #2560, 39.37007874015748143 ) ;
#3437 = SURFACE_STYLE_FILL_AREA ( #3398 ) ;
#3438 = DIRECTION ( 'NONE',  ( -1.000000000000000000, 0.0000000000000000000, 0.0000000000000000000 ) ) ;
#3439 = ORIENTED_EDGE ( 'NONE', *, *, #5216, .T. ) ;
#3440 = FILL_AREA_STYLE_COLOUR ( '', #6719 ) ;
#3441 = SURFACE_STYLE_FILL_AREA ( #3216 ) ;
#3442 = CARTESIAN_POINT ( 'NONE',  ( 0.09389165368277066492, -0.02952755905511809942, -1.346456692913385877 ) ) ;
#3443 = VERTEX_POINT ( 'NONE', #7870 ) ;
#3444 = LINE ( 'NONE', #4117, #2004 ) ;
#3445 = ADVANCED_FACE ( 'NONE', ( #5945 ), #1322, .T. ) ;
#3446 = CIRCLE ( 'NONE', #7825, 0.09842519685039410882 ) ;
#3447 = UNCERTAINTY_MEASURE_WITH_UNIT (LENGTH_MEASURE( 1.000000000000000082E-05 ), #2590, 'distance_accuracy_value', 'NONE');
#3448 =( NAMED_UNIT ( * ) PLANE_ANGLE_UNIT ( ) SI_UNIT ( $, .RADIAN. ) );
#3449 = DIRECTION ( 'NONE',  ( 0.0000000000000000000, 0.0000000000000000000, 1.000000000000000000 ) ) ;
#3450 = ORIENTED_EDGE ( 'NONE', *, *, #6636, .F. ) ;
#3451 = PLANE ( 'NONE',  #6426 ) ;
#3452 = SURFACE_STYLE_FILL_AREA ( #4164 ) ;
#3453 = EDGE_LOOP ( 'NONE', ( #2033, #6372, #7126, #3734 ) ) ;
#3454 =( NAMED_UNIT ( * ) PLANE_ANGLE_UNIT ( ) SI_UNIT ( $, .RADIAN. ) );
#3455 = EDGE_CURVE ( 'NONE', #1885, #3215, #5574, .T. ) ;
#3456 = DIRECTION ( 'NONE',  ( -1.000000000000000000, 0.0000000000000000000, 0.0000000000000000000 ) ) ;
#3457 = ADVANCED_FACE ( 'NONE', ( #6171 ), #4797, .F. ) ;
#3458 = LINE ( 'NONE', #5395, #4405 ) ;
#3459 =( LENGTH_UNIT ( ) NAMED_UNIT ( * ) SI_UNIT ( $, .METRE. ) );
#3460 = ORIENTED_EDGE ( 'NONE', *, *, #8712, .F. ) ;
#3461 = DIRECTION ( 'NONE',  ( -0.0000000000000000000, -0.0000000000000000000, -1.000000000000000000 ) ) ;
#3462 = COLOUR_RGB ( '',0.2509803921568627416, 0.2509803921568627416, 0.2509803921568627416 ) ;
#3463 = AXIS2_PLACEMENT_3D ( 'NONE', #3471, #6998, #1608 ) ;
#3464 =( NAMED_UNIT ( * ) SI_UNIT ( $, .STERADIAN. ) SOLID_ANGLE_UNIT ( ) );
#3465 = CARTESIAN_POINT ( 'NONE',  ( 0.02952755905511811330, -0.09389165368277065105, -1.543307086614173151 ) ) ;
#3466 = CYLINDRICAL_SURFACE ( 'NONE', #2702, 0.01574803149606299885 ) ;
#3467 = CARTESIAN_POINT ( 'NONE',  ( 0.02952755905511811330, 0.1141732283464566844, -1.307086614173228467 ) ) ;
#3468 = MECHANICAL_DESIGN_GEOMETRIC_PRESENTATION_REPRESENTATION (  '', ( #7851 ), #7426 ) ;
#3469 = COLOUR_RGB ( '',0.2509803921568627416, 0.2509803921568627416, 0.2509803921568627416 ) ;
#3470 = ORIENTED_EDGE ( 'NONE', *, *, #604, .T. ) ;
#3471 = CARTESIAN_POINT ( 'NONE',  ( 0.0000000000000000000, 0.0000000000000000000, -1.622047244094488194 ) ) ;
#3472 = ORIENTED_EDGE ( 'NONE', *, *, #7500, .T. ) ;
#3473 = AXIS2_PLACEMENT_3D ( 'NONE', #275, #6901, #894 ) ;
#3474 = FACE_OUTER_BOUND ( 'NONE', #6085, .T. ) ;
#3475 = ORIENTED_EDGE ( 'NONE', *, *, #7896, .F. ) ;
#3476 =( GEOMETRIC_REPRESENTATION_CONTEXT ( 3 ) GLOBAL_UNCERTAINTY_ASSIGNED_CONTEXT ( ( #5738 ) ) GLOBAL_UNIT_ASSIGNED_CONTEXT ( ( #5145, #3844, #8590 ) ) REPRESENTATION_CONTEXT ( 'NONE', 'WORKASPACE' ) );
#3477 = DIRECTION ( 'NONE',  ( 0.0000000000000000000, 0.0000000000000000000, 1.000000000000000000 ) ) ;
#3478 = MECHANICAL_DESIGN_GEOMETRIC_PRESENTATION_REPRESENTATION (  '', ( #3042 ), #4869 ) ;
#3479 = CARTESIAN_POINT ( 'NONE',  ( 0.1771653543307086798, 0.0000000000000000000, 0.03937007874015747977 ) ) ;
#3480 = ORIENTED_EDGE ( 'NONE', *, *, #1777, .T. ) ;
#3481 =( NAMED_UNIT ( * ) SI_UNIT ( $, .STERADIAN. ) SOLID_ANGLE_UNIT ( ) );
#3482 = ORIENTED_EDGE ( 'NONE', *, *, #3649, .T. ) ;
#3483 = MECHANICAL_DESIGN_GEOMETRIC_PRESENTATION_REPRESENTATION (  '', ( #384 ), #4193 ) ;
#3484 = PRESENTATION_LAYER_ASSIGNMENT (  '', '', ( #7575 ) ) ;
#3485 =( NAMED_UNIT ( * ) PLANE_ANGLE_UNIT ( ) SI_UNIT ( $, .RADIAN. ) );
#3486 = EDGE_CURVE ( 'NONE', #6050, #2231, #7276, .T. ) ;
#3487 = VERTEX_POINT ( 'NONE', #7590 ) ;
#3488 = CARTESIAN_POINT ( 'NONE',  ( -0.1141732283464566844, 0.02952755905511811330, -1.464566929133858109 ) ) ;
#3489 = FACE_OUTER_BOUND ( 'NONE', #8107, .T. ) ;
#3490 = EDGE_LOOP ( 'NONE', ( #5848, #7579, #6532, #7914 ) ) ;
#3491 = DIRECTION ( 'NONE',  ( -1.000000000000000000, 0.0000000000000000000, 0.0000000000000000000 ) ) ;
#3492 = LINE ( 'NONE', #8110, #8152 ) ;
#3493 =( NAMED_UNIT ( * ) SI_UNIT ( $, .STERADIAN. ) SOLID_ANGLE_UNIT ( ) );
#3494 = CARTESIAN_POINT ( 'NONE',  ( 0.1566428374084818387, 0.02122976784918762655, 0.2007874015748031260 ) ) ;
#3495 = AXIS2_PLACEMENT_3D ( 'NONE', #7464, #8233, #6888 ) ;
#3496 = AXIS2_PLACEMENT_3D ( 'NONE', #6267, #6318, #2995 ) ;
#3497 = CARTESIAN_POINT ( 'NONE',  ( -0.09389165368277065105, -0.02952755905511811330, -1.385826771653543510 ) ) ;
#3498 = VECTOR ( 'NONE', #112, 39.37007874015748143 ) ;
#3499 = EDGE_CURVE ( 'NONE', #6304, #5735, #5372, .T. ) ;
#3500 = CARTESIAN_POINT ( 'NONE',  ( -0.06334935371447208974, -0.1654521748393905090, 0.2480314960629921572 ) ) ;
#3501 = VERTEX_POINT ( 'NONE', #6082 ) ;
#3502 = DIRECTION ( 'NONE',  ( -1.000000000000000000, 0.0000000000000000000, 0.0000000000000000000 ) ) ;
#3503 =( LENGTH_UNIT ( ) NAMED_UNIT ( * ) SI_UNIT ( $, .METRE. ) );
#3504 = CARTESIAN_POINT ( 'NONE',  ( -0.09389165368277065105, 0.02952755905511811330, -1.267716535433071057 ) ) ;
#3505 = CARTESIAN_POINT ( 'NONE',  ( 0.09389165368277066492, -0.02952755905511809942, -1.661417322834645827 ) ) ;
#3506 = LINE ( 'NONE', #6870, #3203 ) ;
#3507 = AXIS2_PLACEMENT_3D ( 'NONE', #6602, #3147, #7254 ) ;
#3508 = ADVANCED_FACE ( 'NONE', ( #4197 ), #4719, .F. ) ;
#3509 = EDGE_LOOP ( 'NONE', ( #5046, #8606 ) ) ;
#3510 = AXIS2_PLACEMENT_3D ( 'NONE', #2076, #245, #8186 ) ;
#3511 =( LENGTH_UNIT ( ) NAMED_UNIT ( * ) SI_UNIT ( $, .METRE. ) );
#3512 = ORIENTED_EDGE ( 'NONE', *, *, #6128, .F. ) ;
#3513 = VECTOR ( 'NONE', #1196, 39.37007874015748143 ) ;
#3514 = ORIENTED_EDGE ( 'NONE', *, *, #4239, .F. ) ;
#3515 = SURFACE_STYLE_FILL_AREA ( #2110 ) ;
#3516 = LENGTH_MEASURE_WITH_UNIT ( LENGTH_MEASURE( 0.02539999999999999897 ), #6251 );
#3517 = LINE ( 'NONE', #2648, #6382 ) ;
#3518 = VERTEX_POINT ( 'NONE', #5057 ) ;
#3519 = DIMENSIONAL_EXPONENTS ( 1.000000000000000000, 0.0000000000000000000, 0.0000000000000000000, 0.0000000000000000000, 0.0000000000000000000, 0.0000000000000000000, 0.0000000000000000000 ) ;
#3520 =( NAMED_UNIT ( * ) PLANE_ANGLE_UNIT ( ) SI_UNIT ( $, .RADIAN. ) );
#3521 = SURFACE_STYLE_USAGE ( .BOTH. , #4881 ) ;
#3522 = CARTESIAN_POINT ( 'NONE',  ( 0.0000000000000000000, 0.0000000000000000000, -1.169291338582677087 ) ) ;
#3523 = VERTEX_POINT ( 'NONE', #6969 ) ;
#3524 = AXIS2_PLACEMENT_3D ( 'NONE', #4232, #6923, #874 ) ;
#3525 = UNCERTAINTY_MEASURE_WITH_UNIT (LENGTH_MEASURE( 1.000000000000000082E-05 ), #3148, 'distance_accuracy_value', 'NONE');
#3526 = CARTESIAN_POINT ( 'NONE',  ( -0.02952755905511811330, -0.09389165368277065105, -1.464566929133858109 ) ) ;
#3527 = LENGTH_MEASURE_WITH_UNIT ( LENGTH_MEASURE( 0.02539999999999999897 ), #5511 );
#3528 = ORIENTED_EDGE ( 'NONE', *, *, #8344, .T. ) ;
#3529 =( NAMED_UNIT ( * ) SI_UNIT ( $, .STERADIAN. ) SOLID_ANGLE_UNIT ( ) );
#3530 =( CONVERSION_BASED_UNIT ( 'INCH', #6098 ) LENGTH_UNIT ( ) NAMED_UNIT ( #674 ) );
#3531 = ORIENTED_EDGE ( 'NONE', *, *, #3218, .F. ) ;
#3532 = AXIS2_PLACEMENT_3D ( 'NONE', #2992, #8339, #4973 ) ;
#3533 = ADVANCED_FACE ( 'NONE', ( #1057 ), #977, .F. ) ;
#3534 = DIMENSIONAL_EXPONENTS ( 1.000000000000000000, 0.0000000000000000000, 0.0000000000000000000, 0.0000000000000000000, 0.0000000000000000000, 0.0000000000000000000, 0.0000000000000000000 ) ;
#3535 = UNCERTAINTY_MEASURE_WITH_UNIT (LENGTH_MEASURE( 1.000000000000000082E-05 ), #1466, 'distance_accuracy_value', 'NONE');
#3536 = ORIENTED_EDGE ( 'NONE', *, *, #4980, .F. ) ;
#3537 = DIRECTION ( 'NONE',  ( -1.000000000000000000, 0.0000000000000000000, 0.0000000000000000000 ) ) ;
#3538 = DIRECTION ( 'NONE',  ( 0.0000000000000000000, 1.000000000000000000, 0.0000000000000000000 ) ) ;
#3539 = SURFACE_STYLE_USAGE ( .BOTH. , #2103 ) ;
#3540 = FACE_BOUND ( 'NONE', #4274, .T. ) ;
#3541 = ADVANCED_FACE ( 'NONE', ( #261 ), #3654, .T. ) ;
#3542 = ORIENTED_EDGE ( 'NONE', *, *, #4053, .F. ) ;
#3543 = VECTOR ( 'NONE', #7221, 39.37007874015748143 ) ;
#3544 =( LENGTH_UNIT ( ) NAMED_UNIT ( * ) SI_UNIT ( $, .METRE. ) );
#3545 = SURFACE_STYLE_USAGE ( .BOTH. , #4707 ) ;
#3546 =( NAMED_UNIT ( * ) SI_UNIT ( $, .STERADIAN. ) SOLID_ANGLE_UNIT ( ) );
#3547 = ORIENTED_EDGE ( 'NONE', *, *, #2691, .F. ) ;
#3548 = DIRECTION ( 'NONE',  ( 1.000000000000000000, 0.0000000000000000000, 0.0000000000000000000 ) ) ;
#3549 = VERTEX_POINT ( 'NONE', #4920 ) ;
#3550 = SURFACE_SIDE_STYLE ('',( #5583 ) ) ;
#3551 = DIRECTION ( 'NONE',  ( 0.0000000000000000000, 0.0000000000000000000, -1.000000000000000000 ) ) ;
#3552 = ADVANCED_FACE ( 'NONE', ( #6386 ), #5725, .F. ) ;
#3553 = DIRECTION ( 'NONE',  ( 1.000000000000000000, 0.0000000000000000000, 0.0000000000000000000 ) ) ;
#3554 = EDGE_CURVE ( 'NONE', #2280, #3409, #5277, .T. ) ;
#3555 = COLOUR_RGB ( '',0.2509803921568627416, 0.2509803921568627416, 0.2509803921568627416 ) ;
#3556 = CIRCLE ( 'NONE', #4693, 0.09842519685039410882 ) ;
#3557 = ORIENTED_EDGE ( 'NONE', *, *, #3011, .T. ) ;
#3558 =( CONVERSION_BASED_UNIT ( 'INCH', #175 ) LENGTH_UNIT ( ) NAMED_UNIT ( #1901 ) );
#3559 = FILL_AREA_STYLE_COLOUR ( '', #4079 ) ;
#3560 =( NAMED_UNIT ( * ) PLANE_ANGLE_UNIT ( ) SI_UNIT ( $, .RADIAN. ) );
#3561 = ORIENTED_EDGE ( 'NONE', *, *, #1330, .T. ) ;
#3562 = DIRECTION ( 'NONE',  ( -0.0000000000000000000, -0.0000000000000000000, -1.000000000000000000 ) ) ;
#3563 = CIRCLE ( 'NONE', #4424, 0.09842519685039410882 ) ;
#3564 =( CONVERSION_BASED_UNIT ( 'INCH', #6930 ) LENGTH_UNIT ( ) NAMED_UNIT ( #7380 ) );
#3565 = SURFACE_STYLE_FILL_AREA ( #5599 ) ;
#3566 = VERTEX_POINT ( 'NONE', #1186 ) ;
#3567 = FACE_OUTER_BOUND ( 'NONE', #1010, .T. ) ;
#3568 = SURFACE_STYLE_USAGE ( .BOTH. , #8244 ) ;
#3569 = ORIENTED_EDGE ( 'NONE', *, *, #8762, .T. ) ;
#3570 = FILL_AREA_STYLE ('',( #144 ) ) ;
#3571 = DIRECTION ( 'NONE',  ( -0.3286249371676880915, 0.9444605077352536959, 0.0000000000000000000 ) ) ;
#3572 = DIMENSIONAL_EXPONENTS ( 1.000000000000000000, 0.0000000000000000000, 0.0000000000000000000, 0.0000000000000000000, 0.0000000000000000000, 0.0000000000000000000, 0.0000000000000000000 ) ;
#3573 = FILL_AREA_STYLE ('',( #7070 ) ) ;
#3574 =( NAMED_UNIT ( * ) PLANE_ANGLE_UNIT ( ) SI_UNIT ( $, .RADIAN. ) );
#3575 = CARTESIAN_POINT ( 'NONE',  ( -0.02952755905511805085, -0.09389165368277066492, -1.307086614173228467 ) ) ;
#3576 = LINE ( 'NONE', #4902, #7184 ) ;
#3577 = EDGE_LOOP ( 'NONE', ( #7305, #6927, #1456, #6589 ) ) ;
#3578 = EDGE_CURVE ( 'NONE', #2565, #2947, #8015, .T. ) ;
#3579 =( NAMED_UNIT ( * ) PLANE_ANGLE_UNIT ( ) SI_UNIT ( $, .RADIAN. ) );
#3580 = SURFACE_STYLE_FILL_AREA ( #7750 ) ;
#3581 = SURFACE_SIDE_STYLE ('',( #3130 ) ) ;
#3582 = PLANE ( 'NONE',  #2428 ) ;
#3583 = MECHANICAL_DESIGN_GEOMETRIC_PRESENTATION_REPRESENTATION (  '', ( #2749 ), #1342 ) ;
#3584 = CARTESIAN_POINT ( 'NONE',  ( 0.07086614173228347746, -0.07874015748031495954, 0.1968503936985494807 ) ) ;
#3585 = VERTEX_POINT ( 'NONE', #7365 ) ;
#3586 = COLOUR_RGB ( '',0.2509803921568627416, 0.2509803921568627416, 0.2509803921568627416 ) ;
#3587 =( NAMED_UNIT ( * ) PLANE_ANGLE_UNIT ( ) SI_UNIT ( $, .RADIAN. ) );
#3588 = LENGTH_MEASURE_WITH_UNIT ( LENGTH_MEASURE( 0.02539999999999999897 ), #249 );
#3589 = EDGE_CURVE ( 'NONE', #4396, #7833, #5155, .T. ) ;
#3590 = DIRECTION ( 'NONE',  ( 0.0000000000000000000, 0.0000000000000000000, 1.000000000000000000 ) ) ;
#3591 = ORIENTED_EDGE ( 'NONE', *, *, #3659, .F. ) ;
#3592 = DIMENSIONAL_EXPONENTS ( 1.000000000000000000, 0.0000000000000000000, 0.0000000000000000000, 0.0000000000000000000, 0.0000000000000000000, 0.0000000000000000000, 0.0000000000000000000 ) ;
#3593 = VERTEX_POINT ( 'NONE', #6521 ) ;
#3594 = SURFACE_STYLE_USAGE ( .BOTH. , #3550 ) ;
#3595 = SURFACE_STYLE_USAGE ( .BOTH. , #1051 ) ;
#3596 = PRESENTATION_LAYER_ASSIGNMENT (  '', '', ( #7417 ) ) ;
#3597 = MECHANICAL_DESIGN_GEOMETRIC_PRESENTATION_REPRESENTATION (  '', ( #4312 ), #2063 ) ;
#3598 = AXIS2_PLACEMENT_3D ( 'NONE', #3488, #4163, #5431 ) ;
#3599 = MECHANICAL_DESIGN_GEOMETRIC_PRESENTATION_REPRESENTATION (  '', ( #371 ), #5139 ) ;
#3600 = ADVANCED_FACE ( 'NONE', ( #3919, #2544 ), #3206, .F. ) ;
#3601 = CONICAL_SURFACE ( 'NONE', #7560, 0.1377952755905511584, 0.03904264995516706221 ) ;
#3602 = ORIENTED_EDGE ( 'NONE', *, *, #7438, .F. ) ;
#3603 = ADVANCED_FACE ( 'NONE', ( #6832 ), #665, .T. ) ;
#3604 = COLOUR_RGB ( '',0.7450980392156862919, 0.7450980392156862919, 0.7450980392156862919 ) ;
#3605 =( LENGTH_UNIT ( ) NAMED_UNIT ( * ) SI_UNIT ( $, .METRE. ) );
#3606 = FILL_AREA_STYLE_COLOUR ( '', #5435 ) ;
#3607 = ORIENTED_EDGE ( 'NONE', *, *, #2741, .T. ) ;
#3608 = FILL_AREA_STYLE_COLOUR ( '', #1452 ) ;
#3609 = COLOUR_RGB ( '',0.7450980392156862919, 0.7450980392156862919, 0.7450980392156862919 ) ;
#3610 = MECHANICAL_DESIGN_GEOMETRIC_PRESENTATION_REPRESENTATION (  '', ( #664 ), #1221 ) ;
#3611 = PRESENTATION_LAYER_ASSIGNMENT (  '', '', ( #6296 ) ) ;
#3612 = UNCERTAINTY_MEASURE_WITH_UNIT (LENGTH_MEASURE( 1.000000000000000082E-05 ), #4352, 'distance_accuracy_value', 'NONE');
#3613 =( LENGTH_UNIT ( ) NAMED_UNIT ( * ) SI_UNIT ( $, .METRE. ) );
#3614 = SURFACE_STYLE_FILL_AREA ( #2988 ) ;
#3615 = EDGE_CURVE ( 'NONE', #1785, #3883, #6118, .T. ) ;
#3616 = EDGE_LOOP ( 'NONE', ( #31, #7553, #4476, #1894 ) ) ;
#3617 = DIRECTION ( 'NONE',  ( -1.000000000000000000, 0.0000000000000000000, 0.0000000000000000000 ) ) ;
#3618 = SURFACE_STYLE_FILL_AREA ( #1585 ) ;
#3619 = STYLED_ITEM ( 'NONE', ( #407 ), #7013 ) ;
#3620 = SURFACE_STYLE_FILL_AREA ( #4458 ) ;
#3621 = ORIENTED_EDGE ( 'NONE', *, *, #7000, .F. ) ;
#3622 = FACE_BOUND ( 'NONE', #3280, .T. ) ;
#3623 = DIRECTION ( 'NONE',  ( 1.000000000000000000, 0.0000000000000000000, 0.0000000000000000000 ) ) ;
#3624 = CARTESIAN_POINT ( 'NONE',  ( -0.1141732283464566844, 0.02952755905511811330, -1.503937007874015741 ) ) ;
#3625 = SURFACE_SIDE_STYLE ('',( #6986 ) ) ;
#3626 = ORIENTED_EDGE ( 'NONE', *, *, #3723, .T. ) ;
#3627 = FILL_AREA_STYLE ('',( #6150 ) ) ;
#3628 = FACE_OUTER_BOUND ( 'NONE', #5147, .T. ) ;
#3629 =( CONVERSION_BASED_UNIT ( 'INCH', #8396 ) LENGTH_UNIT ( ) NAMED_UNIT ( #899 ) );
#3630 = MECHANICAL_DESIGN_GEOMETRIC_PRESENTATION_REPRESENTATION (  '', ( #8466 ), #5036 ) ;
#3631 = SURFACE_STYLE_USAGE ( .BOTH. , #6993 ) ;
#3632 = DIRECTION ( 'NONE',  ( -1.000000000000000000, 0.0000000000000000000, 0.0000000000000000000 ) ) ;
#3633 = AXIS2_PLACEMENT_3D ( 'NONE', #339, #6473, #3020 ) ;
#3634 = DIMENSIONAL_EXPONENTS ( 1.000000000000000000, 0.0000000000000000000, 0.0000000000000000000, 0.0000000000000000000, 0.0000000000000000000, 0.0000000000000000000, 0.0000000000000000000 ) ;
#3635 = CIRCLE ( 'NONE', #6037, 0.09842519685039410882 ) ;
#3636 =( GEOMETRIC_REPRESENTATION_CONTEXT ( 3 ) GLOBAL_UNCERTAINTY_ASSIGNED_CONTEXT ( ( #5988 ) ) GLOBAL_UNIT_ASSIGNED_CONTEXT ( ( #5199, #588, #7287 ) ) REPRESENTATION_CONTEXT ( 'NONE', 'WORKASPACE' ) );
#3637 = FACE_OUTER_BOUND ( 'NONE', #5916, .T. ) ;
#3638 = ORIENTED_EDGE ( 'NONE', *, *, #4529, .F. ) ;
#3639 = LENGTH_MEASURE_WITH_UNIT ( LENGTH_MEASURE( 0.02539999999999999897 ), #2844 );
#3640 = DIRECTION ( 'NONE',  ( -0.0000000000000000000, -0.0000000000000000000, -1.000000000000000000 ) ) ;
#3641 = PRESENTATION_STYLE_ASSIGNMENT (( #964 ) ) ;
#3642 = VERTEX_POINT ( 'NONE', #1357 ) ;
#3643 = PRESENTATION_LAYER_ASSIGNMENT (  '', '', ( #3072 ) ) ;
#3644 = CARTESIAN_POINT ( 'NONE',  ( -0.09389165368277065105, 0.02952755905511811330, -1.385826771653543510 ) ) ;
#3645 = ORIENTED_EDGE ( 'NONE', *, *, #1033, .F. ) ;
#3646 = DIRECTION ( 'NONE',  ( 0.0000000000000000000, 0.0000000000000000000, 1.000000000000000000 ) ) ;
#3647 = DIRECTION ( 'NONE',  ( 0.0000000000000000000, 0.0000000000000000000, 1.000000000000000000 ) ) ;
#3648 = LENGTH_MEASURE_WITH_UNIT ( LENGTH_MEASURE( 0.02539999999999999897 ), #3107 );
#3649 = EDGE_CURVE ( 'NONE', #2417, #747, #1447, .T. ) ;
#3650 = AXIS2_PLACEMENT_3D ( 'NONE', #3164, #7819, #6621 ) ;
#3651 = CIRCLE ( 'NONE', #4344, 0.003937007874015758385 ) ;
#3652 = CARTESIAN_POINT ( 'NONE',  ( 0.1141732283464566844, 0.02952755905511811330, -1.622047244094488194 ) ) ;
#3653 = EDGE_LOOP ( 'NONE', ( #7916, #7634, #6186, #5249 ) ) ;
#3654 = PLANE ( 'NONE',  #7009 ) ;
#3655 = CARTESIAN_POINT ( 'NONE',  ( 0.05118110236220473758, 0.01968503937007873988, 0.0000000000000000000 ) ) ;
#3656 =( LENGTH_UNIT ( ) NAMED_UNIT ( * ) SI_UNIT ( $, .METRE. ) );
#3657 = VERTEX_POINT ( 'NONE', #4059 ) ;
#3658 = DIRECTION ( 'NONE',  ( 0.0000000000000000000, 0.0000000000000000000, 1.000000000000000000 ) ) ;
#3659 = EDGE_CURVE ( 'NONE', #7625, #3080, #8769, .T. ) ;
#3660 = MECHANICAL_DESIGN_GEOMETRIC_PRESENTATION_REPRESENTATION (  '', ( #7478 ), #4784 ) ;
#3661 = FILL_AREA_STYLE_COLOUR ( '', #3161 ) ;
#3662 = ORIENTED_EDGE ( 'NONE', *, *, #2779, .F. ) ;
#3663 = CARTESIAN_POINT ( 'NONE',  ( 0.02952755905511811330, 0.1141732283464566844, -1.543307086614173151 ) ) ;
#3664 = DIRECTION ( 'NONE',  ( 1.000000000000000000, 0.0000000000000000000, 0.0000000000000000000 ) ) ;
#3665 = CARTESIAN_POINT ( 'NONE',  ( -0.09389165368277065105, 0.02952755905511811330, -1.622047244094488194 ) ) ;
#3666 = VERTEX_POINT ( 'NONE', #5411 ) ;
#3667 =( NAMED_UNIT ( * ) SI_UNIT ( $, .STERADIAN. ) SOLID_ANGLE_UNIT ( ) );
#3668 = PLANE ( 'NONE',  #3496 ) ;
#3669 =( NAMED_UNIT ( * ) PLANE_ANGLE_UNIT ( ) SI_UNIT ( $, .RADIAN. ) );
#3670 = PRESENTATION_LAYER_ASSIGNMENT (  '', '', ( #7057 ) ) ;
#3671 = EDGE_CURVE ( 'NONE', #8544, #2618, #2762, .T. ) ;
#3672 = EDGE_CURVE ( 'NONE', #1203, #4967, #5617, .T. ) ;
#3673 = CARTESIAN_POINT ( 'NONE',  ( -0.09389165368277065105, 0.02952755905511811330, -1.661417322834645827 ) ) ;
#3674 =( CONVERSION_BASED_UNIT ( 'INCH', #4382 ) LENGTH_UNIT ( ) NAMED_UNIT ( #5833 ) );
#3675 = EDGE_LOOP ( 'NONE', ( #4827, #1405, #762, #595 ) ) ;
#3676 =( NAMED_UNIT ( * ) SI_UNIT ( $, .STERADIAN. ) SOLID_ANGLE_UNIT ( ) );
#3677 =( LENGTH_UNIT ( ) NAMED_UNIT ( * ) SI_UNIT ( $, .METRE. ) );
#3678 = DIRECTION ( 'NONE',  ( 1.000000000000000000, 0.0000000000000000000, 0.0000000000000000000 ) ) ;
#3679 = DIRECTION ( 'NONE',  ( 1.000000000000000000, 0.0000000000000000000, 0.0000000000000000000 ) ) ;
#3680 = FACE_BOUND ( 'NONE', #274, .T. ) ;
#3681 = CARTESIAN_POINT ( 'NONE',  ( 0.0000000000000000000, 0.0000000000000000000, -1.543307086614173151 ) ) ;
#3682 = VERTEX_POINT ( 'NONE', #1401 ) ;
#3683 = EDGE_LOOP ( 'NONE', ( #7235, #5033, #2055, #6212 ) ) ;
#3684 =( GEOMETRIC_REPRESENTATION_CONTEXT ( 3 ) GLOBAL_UNCERTAINTY_ASSIGNED_CONTEXT ( ( #2443 ) ) GLOBAL_UNIT_ASSIGNED_CONTEXT ( ( #7368, #4019, #7951 ) ) REPRESENTATION_CONTEXT ( 'NONE', 'WORKASPACE' ) );
#3685 =( GEOMETRIC_REPRESENTATION_CONTEXT ( 3 ) GLOBAL_UNCERTAINTY_ASSIGNED_CONTEXT ( ( #6515 ) ) GLOBAL_UNIT_ASSIGNED_CONTEXT ( ( #7900, #4525, #8031 ) ) REPRESENTATION_CONTEXT ( 'NONE', 'WORKASPACE' ) );
#3686 = CARTESIAN_POINT ( 'NONE',  ( -0.09389165368277065105, 0.02952755905511811330, -1.622047244094488194 ) ) ;
#3687 = ORIENTED_EDGE ( 'NONE', *, *, #419, .T. ) ;
#3688 =( NAMED_UNIT ( * ) SI_UNIT ( $, .STERADIAN. ) SOLID_ANGLE_UNIT ( ) );
#3689 = DIRECTION ( 'NONE',  ( 1.000000000000000000, 0.0000000000000000000, 0.0000000000000000000 ) ) ;
#3690 = CIRCLE ( 'NONE', #1025, 0.01574803149606299885 ) ;
#3691 = COLOUR_RGB ( '',0.2509803921568627416, 0.2509803921568627416, 0.2509803921568627416 ) ;
#3692 = ORIENTED_EDGE ( 'NONE', *, *, #1195, .T. ) ;
#3693 = DIMENSIONAL_EXPONENTS ( 1.000000000000000000, 0.0000000000000000000, 0.0000000000000000000, 0.0000000000000000000, 0.0000000000000000000, 0.0000000000000000000, 0.0000000000000000000 ) ;
#3694 = DIRECTION ( 'NONE',  ( 0.0000000000000000000, 0.0000000000000000000, 1.000000000000000000 ) ) ;
#3695 = FACE_OUTER_BOUND ( 'NONE', #6480, .T. ) ;
#3696 = ORIENTED_EDGE ( 'NONE', *, *, #6077, .T. ) ;
#3697 = EDGE_CURVE ( 'NONE', #1111, #8073, #4145, .T. ) ;
#3698 = FILL_AREA_STYLE ('',( #397 ) ) ;
#3699 = COLOUR_RGB ( '',0.7450980392156862919, 0.7450980392156862919, 0.7450980392156862919 ) ;
#3700 = DIRECTION ( 'NONE',  ( 1.000000000000000000, 0.0000000000000000000, 0.0000000000000000000 ) ) ;
#3701 =( GEOMETRIC_REPRESENTATION_CONTEXT ( 3 ) GLOBAL_UNCERTAINTY_ASSIGNED_CONTEXT ( ( #5801 ) ) GLOBAL_UNIT_ASSIGNED_CONTEXT ( ( #3071, #5728, #6483 ) ) REPRESENTATION_CONTEXT ( 'NONE', 'WORKASPACE' ) );
#3702 = UNCERTAINTY_MEASURE_WITH_UNIT (LENGTH_MEASURE( 1.000000000000000082E-05 ), #4819, 'distance_accuracy_value', 'NONE');
#3703 = PRESENTATION_LAYER_ASSIGNMENT (  '', '', ( #1172 ) ) ;
#3704 = DIRECTION ( 'NONE',  ( 1.000000000000000000, 0.0000000000000000000, 0.0000000000000000000 ) ) ;
#3705 =( LENGTH_UNIT ( ) NAMED_UNIT ( * ) SI_UNIT ( $, .METRE. ) );
#3706 = ORIENTED_EDGE ( 'NONE', *, *, #1511, .T. ) ;
#3707 = CARTESIAN_POINT ( 'NONE',  ( -0.01574803149606297456, -0.09055118110236221041, 0.1968503936985494807 ) ) ;
#3708 =( NAMED_UNIT ( * ) SI_UNIT ( $, .STERADIAN. ) SOLID_ANGLE_UNIT ( ) );
#3709 = DIRECTION ( 'NONE',  ( 1.000000000000000000, 0.0000000000000000000, 0.0000000000000000000 ) ) ;
#3710 = ORIENTED_EDGE ( 'NONE', *, *, #931, .T. ) ;
#3711 = EDGE_CURVE ( 'NONE', #4880, #913, #230, .T. ) ;
#3712 = LENGTH_MEASURE_WITH_UNIT ( LENGTH_MEASURE( 0.02539999999999999897 ), #6230 );
#3713 = AXIS2_PLACEMENT_3D ( 'NONE', #1838, #6205, #1393 ) ;
#3714 = DIRECTION ( 'NONE',  ( -0.0000000000000000000, -0.0000000000000000000, -1.000000000000000000 ) ) ;
#3715 = UNCERTAINTY_MEASURE_WITH_UNIT (LENGTH_MEASURE( 1.000000000000000082E-05 ), #5622, 'distance_accuracy_value', 'NONE');
#3716 = CARTESIAN_POINT ( 'NONE',  ( 0.0000000000000000000, 0.0000000000000000000, 0.2480314960629921572 ) ) ;
#3717 =( NAMED_UNIT ( * ) PLANE_ANGLE_UNIT ( ) SI_UNIT ( $, .RADIAN. ) );
#3718 = ORIENTED_EDGE ( 'NONE', *, *, #5055, .F. ) ;
#3719 = AXIS2_PLACEMENT_3D ( 'NONE', #6400, #5651, #1552 ) ;
#3720 = PRESENTATION_STYLE_ASSIGNMENT (( #3811 ) ) ;
#3721 = ADVANCED_FACE ( 'NONE', ( #3628 ), #7145, .T. ) ;
#3722 = SURFACE_SIDE_STYLE ('',( #2303 ) ) ;
#3723 = EDGE_CURVE ( 'NONE', #2138, #7995, #7841, .T. ) ;
#3724 = CARTESIAN_POINT ( 'NONE',  ( 0.02952755905511811330, 0.1141732283464566844, -1.346456692913385877 ) ) ;
#3725 = CARTESIAN_POINT ( 'NONE',  ( -0.02952755905511811330, 0.09389165368277065105, -1.700787401574803237 ) ) ;
#3726 = FACE_BOUND ( 'NONE', #1048, .T. ) ;
#3727 =( GEOMETRIC_REPRESENTATION_CONTEXT ( 3 ) GLOBAL_UNCERTAINTY_ASSIGNED_CONTEXT ( ( #284 ) ) GLOBAL_UNIT_ASSIGNED_CONTEXT ( ( #7862, #1218, #1269 ) ) REPRESENTATION_CONTEXT ( 'NONE', 'WORKASPACE' ) );
#3728 = VERTEX_POINT ( 'NONE', #7886 ) ;
#3729 = DIRECTION ( 'NONE',  ( 0.0000000000000000000, -1.000000000000000000, 0.0000000000000000000 ) ) ;
#3730 = FILL_AREA_STYLE ('',( #8310 ) ) ;
#3731 = ORIENTED_EDGE ( 'NONE', *, *, #1509, .T. ) ;
#3732 = PRESENTATION_LAYER_ASSIGNMENT (  '', '', ( #3878 ) ) ;
#3733 =( NAMED_UNIT ( * ) PLANE_ANGLE_UNIT ( ) SI_UNIT ( $, .RADIAN. ) );
#3734 = ORIENTED_EDGE ( 'NONE', *, *, #5161, .F. ) ;
#3735 = CARTESIAN_POINT ( 'NONE',  ( 0.02952755905511811330, -0.1141732283464566844, -1.425196850393700698 ) ) ;
#3736 = LINE ( 'NONE', #5127, #2489 ) ;
#3737 =( NAMED_UNIT ( * ) SI_UNIT ( $, .STERADIAN. ) SOLID_ANGLE_UNIT ( ) );
#3738 = VECTOR ( 'NONE', #4115, 39.37007874015748143 ) ;
#3739 = STYLED_ITEM ( 'NONE', ( #961 ), #2903 ) ;
#3740 = DIRECTION ( 'NONE',  ( -1.000000000000000000, 0.0000000000000000000, 0.0000000000000000000 ) ) ;
#3741 = ORIENTED_EDGE ( 'NONE', *, *, #116, .F. ) ;
#3742 = CARTESIAN_POINT ( 'NONE',  ( 0.1141732283464566844, -0.02952755905511811330, -1.543307086614173151 ) ) ;
#3743 = CIRCLE ( 'NONE', #2467, 0.1771653543307086798 ) ;
#3744 = ORIENTED_EDGE ( 'NONE', *, *, #116, .T. ) ;
#3745 = PRESENTATION_LAYER_ASSIGNMENT (  '', '', ( #7551 ) ) ;
#3746 = LINE ( 'NONE', #308, #453 ) ;
#3747 =( GEOMETRIC_REPRESENTATION_CONTEXT ( 3 ) GLOBAL_UNCERTAINTY_ASSIGNED_CONTEXT ( ( #99 ) ) GLOBAL_UNIT_ASSIGNED_CONTEXT ( ( #2836, #1516, #1693 ) ) REPRESENTATION_CONTEXT ( 'NONE', 'WORKASPACE' ) );
#3748 = EDGE_CURVE ( 'NONE', #7494, #8738, #418, .T. ) ;
#3749 = AXIS2_PLACEMENT_3D ( 'NONE', #587, #496, #1326 ) ;
#3750 = PRESENTATION_LAYER_ASSIGNMENT (  '', '', ( #1494 ) ) ;
#3751 = ORIENTED_EDGE ( 'NONE', *, *, #921, .T. ) ;
#3752 = CARTESIAN_POINT ( 'NONE',  ( -0.01968503937007873295, 0.01968503937007873988, 0.1968503937007874127 ) ) ;
#3753 = VERTEX_POINT ( 'NONE', #2348 ) ;
#3754 =( CONVERSION_BASED_UNIT ( 'INCH', #8154 ) LENGTH_UNIT ( ) NAMED_UNIT ( #4662 ) );
#3755 = PLANE ( 'NONE',  #7570 ) ;
#3756 = PRESENTATION_STYLE_ASSIGNMENT (( #7652 ) ) ;
#3757 = STYLED_ITEM ( 'NONE', ( #5630 ), #4323 ) ;
#3758 =( NAMED_UNIT ( * ) PLANE_ANGLE_UNIT ( ) SI_UNIT ( $, .RADIAN. ) );
#3759 = DIMENSIONAL_EXPONENTS ( 1.000000000000000000, 0.0000000000000000000, 0.0000000000000000000, 0.0000000000000000000, 0.0000000000000000000, 0.0000000000000000000, 0.0000000000000000000 ) ;
#3760 =( GEOMETRIC_REPRESENTATION_CONTEXT ( 3 ) GLOBAL_UNCERTAINTY_ASSIGNED_CONTEXT ( ( #997 ) ) GLOBAL_UNIT_ASSIGNED_CONTEXT ( ( #7698, #3579, #4944 ) ) REPRESENTATION_CONTEXT ( 'NONE', 'WORKASPACE' ) );
#3761 = SURFACE_SIDE_STYLE ('',( #1861 ) ) ;
#3762 =( CONVERSION_BASED_UNIT ( 'INCH', #4287 ) LENGTH_UNIT ( ) NAMED_UNIT ( #2170 ) );
#3763 = ADVANCED_FACE ( 'NONE', ( #7834 ), #5741, .F. ) ;
#3764 = SURFACE_STYLE_USAGE ( .BOTH. , #1077 ) ;
#3765 = EDGE_LOOP ( 'NONE', ( #270, #6723 ) ) ;
#3766 = DIRECTION ( 'NONE',  ( 1.000000000000000000, 0.0000000000000000000, 0.0000000000000000000 ) ) ;
#3767 =( NAMED_UNIT ( * ) PLANE_ANGLE_UNIT ( ) SI_UNIT ( $, .RADIAN. ) );
#3768 =( CONVERSION_BASED_UNIT ( 'INCH', #3008 ) LENGTH_UNIT ( ) NAMED_UNIT ( #2861 ) );
#3769 = SURFACE_SIDE_STYLE ('',( #1912 ) ) ;
#3770 = AXIS2_PLACEMENT_3D ( 'NONE', #8758, #8572, #2580 ) ;
#3771 = ADVANCED_FACE ( 'NONE', ( #8441, #1692 ), #1776, .F. ) ;
#3772 = ORIENTED_EDGE ( 'NONE', *, *, #8594, .T. ) ;
#3773 = PRESENTATION_LAYER_ASSIGNMENT (  '', '', ( #3209 ) ) ;
#3774 = DIRECTION ( 'NONE',  ( 0.0000000000000000000, 1.000000000000000000, 0.0000000000000000000 ) ) ;
#3775 = FILL_AREA_STYLE ('',( #3821 ) ) ;
#3776 = CARTESIAN_POINT ( 'NONE',  ( 0.1141732283464566844, 0.02952755905511811330, -1.582677165354331006 ) ) ;
#3777 = ORIENTED_EDGE ( 'NONE', *, *, #3332, .F. ) ;
#3778 = CARTESIAN_POINT ( 'NONE',  ( 0.0000000000000000000, 0.0000000000000000000, -1.307086614173228467 ) ) ;
#3779 = CARTESIAN_POINT ( 'NONE',  ( 0.1141732283464566844, 0.02952755905511811330, -1.661417322834645827 ) ) ;
#3780 = VECTOR ( 'NONE', #3417, 39.37007874015748143 ) ;
#3781 = SURFACE_SIDE_STYLE ('',( #1748 ) ) ;
#3782 = MECHANICAL_DESIGN_GEOMETRIC_PRESENTATION_REPRESENTATION (  '', ( #260 ), #2650 ) ;
#3783 = MECHANICAL_DESIGN_GEOMETRIC_PRESENTATION_REPRESENTATION (  '', ( #1952 ), #7744 ) ;
#3784 = EDGE_CURVE ( 'NONE', #8636, #1848, #4858, .T. ) ;
#3785 = PRESENTATION_LAYER_ASSIGNMENT (  '', '', ( #8185 ) ) ;
#3786 = LENGTH_MEASURE_WITH_UNIT ( LENGTH_MEASURE( 0.02539999999999999897 ), #5183 );
#3787 = ORIENTED_EDGE ( 'NONE', *, *, #1183, .T. ) ;
#3788 = CARTESIAN_POINT ( 'NONE',  ( 0.02952755905511811330, -0.1141732283464566844, -1.700787401574803237 ) ) ;
#3789 = PRESENTATION_LAYER_ASSIGNMENT (  '', '', ( #4217 ) ) ;
#3790 = SURFACE_STYLE_USAGE ( .BOTH. , #8325 ) ;
#3791 = VERTEX_POINT ( 'NONE', #6100 ) ;
#3792 = CYLINDRICAL_SURFACE ( 'NONE', #97, 0.01574803149606301619 ) ;
#3793 = CARTESIAN_POINT ( 'NONE',  ( -0.1141732283464566844, -0.02952755905511811330, -1.661417322834645827 ) ) ;
#3794 = AXIS2_PLACEMENT_3D ( 'NONE', #6333, #5120, #331 ) ;
#3795 = VECTOR ( 'NONE', #6083, 39.37007874015748143 ) ;
#3796 = UNCERTAINTY_MEASURE_WITH_UNIT (LENGTH_MEASURE( 1.000000000000000082E-05 ), #8085, 'distance_accuracy_value', 'NONE');
#3797 = CARTESIAN_POINT ( 'NONE',  ( -0.1614173228346456601, 1.976792077363837694E-17, 0.4298724771940015676 ) ) ;
#3798 = ORIENTED_EDGE ( 'NONE', *, *, #2009, .F. ) ;
#3799 = ORIENTED_EDGE ( 'NONE', *, *, #1879, .F. ) ;
#3800 =( NAMED_UNIT ( * ) SI_UNIT ( $, .STERADIAN. ) SOLID_ANGLE_UNIT ( ) );
#3801 = DIRECTION ( 'NONE',  ( 0.0000000000000000000, 0.0000000000000000000, 1.000000000000000000 ) ) ;
#3802 = VECTOR ( 'NONE', #2416, 39.37007874015748143 ) ;
#3803 = FACE_OUTER_BOUND ( 'NONE', #2765, .T. ) ;
#3804 = ORIENTED_EDGE ( 'NONE', *, *, #5216, .F. ) ;
#3805 = SURFACE_STYLE_FILL_AREA ( #3971 ) ;
#3806 = LENGTH_MEASURE_WITH_UNIT ( LENGTH_MEASURE( 0.02539999999999999897 ), #6278 );
#3807 = FILL_AREA_STYLE ('',( #1119 ) ) ;
#3808 = UNCERTAINTY_MEASURE_WITH_UNIT (LENGTH_MEASURE( 1.000000000000000082E-05 ), #3558, 'distance_accuracy_value', 'NONE');
#3809 = CARTESIAN_POINT ( 'NONE',  ( 0.0000000000000000000, 0.1574803149606299191, -1.267716535433071057 ) ) ;
#3810 = ORIENTED_EDGE ( 'NONE', *, *, #4218, .F. ) ;
#3811 = SURFACE_STYLE_USAGE ( .BOTH. , #7077 ) ;
#3812 = EDGE_CURVE ( 'NONE', #4589, #6879, #2633, .T. ) ;
#3813 = DIRECTION ( 'NONE',  ( 0.0000000000000000000, 0.0000000000000000000, -1.000000000000000000 ) ) ;
#3814 =( NAMED_UNIT ( * ) SI_UNIT ( $, .STERADIAN. ) SOLID_ANGLE_UNIT ( ) );
#3815 = DIMENSIONAL_EXPONENTS ( 1.000000000000000000, 0.0000000000000000000, 0.0000000000000000000, 0.0000000000000000000, 0.0000000000000000000, 0.0000000000000000000, 0.0000000000000000000 ) ;
#3816 = LINE ( 'NONE', #6502, #127 ) ;
#3817 = CARTESIAN_POINT ( 'NONE',  ( -0.1141732283464566844, 0.02952755905511811330, -1.464566929133858109 ) ) ;
#3818 = ORIENTED_EDGE ( 'NONE', *, *, #2041, .T. ) ;
#3819 = DIRECTION ( 'NONE',  ( 0.0000000000000000000, 0.0000000000000000000, 1.000000000000000000 ) ) ;
#3820 = LINE ( 'NONE', #5261, #4360 ) ;
#3821 = FILL_AREA_STYLE_COLOUR ( '', #6788 ) ;
#3822 = CARTESIAN_POINT ( 'NONE',  ( 0.0000000000000000000, 0.0000000000000000000, 0.2007874015748032093 ) ) ;
#3823 =( CONVERSION_BASED_UNIT ( 'INCH', #7846 ) LENGTH_UNIT ( ) NAMED_UNIT ( #1727 ) );
#3824 = ORIENTED_EDGE ( 'NONE', *, *, #6518, .T. ) ;
#3825 = EDGE_CURVE ( 'NONE', #8774, #7196, #7926, .T. ) ;
#3826 = LENGTH_MEASURE_WITH_UNIT ( LENGTH_MEASURE( 0.02539999999999999897 ), #5050 );
#3827 = PRESENTATION_STYLE_ASSIGNMENT (( #6692 ) ) ;
#3828 = AXIS2_PLACEMENT_3D ( 'NONE', #4687, #5837, #8567 ) ;
#3829 = CARTESIAN_POINT ( 'NONE',  ( -0.09570420454949610245, 0.2584392716516822341, 0.2007874015748032093 ) ) ;
#3830 = VECTOR ( 'NONE', #432, 39.37007874015748143 ) ;
#3831 = FILL_AREA_STYLE ('',( #1796 ) ) ;
#3832 = ORIENTED_EDGE ( 'NONE', *, *, #1195, .F. ) ;
#3833 = DIRECTION ( 'NONE',  ( -1.000000000000000000, 0.0000000000000000000, 0.0000000000000000000 ) ) ;
#3834 =( LENGTH_UNIT ( ) NAMED_UNIT ( * ) SI_UNIT ( $, .METRE. ) );
#3835 = ORIENTED_EDGE ( 'NONE', *, *, #6029, .T. ) ;
#3836 = EDGE_CURVE ( 'NONE', #851, #3791, #4733, .T. ) ;
#3837 = DIRECTION ( 'NONE',  ( 1.000000000000000000, 0.0000000000000000000, 0.0000000000000000000 ) ) ;
#3838 = ADVANCED_FACE ( 'NONE', ( #1869 ), #7388, .F. ) ;
#3839 = SURFACE_SIDE_STYLE ('',( #4579 ) ) ;
#3840 =( GEOMETRIC_REPRESENTATION_CONTEXT ( 3 ) GLOBAL_UNCERTAINTY_ASSIGNED_CONTEXT ( ( #3962 ) ) GLOBAL_UNIT_ASSIGNED_CONTEXT ( ( #7795, #7620, #203 ) ) REPRESENTATION_CONTEXT ( 'NONE', 'WORKASPACE' ) );
#3841 = COLOUR_RGB ( '',0.7450980392156862919, 0.7450980392156862919, 0.7450980392156862919 ) ;
#3842 = VERTEX_POINT ( 'NONE', #6979 ) ;
#3843 =( GEOMETRIC_REPRESENTATION_CONTEXT ( 3 ) GLOBAL_UNCERTAINTY_ASSIGNED_CONTEXT ( ( #5007 ) ) GLOBAL_UNIT_ASSIGNED_CONTEXT ( ( #4936, #6904, #2870 ) ) REPRESENTATION_CONTEXT ( 'NONE', 'WORKASPACE' ) );
#3844 =( NAMED_UNIT ( * ) PLANE_ANGLE_UNIT ( ) SI_UNIT ( $, .RADIAN. ) );
#3845 = LINE ( 'NONE', #6534, #571 ) ;
#3846 = PRESENTATION_LAYER_ASSIGNMENT (  '', '', ( #1302 ) ) ;
#3847 = DIRECTION ( 'NONE',  ( 0.0000000000000000000, 0.0000000000000000000, -1.000000000000000000 ) ) ;
#3848 = VERTEX_POINT ( 'NONE', #8291 ) ;
#3849 = SURFACE_SIDE_STYLE ('',( #2951 ) ) ;
#3850 = PRESENTATION_STYLE_ASSIGNMENT (( #7198 ) ) ;
#3851 = VECTOR ( 'NONE', #2375, 39.37007874015748143 ) ;
#3852 = LINE ( 'NONE', #2563, #75 ) ;
#3853 = DIRECTION ( 'NONE',  ( 0.0000000000000000000, 0.0000000000000000000, -1.000000000000000000 ) ) ;
#3854 = VERTEX_POINT ( 'NONE', #1427 ) ;
#3855 = SURFACE_STYLE_FILL_AREA ( #4597 ) ;
#3856 = SURFACE_STYLE_FILL_AREA ( #1163 ) ;
#3857 =( GEOMETRIC_REPRESENTATION_CONTEXT ( 3 ) GLOBAL_UNCERTAINTY_ASSIGNED_CONTEXT ( ( #8121 ) ) GLOBAL_UNIT_ASSIGNED_CONTEXT ( ( #169, #4271, #925 ) ) REPRESENTATION_CONTEXT ( 'NONE', 'WORKASPACE' ) );
#3858 =( LENGTH_UNIT ( ) NAMED_UNIT ( * ) SI_UNIT ( $, .METRE. ) );
#3859 = LENGTH_MEASURE_WITH_UNIT ( LENGTH_MEASURE( 0.02539999999999999897 ), #6013 );
#3860 = PLANE ( 'NONE',  #2281 ) ;
#3861 = DIRECTION ( 'NONE',  ( 0.0000000000000000000, 0.0000000000000000000, 1.000000000000000000 ) ) ;
#3862 = FILL_AREA_STYLE_COLOUR ( '', #1542 ) ;
#3863 = ORIENTED_EDGE ( 'NONE', *, *, #6799, .T. ) ;
#3864 = DIRECTION ( 'NONE',  ( 0.0000000000000000000, 0.0000000000000000000, 1.000000000000000000 ) ) ;
#3865 = LINE ( 'NONE', #4480, #4087 ) ;
#3866 = CARTESIAN_POINT ( 'NONE',  ( 0.02952755905511811330, 0.1141732283464566844, -1.385826771653543510 ) ) ;
#3867 = VECTOR ( 'NONE', #1817, 39.37007874015748143 ) ;
#3868 = CARTESIAN_POINT ( 'NONE',  ( 0.0000000000000000000, 0.0000000000000000000, -1.385826771653543510 ) ) ;
#3869 = CARTESIAN_POINT ( 'NONE',  ( -0.1141732283464566844, 0.02952755905511811330, -1.622047244094488194 ) ) ;
#3870 = ADVANCED_FACE ( 'NONE', ( #855, #5433 ), #810, .F. ) ;
#3871 = VECTOR ( 'NONE', #8694, 39.37007874015748143 ) ;
#3872 = CARTESIAN_POINT ( 'NONE',  ( 0.0000000000000000000, 0.0000000000000000000, -1.700787401574803237 ) ) ;
#3873 = EDGE_LOOP ( 'NONE', ( #577, #8086, #3718, #8372 ) ) ;
#3874 = DIMENSIONAL_EXPONENTS ( 1.000000000000000000, 0.0000000000000000000, 0.0000000000000000000, 0.0000000000000000000, 0.0000000000000000000, 0.0000000000000000000, 0.0000000000000000000 ) ;
#3875 = SURFACE_STYLE_FILL_AREA ( #7226 ) ;
#3876 = ORIENTED_EDGE ( 'NONE', *, *, #5113, .T. ) ;
#3877 =( GEOMETRIC_REPRESENTATION_CONTEXT ( 3 ) GLOBAL_UNCERTAINTY_ASSIGNED_CONTEXT ( ( #6894 ) ) GLOBAL_UNIT_ASSIGNED_CONTEXT ( ( #4375, #6442, #7152 ) ) REPRESENTATION_CONTEXT ( 'NONE', 'WORKASPACE' ) );
#3878 = STYLED_ITEM ( 'NONE', ( #5687 ), #2751 ) ;
#3879 = ADVANCED_FACE ( 'NONE', ( #6938 ), #5477, .F. ) ;
#3880 = UNCERTAINTY_MEASURE_WITH_UNIT (LENGTH_MEASURE( 1.000000000000000082E-05 ), #3768, 'distance_accuracy_value', 'NONE');
#3881 = EDGE_CURVE ( 'NONE', #7945, #5056, #361, .T. ) ;
#3882 = DIRECTION ( 'NONE',  ( 0.0000000000000000000, 0.0000000000000000000, 1.000000000000000000 ) ) ;
#3883 = VERTEX_POINT ( 'NONE', #452 ) ;
#3884 = VECTOR ( 'NONE', #4543, 39.37007874015748143 ) ;
#3885 = ORIENTED_EDGE ( 'NONE', *, *, #662, .F. ) ;
#3886 = LINE ( 'NONE', #2643, #5294 ) ;
#3887 = FILL_AREA_STYLE_COLOUR ( '', #8487 ) ;
#3888 = LINE ( 'NONE', #537, #4299 ) ;
#3889 = ORIENTED_EDGE ( 'NONE', *, *, #3697, .T. ) ;
#3890 = FILL_AREA_STYLE_COLOUR ( '', #6140 ) ;
#3891 = FILL_AREA_STYLE_COLOUR ( '', #6096 ) ;
#3892 = DIRECTION ( 'NONE',  ( -1.000000000000000000, 0.0000000000000000000, 0.0000000000000000000 ) ) ;
#3893 = MECHANICAL_DESIGN_GEOMETRIC_PRESENTATION_REPRESENTATION (  '', ( #5850 ), #2062 ) ;
#3894 = COLOUR_RGB ( '',0.7450980392156862919, 0.7450980392156862919, 0.7450980392156862919 ) ;
#3895 = DIRECTION ( 'NONE',  ( 0.0000000000000000000, 0.0000000000000000000, 1.000000000000000000 ) ) ;
#3896 = ADVANCED_FACE ( 'NONE', ( #6444 ), #3601, .T. ) ;
#3897 = DIMENSIONAL_EXPONENTS ( 1.000000000000000000, 0.0000000000000000000, 0.0000000000000000000, 0.0000000000000000000, 0.0000000000000000000, 0.0000000000000000000, 0.0000000000000000000 ) ;
#3898 = CARTESIAN_POINT ( 'NONE',  ( 0.1141732283464566844, 0.02952755905511811330, -1.346456692913385877 ) ) ;
#3899 = CARTESIAN_POINT ( 'NONE',  ( -0.02952755905511805085, -0.09389165368277066492, -1.622047244094488194 ) ) ;
#3900 = ORIENTED_EDGE ( 'NONE', *, *, #2582, .T. ) ;
#3901 = AXIS2_PLACEMENT_3D ( 'NONE', #475, #7353, #1301 ) ;
#3902 = ORIENTED_EDGE ( 'NONE', *, *, #6249, .F. ) ;
#3903 = CIRCLE ( 'NONE', #377, 0.003937007874015741038 ) ;
#3904 = DIRECTION ( 'NONE',  ( -1.000000000000000000, 0.0000000000000000000, 0.0000000000000000000 ) ) ;
#3905 = PRESENTATION_LAYER_ASSIGNMENT (  '', '', ( #2897 ) ) ;
#3906 = CARTESIAN_POINT ( 'NONE',  ( 0.09389165368277065105, 0.02952755905511811330, -1.346456692913385877 ) ) ;
#3907 = FACE_OUTER_BOUND ( 'NONE', #6781, .T. ) ;
#3908 = VECTOR ( 'NONE', #4292, 39.37007874015748143 ) ;
#3909 = ORIENTED_EDGE ( 'NONE', *, *, #7776, .F. ) ;
#3910 = LINE ( 'NONE', #6604, #7642 ) ;
#3911 = PLANE ( 'NONE',  #6396 ) ;
#3912 = DIRECTION ( 'NONE',  ( 1.000000000000000000, 0.0000000000000000000, 0.0000000000000000000 ) ) ;
#3913 = DIRECTION ( 'NONE',  ( -0.03903273174035342546, 4.780130998780112097E-18, 0.9992379325530460488 ) ) ;
#3914 = DIRECTION ( 'NONE',  ( 0.0000000000000000000, 0.0000000000000000000, -1.000000000000000000 ) ) ;
#3915 = AXIS2_PLACEMENT_3D ( 'NONE', #1004, #955, #3679 ) ;
#3916 = CARTESIAN_POINT ( 'NONE',  ( -0.09389165368277065105, 0.02952755905511811330, -1.385826771653543510 ) ) ;
#3917 = CARTESIAN_POINT ( 'NONE',  ( -0.09389165368277023471, -0.02952755905511811330, -1.622047244094488194 ) ) ;
#3918 = ORIENTED_EDGE ( 'NONE', *, *, #8727, .F. ) ;
#3919 = FACE_BOUND ( 'NONE', #6811, .T. ) ;
#3920 = PRODUCT_CONTEXT ( 'NONE', #5484, 'mechanical' ) ;
#3921 = ORIENTED_EDGE ( 'NONE', *, *, #5660, .T. ) ;
#3922 = FILL_AREA_STYLE_COLOUR ( '', #1926 ) ;
#3923 =( GEOMETRIC_REPRESENTATION_CONTEXT ( 3 ) GLOBAL_UNCERTAINTY_ASSIGNED_CONTEXT ( ( #3796 ) ) GLOBAL_UNIT_ASSIGNED_CONTEXT ( ( #8085, #7411, #578 ) ) REPRESENTATION_CONTEXT ( 'NONE', 'WORKASPACE' ) );
#3924 = CIRCLE ( 'NONE', #2645, 0.2755905511811023723 ) ;
#3925 = EDGE_CURVE ( 'NONE', #6018, #8242, #5441, .T. ) ;
#3926 = VECTOR ( 'NONE', #5713, 39.37007874015748143 ) ;
#3927 = ORIENTED_EDGE ( 'NONE', *, *, #4750, .F. ) ;
#3928 = CARTESIAN_POINT ( 'NONE',  ( -0.02952755905511811330, 0.1141732283464566844, -1.346456692913385877 ) ) ;
#3929 = CARTESIAN_POINT ( 'NONE',  ( -0.08858267716535508929, -0.1534296975208646885, 0.2007874015748031260 ) ) ;
#3930 = FILL_AREA_STYLE ('',( #4634 ) ) ;
#3931 = ORIENTED_EDGE ( 'NONE', *, *, #1041, .F. ) ;
#3932 = FACE_BOUND ( 'NONE', #5325, .T. ) ;
#3933 = SURFACE_STYLE_USAGE ( .BOTH. , #721 ) ;
#3934 = EDGE_CURVE ( 'NONE', #4329, #6487, #5857, .T. ) ;
#3935 = DIMENSIONAL_EXPONENTS ( 1.000000000000000000, 0.0000000000000000000, 0.0000000000000000000, 0.0000000000000000000, 0.0000000000000000000, 0.0000000000000000000, 0.0000000000000000000 ) ;
#3936 =( LENGTH_UNIT ( ) NAMED_UNIT ( * ) SI_UNIT ( $, .METRE. ) );
#3937 = CARTESIAN_POINT ( 'NONE',  ( 0.0000000000000000000, 0.0000000000000000000, -1.503937007874015741 ) ) ;
#3938 = CARTESIAN_POINT ( 'NONE',  ( -0.01574803149606297456, -0.09055118110236221041, 0.0000000000000000000 ) ) ;
#3939 = COLOUR_RGB ( '',0.2509803921568627416, 0.2509803921568627416, 0.2509803921568627416 ) ;
#3940 = LENGTH_MEASURE_WITH_UNIT ( LENGTH_MEASURE( 0.02539999999999999897 ), #4550 );
#3941 = ORIENTED_EDGE ( 'NONE', *, *, #7605, .T. ) ;
#3942 = DIRECTION ( 'NONE',  ( 0.0000000000000000000, -1.000000000000000000, 0.0000000000000000000 ) ) ;
#3943 = EDGE_LOOP ( 'NONE', ( #7639, #3602, #4924, #4952 ) ) ;
#3944 = DIRECTION ( 'NONE',  ( 0.0000000000000000000, 0.0000000000000000000, 1.000000000000000000 ) ) ;
#3945 = EDGE_CURVE ( 'NONE', #5615, #259, #5149, .T. ) ;
#3946 = CARTESIAN_POINT ( 'NONE',  ( -0.09389165368277065105, 0.02952755905511811330, -1.543307086614173151 ) ) ;
#3947 = EDGE_CURVE ( 'NONE', #6879, #2099, #2293, .T. ) ;
#3948 = SURFACE_SIDE_STYLE ('',( #1210 ) ) ;
#3949 = COLOUR_RGB ( '',0.4117647058823529216, 0.4117647058823529216, 0.4117647058823529216 ) ;
#3950 = FILL_AREA_STYLE_COLOUR ( '', #8111 ) ;
#3951 =( NAMED_UNIT ( * ) SI_UNIT ( $, .STERADIAN. ) SOLID_ANGLE_UNIT ( ) );
#3952 = EDGE_LOOP ( 'NONE', ( #927, #1325, #4443, #2688 ) ) ;
#3953 =( LENGTH_UNIT ( ) NAMED_UNIT ( * ) SI_UNIT ( $, .METRE. ) );
#3954 = FILL_AREA_STYLE_COLOUR ( '', #8716 ) ;
#3955 = FILL_AREA_STYLE ('',( #1922 ) ) ;
#3956 = ORIENTED_EDGE ( 'NONE', *, *, #863, .F. ) ;
#3957 = DIRECTION ( 'NONE',  ( 0.0000000000000000000, -1.000000000000000000, 0.0000000000000000000 ) ) ;
#3958 = DIRECTION ( 'NONE',  ( 1.000000000000000000, 0.0000000000000000000, 0.0000000000000000000 ) ) ;
#3959 = SURFACE_SIDE_STYLE ('',( #1974 ) ) ;
#3960 = CARTESIAN_POINT ( 'NONE',  ( 0.02952755905511810289, 0.09389165368277065105, -1.543307086614173151 ) ) ;
#3961 = STYLED_ITEM ( 'NONE', ( #5625 ), #5810 ) ;
#3962 = UNCERTAINTY_MEASURE_WITH_UNIT (LENGTH_MEASURE( 1.000000000000000082E-05 ), #7795, 'distance_accuracy_value', 'NONE');
#3963 = DIRECTION ( 'NONE',  ( -1.000000000000000000, 0.0000000000000000000, 0.0000000000000000000 ) ) ;
#3964 = DIRECTION ( 'NONE',  ( 0.0000000000000000000, 0.0000000000000000000, -1.000000000000000000 ) ) ;
#3965 = PLANE ( 'NONE',  #3396 ) ;
#3966 = ORIENTED_EDGE ( 'NONE', *, *, #752, .F. ) ;
#3967 = DIRECTION ( 'NONE',  ( 1.000000000000000000, 0.0000000000000000000, 0.0000000000000000000 ) ) ;
#3968 = CONICAL_SURFACE ( 'NONE', #7630, 0.1377952755905511584, 0.03904264995516706221 ) ;
#3969 = SURFACE_SIDE_STYLE ('',( #3252 ) ) ;
#3970 = ORIENTED_EDGE ( 'NONE', *, *, #858, .T. ) ;
#3971 = FILL_AREA_STYLE ('',( #5366 ) ) ;
#3972 = DIRECTION ( 'NONE',  ( 0.0000000000000000000, 0.0000000000000000000, -1.000000000000000000 ) ) ;
#3973 = ORIENTED_EDGE ( 'NONE', *, *, #200, .T. ) ;
#3974 = ADVANCED_FACE ( 'NONE', ( #1632, #3932, #7284, #1949, #6579, #8100, #8645 ), #4545, .F. ) ;
#3975 = ORIENTED_EDGE ( 'NONE', *, *, #4066, .T. ) ;
#3976 = SURFACE_STYLE_USAGE ( .BOTH. , #8008 ) ;
#3977 =( LENGTH_UNIT ( ) NAMED_UNIT ( * ) SI_UNIT ( $, .METRE. ) );
#3978 = ORIENTED_EDGE ( 'NONE', *, *, #2296, .T. ) ;
#3979 = CIRCLE ( 'NONE', #6361, 0.1497908464566929110 ) ;
#3980 = CARTESIAN_POINT ( 'NONE',  ( -0.1377952755905511584, 1.687505431895958879E-17, -1.771653543307086576 ) ) ;
#3981 = CARTESIAN_POINT ( 'NONE',  ( -0.07874015748031491790, 0.03149606299212599769, 0.1968503936985494807 ) ) ;
#3982 = UNCERTAINTY_MEASURE_WITH_UNIT (LENGTH_MEASURE( 1.000000000000000082E-05 ), #4269, 'distance_accuracy_value', 'NONE');
#3983 = PRESENTATION_LAYER_ASSIGNMENT (  '', '', ( #3123 ) ) ;
#3984 =( LENGTH_UNIT ( ) NAMED_UNIT ( * ) SI_UNIT ( $, .METRE. ) );
#3985 = COLOUR_RGB ( '',0.2509803921568627416, 0.2509803921568627416, 0.2509803921568627416 ) ;
#3986 =( CONVERSION_BASED_UNIT ( 'INCH', #633 ) LENGTH_UNIT ( ) NAMED_UNIT ( #947 ) );
#3987 = EDGE_CURVE ( 'NONE', #6106, #1968, #1898, .T. ) ;
#3988 = LINE ( 'NONE', #1957, #6484 ) ;
#3989 = ORIENTED_EDGE ( 'NONE', *, *, #5203, .F. ) ;
#3990 = ORIENTED_EDGE ( 'NONE', *, *, #7228, .T. ) ;
#3991 = PRESENTATION_STYLE_ASSIGNMENT (( #2048 ) ) ;
#3992 = MECHANICAL_DESIGN_GEOMETRIC_PRESENTATION_REPRESENTATION (  '', ( #884 ), #471 ) ;
#3993 = LINE ( 'NONE', #3494, #8239 ) ;
#3994 = COLOUR_RGB ( '',0.2509803921568627416, 0.2509803921568627416, 0.2509803921568627416 ) ;
#3995 = DIRECTION ( 'NONE',  ( 1.000000000000000000, 0.0000000000000000000, 0.0000000000000000000 ) ) ;
#3996 = DIMENSIONAL_EXPONENTS ( 1.000000000000000000, 0.0000000000000000000, 0.0000000000000000000, 0.0000000000000000000, 0.0000000000000000000, 0.0000000000000000000, 0.0000000000000000000 ) ;
#3997 = EDGE_CURVE ( 'NONE', #1848, #8636, #7134, .T. ) ;
#3998 = DIRECTION ( 'NONE',  ( -1.000000000000000000, 0.0000000000000000000, 0.0000000000000000000 ) ) ;
#3999 = EDGE_LOOP ( 'NONE', ( #6937, #56, #3253, #2436, #1565, #6660, #3480, #263, #3876, #451, #5546, #603, #3439, #6392 ) ) ;
#4000 = EDGE_CURVE ( 'NONE', #5463, #1640, #8054, .T. ) ;
#4001 = MECHANICAL_DESIGN_GEOMETRIC_PRESENTATION_REPRESENTATION (  '', ( #8248 ), #3857 ) ;
#4002 =( CONVERSION_BASED_UNIT ( 'INCH', #3242 ) LENGTH_UNIT ( ) NAMED_UNIT ( #8312 ) );
#4003 = DIRECTION ( 'NONE',  ( 1.000000000000000000, 0.0000000000000000000, 0.0000000000000000000 ) ) ;
#4004 = CARTESIAN_POINT ( 'NONE',  ( -0.02952755905511811330, -0.1141732283464566844, -1.464566929133858109 ) ) ;
#4005 = LINE ( 'NONE', #1137, #2015 ) ;
#4006 = DIRECTION ( 'NONE',  ( 0.0000000000000000000, 0.0000000000000000000, 1.000000000000000000 ) ) ;
#4007 =( GEOMETRIC_REPRESENTATION_CONTEXT ( 3 ) GLOBAL_UNCERTAINTY_ASSIGNED_CONTEXT ( ( #6452 ) ) GLOBAL_UNIT_ASSIGNED_CONTEXT ( ( #1169, #1963, #5215 ) ) REPRESENTATION_CONTEXT ( 'NONE', 'WORKASPACE' ) );
#4008 = CARTESIAN_POINT ( 'NONE',  ( 0.1141732283464566844, 0.02952755905511811330, -1.267716535433071057 ) ) ;
#4009 = DIRECTION ( 'NONE',  ( 0.0000000000000000000, 0.0000000000000000000, 1.000000000000000000 ) ) ;
#4010 = FILL_AREA_STYLE_COLOUR ( '', #7342 ) ;
#4011 = VERTEX_POINT ( 'NONE', #1996 ) ;
#4012 = PRESENTATION_LAYER_ASSIGNMENT (  '', '', ( #7241 ) ) ;
#4013 = CARTESIAN_POINT ( 'NONE',  ( -0.02952755905511811330, 0.1141732283464566844, -1.425196850393700698 ) ) ;
#4014 = PRESENTATION_STYLE_ASSIGNMENT (( #8770 ) ) ;
#4015 =( LENGTH_UNIT ( ) NAMED_UNIT ( * ) SI_UNIT ( $, .METRE. ) );
#4016 = ORIENTED_EDGE ( 'NONE', *, *, #3348, .T. ) ;
#4017 = CARTESIAN_POINT ( 'NONE',  ( 0.1377952755905511584, 0.0000000000000000000, -1.771653543307086576 ) ) ;
#4018 = SURFACE_STYLE_FILL_AREA ( #1282 ) ;
#4019 =( NAMED_UNIT ( * ) PLANE_ANGLE_UNIT ( ) SI_UNIT ( $, .RADIAN. ) );
#4020 = ORIENTED_EDGE ( 'NONE', *, *, #3332, .T. ) ;
#4021 = ORIENTED_EDGE ( 'NONE', *, *, #2932, .F. ) ;
#4022 = DIRECTION ( 'NONE',  ( 1.000000000000000000, 0.0000000000000000000, 0.0000000000000000000 ) ) ;
#4023 = ORIENTED_EDGE ( 'NONE', *, *, #200, .F. ) ;
#4024 =( LENGTH_UNIT ( ) NAMED_UNIT ( * ) SI_UNIT ( $, .METRE. ) );
#4025 = VECTOR ( 'NONE', #4803, 39.37007874015748143 ) ;
#4026 = DIRECTION ( 'NONE',  ( 1.000000000000000000, 0.0000000000000000000, 0.0000000000000000000 ) ) ;
#4027 = SURFACE_STYLE_USAGE ( .BOTH. , #3404 ) ;
#4028 = SURFACE_SIDE_STYLE ('',( #5586 ) ) ;
#4029 = EDGE_CURVE ( 'NONE', #2550, #2908, #8595, .T. ) ;
#4030 = CARTESIAN_POINT ( 'NONE',  ( 0.09842519685039370636, 1.205361022782828035E-17, -1.181102362204724310 ) ) ;
#4031 =( NAMED_UNIT ( * ) SI_UNIT ( $, .STERADIAN. ) SOLID_ANGLE_UNIT ( ) );
#4032 = CARTESIAN_POINT ( 'NONE',  ( -0.09389165368277065105, 0.02952755905511811330, -1.622047244094488194 ) ) ;
#4033 = ORIENTED_EDGE ( 'NONE', *, *, #4477, .F. ) ;
#4034 = SURFACE_SIDE_STYLE ('',( #3855 ) ) ;
#4035 = SURFACE_STYLE_FILL_AREA ( #3775 ) ;
#4036 = ORIENTED_EDGE ( 'NONE', *, *, #8344, .F. ) ;
#4037 =( NAMED_UNIT ( * ) PLANE_ANGLE_UNIT ( ) SI_UNIT ( $, .RADIAN. ) );
#4038 = STYLED_ITEM ( 'NONE', ( #3991 ), #3771 ) ;
#4039 = SURFACE_SIDE_STYLE ('',( #8158 ) ) ;
#4040 = EDGE_CURVE ( 'NONE', #7773, #525, #3357, .T. ) ;
#4041 = CARTESIAN_POINT ( 'NONE',  ( 0.0000000000000000000, 0.0000000000000000000, -1.771653543307086576 ) ) ;
#4042 = VECTOR ( 'NONE', #3219, 39.37007874015748143 ) ;
#4043 = PLANE ( 'NONE',  #1977 ) ;
#4044 = ORIENTED_EDGE ( 'NONE', *, *, #8402, .F. ) ;
#4045 = AXIS2_PLACEMENT_3D ( 'NONE', #2551, #5328, #7280 ) ;
#4046 = CARTESIAN_POINT ( 'NONE',  ( -0.02952755905511811330, -0.09389165368277065105, -1.700787401574803237 ) ) ;
#4047 = SURFACE_SIDE_STYLE ('',( #2708 ) ) ;
#4048 = FACE_OUTER_BOUND ( 'NONE', #136, .T. ) ;
#4049 = FILL_AREA_STYLE_COLOUR ( '', #8267 ) ;
#4050 = SURFACE_STYLE_USAGE ( .BOTH. , #5674 ) ;
#4051 =( LENGTH_UNIT ( ) NAMED_UNIT ( * ) SI_UNIT ( $, .METRE. ) );
#4052 = MECHANICAL_DESIGN_GEOMETRIC_PRESENTATION_REPRESENTATION (  '', ( #4746 ), #4598 ) ;
#4053 = EDGE_CURVE ( 'NONE', #4389, #306, #6718, .T. ) ;
#4054 = COLOUR_RGB ( '',0.7450980392156862919, 0.7450980392156862919, 0.7450980392156862919 ) ;
#4055 = FILL_AREA_STYLE_COLOUR ( '', #6107 ) ;
#4056 = PRESENTATION_LAYER_ASSIGNMENT (  '', '', ( #7436 ) ) ;
#4057 =( CONVERSION_BASED_UNIT ( 'INCH', #2627 ) LENGTH_UNIT ( ) NAMED_UNIT ( #4430 ) );
#4058 = ORIENTED_EDGE ( 'NONE', *, *, #6391, .F. ) ;
#4059 = CARTESIAN_POINT ( 'NONE',  ( -0.09842519685039370636, 0.0000000000000000000, -1.181102362204724310 ) ) ;
#4060 = FACE_OUTER_BOUND ( 'NONE', #6263, .T. ) ;
#4061 = ORIENTED_EDGE ( 'NONE', *, *, #1406, .T. ) ;
#4062 = LENGTH_MEASURE_WITH_UNIT ( LENGTH_MEASURE( 0.02539999999999999897 ), #6250 );
#4063 = SURFACE_SIDE_STYLE ('',( #3805 ) ) ;
#4064 = CARTESIAN_POINT ( 'NONE',  ( -0.02952755905511811330, 0.1141732283464566844, -1.464566929133858109 ) ) ;
#4065 = ADVANCED_FACE ( 'NONE', ( #2082 ), #2757, .T. ) ;
#4066 = EDGE_CURVE ( 'NONE', #2834, #7798, #6858, .T. ) ;
#4067 = AXIS2_PLACEMENT_3D ( 'NONE', #5308, #8078, #3333 ) ;
#4068 = UNCERTAINTY_MEASURE_WITH_UNIT (LENGTH_MEASURE( 1.000000000000000082E-05 ), #7901, 'distance_accuracy_value', 'NONE');
#4069 = DIRECTION ( 'NONE',  ( 1.000000000000000000, -8.673617379884032317E-15, 0.0000000000000000000 ) ) ;
#4070 = EDGE_LOOP ( 'NONE', ( #7593, #1287 ) ) ;
#4071 = CARTESIAN_POINT ( 'NONE',  ( 0.02952755905511811330, 0.1141732283464566844, -1.661417322834645827 ) ) ;
#4072 = AXIS2_PLACEMENT_3D ( 'NONE', #6101, #1337, #4088 ) ;
#4073 = DIRECTION ( 'NONE',  ( -1.000000000000000000, 0.0000000000000000000, 0.0000000000000000000 ) ) ;
#4074 = ORIENTED_EDGE ( 'NONE', *, *, #1443, .T. ) ;
#4075 = PRESENTATION_STYLE_ASSIGNMENT (( #6716 ) ) ;
#4076 = PRESENTATION_STYLE_ASSIGNMENT (( #3933 ) ) ;
#4077 = DIRECTION ( 'NONE',  ( -1.000000000000000000, 0.0000000000000000000, 0.0000000000000000000 ) ) ;
#4078 = COLOUR_RGB ( '',0.2509803921568627416, 0.2509803921568627416, 0.2509803921568627416 ) ;
#4079 = COLOUR_RGB ( '',0.7450980392156862919, 0.7450980392156862919, 0.7450980392156862919 ) ;
#4080 = VECTOR ( 'NONE', #629, 39.37007874015748143 ) ;
#4081 = UNCERTAINTY_MEASURE_WITH_UNIT (LENGTH_MEASURE( 1.000000000000000082E-05 ), #6069, 'distance_accuracy_value', 'NONE');
#4082 = DIRECTION ( 'NONE',  ( 1.000000000000000000, 1.776356839400250465E-15, 0.0000000000000000000 ) ) ;
#4083 = ORIENTED_EDGE ( 'NONE', *, *, #7646, .F. ) ;
#4084 = ORIENTED_EDGE ( 'NONE', *, *, #7011, .T. ) ;
#4085 =( NAMED_UNIT ( * ) SI_UNIT ( $, .STERADIAN. ) SOLID_ANGLE_UNIT ( ) );
#4086 =( NAMED_UNIT ( * ) PLANE_ANGLE_UNIT ( ) SI_UNIT ( $, .RADIAN. ) );
#4087 = VECTOR ( 'NONE', #7173, 39.37007874015748143 ) ;
#4088 = DIRECTION ( 'NONE',  ( 1.000000000000000000, 0.0000000000000000000, 0.0000000000000000000 ) ) ;
#4089 = SURFACE_STYLE_USAGE ( .BOTH. , #4039 ) ;
#4090 = DIRECTION ( 'NONE',  ( 0.0000000000000000000, 1.000000000000000000, 0.0000000000000000000 ) ) ;
#4091 = VECTOR ( 'NONE', #1191, 39.37007874015748143 ) ;
#4092 = PRESENTATION_LAYER_ASSIGNMENT (  '', '', ( #7903 ) ) ;
#4093 =( NAMED_UNIT ( * ) PLANE_ANGLE_UNIT ( ) SI_UNIT ( $, .RADIAN. ) );
#4094 = ORIENTED_EDGE ( 'NONE', *, *, #2464, .F. ) ;
#4095 = ADVANCED_FACE ( 'NONE', ( #4322 ), #3792, .T. ) ;
#4096 = FILL_AREA_STYLE ('',( #6061 ) ) ;
#4097 =( NAMED_UNIT ( * ) PLANE_ANGLE_UNIT ( ) SI_UNIT ( $, .RADIAN. ) );
#4098 =( NAMED_UNIT ( * ) PLANE_ANGLE_UNIT ( ) SI_UNIT ( $, .RADIAN. ) );
#4099 = DIRECTION ( 'NONE',  ( 0.0000000000000000000, 1.000000000000000000, 0.0000000000000000000 ) ) ;
#4100 =( NAMED_UNIT ( * ) SI_UNIT ( $, .STERADIAN. ) SOLID_ANGLE_UNIT ( ) );
#4101 =( GEOMETRIC_REPRESENTATION_CONTEXT ( 3 ) GLOBAL_UNCERTAINTY_ASSIGNED_CONTEXT ( ( #4326 ) ) GLOBAL_UNIT_ASSIGNED_CONTEXT ( ( #6632, #3270, #8695 ) ) REPRESENTATION_CONTEXT ( 'NONE', 'WORKASPACE' ) );
#4102 = PRESENTATION_STYLE_ASSIGNMENT (( #3545 ) ) ;
#4103 = EDGE_CURVE ( 'NONE', #6487, #4932, #1082, .T. ) ;
#4104 = ORIENTED_EDGE ( 'NONE', *, *, #1459, .T. ) ;
#4105 = CYLINDRICAL_SURFACE ( 'NONE', #5663, 0.003937007874015758385 ) ;
#4106 = EDGE_LOOP ( 'NONE', ( #178, #7297, #8353, #1647 ) ) ;
#4107 = DIRECTION ( 'NONE',  ( 0.0000000000000000000, 1.000000000000000000, 0.0000000000000000000 ) ) ;
#4108 = CARTESIAN_POINT ( 'NONE',  ( -0.07141893351509372156, -0.1578207716103512126, 0.03937007874015747977 ) ) ;
#4109 =( GEOMETRIC_REPRESENTATION_CONTEXT ( 3 ) GLOBAL_UNCERTAINTY_ASSIGNED_CONTEXT ( ( #3525 ) ) GLOBAL_UNIT_ASSIGNED_CONTEXT ( ( #3148, #4435, #4481 ) ) REPRESENTATION_CONTEXT ( 'NONE', 'WORKASPACE' ) );
#4110 = ADVANCED_FACE ( 'NONE', ( #1801 ), #8680, .F. ) ;
#4111 = FILL_AREA_STYLE_COLOUR ( '', #2254 ) ;
#4112 = VERTEX_POINT ( 'NONE', #8637 ) ;
#4113 = EDGE_CURVE ( 'NONE', #8138, #7320, #5984, .T. ) ;
#4114 = CARTESIAN_POINT ( 'NONE',  ( -0.09821518547154173273, -0.1435762634249768688, 0.03937007874015747977 ) ) ;
#4115 = DIRECTION ( 'NONE',  ( 0.0000000000000000000, 0.0000000000000000000, 1.000000000000000000 ) ) ;
#4116 = ORIENTED_EDGE ( 'NONE', *, *, #3406, .F. ) ;
#4117 = CARTESIAN_POINT ( 'NONE',  ( -0.09389165368277065105, 0.02952755905511811330, -1.464566929133858109 ) ) ;
#4118 = DIMENSIONAL_EXPONENTS ( 1.000000000000000000, 0.0000000000000000000, 0.0000000000000000000, 0.0000000000000000000, 0.0000000000000000000, 0.0000000000000000000, 0.0000000000000000000 ) ;
#4119 =( NAMED_UNIT ( * ) SI_UNIT ( $, .STERADIAN. ) SOLID_ANGLE_UNIT ( ) );
#4120 = CARTESIAN_POINT ( 'NONE',  ( 0.1141732283464566844, 0.02952755905511811330, -1.464566929133858109 ) ) ;
#4121 = EDGE_LOOP ( 'NONE', ( #3114, #7601, #1596, #6854 ) ) ;
#4122 = FILL_AREA_STYLE ('',( #4243 ) ) ;
#4123 = VECTOR ( 'NONE', #4611, 39.37007874015748143 ) ;
#4124 = FACE_OUTER_BOUND ( 'NONE', #534, .T. ) ;
#4125 = VERTEX_POINT ( 'NONE', #6702 ) ;
#4126 = SURFACE_STYLE_FILL_AREA ( #943 ) ;
#4127 = CARTESIAN_POINT ( 'NONE',  ( -0.09389165368277065105, -0.02952755905511811330, -1.661417322834645827 ) ) ;
#4128 = DIRECTION ( 'NONE',  ( -1.000000000000000000, 0.0000000000000000000, 0.0000000000000000000 ) ) ;
#4129 = CARTESIAN_POINT ( 'NONE',  ( -0.01574803149606297456, -0.09055118110236221041, 0.1968503936985494807 ) ) ;
#4130 = VECTOR ( 'NONE', #8573, 39.37007874015748143 ) ;
#4131 = VECTOR ( 'NONE', #5821, 39.37007874015748143 ) ;
#4132 = CARTESIAN_POINT ( 'NONE',  ( 0.05118110236220473758, -0.01968503937007873988, 0.1968503937007874127 ) ) ;
#4133 = SURFACE_STYLE_USAGE ( .BOTH. , #5563 ) ;
#4134 = ORIENTED_EDGE ( 'NONE', *, *, #540, .F. ) ;
#4135 =( NAMED_UNIT ( * ) PLANE_ANGLE_UNIT ( ) SI_UNIT ( $, .RADIAN. ) );
#4136 = CARTESIAN_POINT ( 'NONE',  ( -0.01968503937007873295, 0.01968503937007873988, 0.0000000000000000000 ) ) ;
#4137 = VECTOR ( 'NONE', #3562, 39.37007874015748143 ) ;
#4138 = LENGTH_MEASURE_WITH_UNIT ( LENGTH_MEASURE( 0.02539999999999999897 ), #8076 );
#4139 =( CONVERSION_BASED_UNIT ( 'INCH', #2059 ) LENGTH_UNIT ( ) NAMED_UNIT ( #5040 ) );
#4140 = SURFACE_STYLE_USAGE ( .BOTH. , #76 ) ;
#4141 = ADVANCED_FACE ( 'NONE', ( #7321 ), #580, .F. ) ;
#4142 = VECTOR ( 'NONE', #4877, 39.37007874015748143 ) ;
#4143 = LENGTH_MEASURE_WITH_UNIT ( LENGTH_MEASURE( 0.02539999999999999897 ), #3511 );
#4144 = ORIENTED_EDGE ( 'NONE', *, *, #5003, .F. ) ;
#4145 = LINE ( 'NONE', #6792, #8282 ) ;
#4146 =( LENGTH_UNIT ( ) NAMED_UNIT ( * ) SI_UNIT ( $, .METRE. ) );
#4147 = SURFACE_STYLE_FILL_AREA ( #7493 ) ;
#4148 = VERTEX_POINT ( 'NONE', #4873 ) ;
#4149 = SURFACE_SIDE_STYLE ('',( #3515 ) ) ;
#4150 = PLANE ( 'NONE',  #309 ) ;
#4151 = EDGE_CURVE ( 'NONE', #151, #3205, #2849, .T. ) ;
#4152 = STYLED_ITEM ( 'NONE', ( #4694 ), #2112 ) ;
#4153 = VERTEX_POINT ( 'NONE', #8269 ) ;
#4154 = CARTESIAN_POINT ( 'NONE',  ( 0.0000000000000000000, 0.0000000000000000000, -1.307086614173228467 ) ) ;
#4155 = CARTESIAN_POINT ( 'NONE',  ( -0.1141732283464566844, -0.02952755905511811330, -1.543307086614173151 ) ) ;
#4156 = VERTEX_POINT ( 'NONE', #8225 ) ;
#4157 = CARTESIAN_POINT ( 'NONE',  ( 0.1141732283464566844, -0.02952755905511811330, -1.622047244094488194 ) ) ;
#4158 = EDGE_CURVE ( 'NONE', #151, #1285, #7580, .T. ) ;
#4159 = EDGE_CURVE ( 'NONE', #3854, #1241, #5152, .T. ) ;
#4160 = PLANE ( 'NONE',  #130 ) ;
#4161 = EDGE_LOOP ( 'NONE', ( #477, #6813, #1426, #4544 ) ) ;
#4162 =( GEOMETRIC_REPRESENTATION_CONTEXT ( 3 ) GLOBAL_UNCERTAINTY_ASSIGNED_CONTEXT ( ( #195 ) ) GLOBAL_UNIT_ASSIGNED_CONTEXT ( ( #7600, #5428, #7430 ) ) REPRESENTATION_CONTEXT ( 'NONE', 'WORKASPACE' ) );
#4163 = DIRECTION ( 'NONE',  ( 1.000000000000000000, 0.0000000000000000000, 0.0000000000000000000 ) ) ;
#4164 = FILL_AREA_STYLE ('',( #6228 ) ) ;
#4165 = ORIENTED_EDGE ( 'NONE', *, *, #1603, .F. ) ;
#4166 =( CONVERSION_BASED_UNIT ( 'INCH', #5517 ) LENGTH_UNIT ( ) NAMED_UNIT ( #2297 ) );
#4167 = LINE ( 'NONE', #3415, #7511 ) ;
#4168 = STYLED_ITEM ( 'NONE', ( #2774 ), #6241 ) ;
#4169 = ADVANCED_FACE ( 'NONE', ( #2767 ), #6882, .F. ) ;
#4170 = DIRECTION ( 'NONE',  ( 0.0000000000000000000, 0.0000000000000000000, 1.000000000000000000 ) ) ;
#4171 = PRESENTATION_LAYER_ASSIGNMENT (  '', '', ( #4853 ) ) ;
#4172 = DIMENSIONAL_EXPONENTS ( 1.000000000000000000, 0.0000000000000000000, 0.0000000000000000000, 0.0000000000000000000, 0.0000000000000000000, 0.0000000000000000000, 0.0000000000000000000 ) ;
#4173 = DIRECTION ( 'NONE',  ( 1.000000000000000000, 0.0000000000000000000, 0.0000000000000000000 ) ) ;
#4174 = LENGTH_MEASURE_WITH_UNIT ( LENGTH_MEASURE( 0.02539999999999999897 ), #5521 );
#4175 = ORIENTED_EDGE ( 'NONE', *, *, #713, .F. ) ;
#4176 =( GEOMETRIC_REPRESENTATION_CONTEXT ( 3 ) GLOBAL_UNCERTAINTY_ASSIGNED_CONTEXT ( ( #8424 ) ) GLOBAL_UNIT_ASSIGNED_CONTEXT ( ( #4711, #8180, #2721 ) ) REPRESENTATION_CONTEXT ( 'NONE', 'WORKASPACE' ) );
#4177 = COLOUR_RGB ( '',0.2509803921568627416, 0.2509803921568627416, 0.2509803921568627416 ) ;
#4178 = VECTOR ( 'NONE', #8106, 39.37007874015748143 ) ;
#4179 =( NAMED_UNIT ( * ) SI_UNIT ( $, .STERADIAN. ) SOLID_ANGLE_UNIT ( ) );
#4180 = CARTESIAN_POINT ( 'NONE',  ( 0.1141732283464566844, 0.02952755905511811330, -1.700787401574803237 ) ) ;
#4181 =( NAMED_UNIT ( * ) PLANE_ANGLE_UNIT ( ) SI_UNIT ( $, .RADIAN. ) );
#4182 = COLOUR_RGB ( '',0.7450980392156862919, 0.7450980392156862919, 0.7450980392156862919 ) ;
#4183 = EDGE_LOOP ( 'NONE', ( #7696, #4502, #8536, #6679 ) ) ;
#4184 = FACE_OUTER_BOUND ( 'NONE', #7397, .T. ) ;
#4185 = ORIENTED_EDGE ( 'NONE', *, *, #2065, .F. ) ;
#4186 = AXIS2_PLACEMENT_3D ( 'NONE', #4210, #7558, #768 ) ;
#4187 = LINE ( 'NONE', #2720, #5230 ) ;
#4188 = ORIENTED_EDGE ( 'NONE', *, *, #3947, .T. ) ;
#4189 = CIRCLE ( 'NONE', #5298, 0.09842519685039410882 ) ;
#4190 = DIRECTION ( 'NONE',  ( -1.000000000000000000, 0.0000000000000000000, 0.0000000000000000000 ) ) ;
#4191 = DIRECTION ( 'NONE',  ( -1.000000000000000000, 0.0000000000000000000, 0.0000000000000000000 ) ) ;
#4192 = PRESENTATION_LAYER_ASSIGNMENT (  '', '', ( #6149 ) ) ;
#4193 =( GEOMETRIC_REPRESENTATION_CONTEXT ( 3 ) GLOBAL_UNCERTAINTY_ASSIGNED_CONTEXT ( ( #7062 ) ) GLOBAL_UNIT_ASSIGNED_CONTEXT ( ( #4230, #6919, #2813 ) ) REPRESENTATION_CONTEXT ( 'NONE', 'WORKASPACE' ) );
#4194 = AXIS2_PLACEMENT_3D ( 'NONE', #616, #7266, #3833 ) ;
#4195 = CARTESIAN_POINT ( 'NONE',  ( -0.02952755905511811330, -0.1141732283464566844, -1.503937007874015741 ) ) ;
#4196 = ORIENTED_EDGE ( 'NONE', *, *, #8147, .T. ) ;
#4197 = FACE_OUTER_BOUND ( 'NONE', #3873, .T. ) ;
#4198 = SURFACE_STYLE_USAGE ( .BOTH. , #798 ) ;
#4199 = ORIENTED_EDGE ( 'NONE', *, *, #2532, .T. ) ;
#4200 = EDGE_CURVE ( 'NONE', #7320, #715, #2340, .T. ) ;
#4201 = DIRECTION ( 'NONE',  ( 1.000000000000000000, 0.0000000000000000000, 0.0000000000000000000 ) ) ;
#4202 = COLOUR_RGB ( '',0.2509803921568627416, 0.2509803921568627416, 0.2509803921568627416 ) ;
#4203 = DIRECTION ( 'NONE',  ( 1.000000000000000000, 0.0000000000000000000, 0.0000000000000000000 ) ) ;
#4204 = ORIENTED_EDGE ( 'NONE', *, *, #5975, .F. ) ;
#4205 = FILL_AREA_STYLE_COLOUR ( '', #5137 ) ;
#4206 = CARTESIAN_POINT ( 'NONE',  ( 0.1763232720909886364, -0.01705977506991366785, 0.2007874015748031260 ) ) ;
#4207 = ORIENTED_EDGE ( 'NONE', *, *, #6498, .F. ) ;
#4208 = EDGE_CURVE ( 'NONE', #6348, #1907, #7274, .T. ) ;
#4209 = DIRECTION ( 'NONE',  ( 0.0000000000000000000, -1.000000000000000000, 0.0000000000000000000 ) ) ;
#4210 = CARTESIAN_POINT ( 'NONE',  ( 0.02952755905511811330, -0.09389165368277065105, -1.700787401574803237 ) ) ;
#4211 = CARTESIAN_POINT ( 'NONE',  ( 0.09389165368277066492, -0.02952755905511809942, -1.543307086614173151 ) ) ;
#4212 = DIRECTION ( 'NONE',  ( 0.0000000000000000000, 0.0000000000000000000, 1.000000000000000000 ) ) ;
#4213 = AXIS2_PLACEMENT_3D ( 'NONE', #2673, #2067, #8264 ) ;
#4214 = SURFACE_STYLE_FILL_AREA ( #5397 ) ;
#4215 = LINE ( 'NONE', #3418, #2942 ) ;
#4216 = ORIENTED_EDGE ( 'NONE', *, *, #3649, .F. ) ;
#4217 = STYLED_ITEM ( 'NONE', ( #4742 ), #8170 ) ;
#4218 = EDGE_CURVE ( 'NONE', #295, #6116, #8732, .T. ) ;
#4219 = EDGE_CURVE ( 'NONE', #701, #2820, #5582, .T. ) ;
#4220 = DIRECTION ( 'NONE',  ( 0.0000000000000000000, 0.0000000000000000000, 1.000000000000000000 ) ) ;
#4221 = AXIS2_PLACEMENT_3D ( 'NONE', #7777, #6390, #4409 ) ;
#4222 = CIRCLE ( 'NONE', #3507, 0.09842519685039410882 ) ;
#4223 = ORIENTED_EDGE ( 'NONE', *, *, #2361, .F. ) ;
#4224 = DIRECTION ( 'NONE',  ( 1.000000000000000000, 0.0000000000000000000, 0.0000000000000000000 ) ) ;
#4225 = AXIS2_PLACEMENT_3D ( 'NONE', #2030, #5370, #1412 ) ;
#4226 = DIRECTION ( 'NONE',  ( 1.000000000000000000, 0.0000000000000000000, 0.0000000000000000000 ) ) ;
#4227 = VERTEX_POINT ( 'NONE', #7626 ) ;
#4228 = DIRECTION ( 'NONE',  ( 0.0000000000000000000, 1.000000000000000000, 0.0000000000000000000 ) ) ;
#4229 = ORIENTED_EDGE ( 'NONE', *, *, #5854, .F. ) ;
#4230 =( CONVERSION_BASED_UNIT ( 'INCH', #1485 ) LENGTH_UNIT ( ) NAMED_UNIT ( #5627 ) );
#4231 = FACE_OUTER_BOUND ( 'NONE', #7147, .T. ) ;
#4232 = CARTESIAN_POINT ( 'NONE',  ( 0.0000000000000000000, 0.0000000000000000000, -1.464566929133858109 ) ) ;
#4233 = ORIENTED_EDGE ( 'NONE', *, *, #8659, .T. ) ;
#4234 = FILL_AREA_STYLE ('',( #3440 ) ) ;
#4235 = CYLINDRICAL_SURFACE ( 'NONE', #3495, 0.01574803149606299885 ) ;
#4236 = LINE ( 'NONE', #5423, #5283 ) ;
#4237 = ORIENTED_EDGE ( 'NONE', *, *, #5963, .T. ) ;
#4238 = FILL_AREA_STYLE ('',( #844 ) ) ;
#4239 = EDGE_CURVE ( 'NONE', #1047, #1256, #1612, .T. ) ;
#4240 = UNCERTAINTY_MEASURE_WITH_UNIT (LENGTH_MEASURE( 1.000000000000000082E-05 ), #6729, 'distance_accuracy_value', 'NONE');
#4241 = DIRECTION ( 'NONE',  ( 1.000000000000000000, 0.0000000000000000000, 0.0000000000000000000 ) ) ;
#4242 = ORIENTED_EDGE ( 'NONE', *, *, #8224, .T. ) ;
#4243 = FILL_AREA_STYLE_COLOUR ( '', #5011 ) ;
#4244 = CARTESIAN_POINT ( 'NONE',  ( 0.09389165368277065105, 0.02952755905511811330, -1.622047244094488194 ) ) ;
#4245 = VERTEX_POINT ( 'NONE', #7664 ) ;
#4246 =( CONVERSION_BASED_UNIT ( 'INCH', #2252 ) LENGTH_UNIT ( ) NAMED_UNIT ( #163 ) );
#4247 = PRESENTATION_LAYER_ASSIGNMENT (  '', '', ( #2546 ) ) ;
#4248 = CARTESIAN_POINT ( 'NONE',  ( -0.1141732283464566844, 0.02952755905511811330, -1.543307086614173151 ) ) ;
#4249 = CARTESIAN_POINT ( 'NONE',  ( -0.01574803149606299191, 0.09055118110236221041, 0.1968503937007874127 ) ) ;
#4250 = CARTESIAN_POINT ( 'NONE',  ( 0.1141732283464566844, 0.02952755905511811330, -1.425196850393700698 ) ) ;
#4251 = EDGE_CURVE ( 'NONE', #6771, #4551, #3903, .T. ) ;
#4252 = COLOUR_RGB ( '',0.7450980392156862919, 0.7450980392156862919, 0.7450980392156862919 ) ;
#4253 = DIRECTION ( 'NONE',  ( 1.000000000000000000, 0.0000000000000000000, 0.0000000000000000000 ) ) ;
#4254 = ORIENTED_EDGE ( 'NONE', *, *, #5324, .T. ) ;
#4255 = CARTESIAN_POINT ( 'NONE',  ( -0.09389165368277065105, 0.02952755905511811330, -1.346456692913385877 ) ) ;
#4256 = CARTESIAN_POINT ( 'NONE',  ( 0.1141732283464566844, 0.02952755905511811330, -1.267716535433071057 ) ) ;
#4257 = CIRCLE ( 'NONE', #2703, 0.09842519685039410882 ) ;
#4258 = EDGE_CURVE ( 'NONE', #8754, #3443, #7806, .T. ) ;
#4259 = DIMENSIONAL_EXPONENTS ( 1.000000000000000000, 0.0000000000000000000, 0.0000000000000000000, 0.0000000000000000000, 0.0000000000000000000, 0.0000000000000000000, 0.0000000000000000000 ) ;
#4260 = EDGE_CURVE ( 'NONE', #5639, #7556, #2315, .T. ) ;
#4261 = ORIENTED_EDGE ( 'NONE', *, *, #771, .F. ) ;
#4262 = MECHANICAL_DESIGN_GEOMETRIC_PRESENTATION_REPRESENTATION (  '', ( #3123 ), #5394 ) ;
#4263 = CARTESIAN_POINT ( 'NONE',  ( -0.09670693697808412093, 0.1250417925920263296, 0.2007874015748031260 ) ) ;
#4264 =( CONVERSION_BASED_UNIT ( 'INCH', #2267 ) LENGTH_UNIT ( ) NAMED_UNIT ( #2024 ) );
#4265 = EDGE_LOOP ( 'NONE', ( #3121, #3413, #8767, #220 ) ) ;
#4266 = CARTESIAN_POINT ( 'NONE',  ( 0.1723862642169728676, -0.01705977506991366785, 0.4298724771940015676 ) ) ;
#4267 = ORIENTED_EDGE ( 'NONE', *, *, #209, .F. ) ;
#4268 = LINE ( 'NONE', #6961, #3926 ) ;
#4269 =( CONVERSION_BASED_UNIT ( 'INCH', #4757 ) LENGTH_UNIT ( ) NAMED_UNIT ( #1513 ) );
#4270 = CARTESIAN_POINT ( 'NONE',  ( 0.09389165368277066492, -0.02952755905511809942, -1.464566929133858109 ) ) ;
#4271 =( NAMED_UNIT ( * ) PLANE_ANGLE_UNIT ( ) SI_UNIT ( $, .RADIAN. ) );
#4272 = AXIS2_PLACEMENT_3D ( 'NONE', #8347, #5736, #995 ) ;
#4273 = AXIS2_PLACEMENT_3D ( 'NONE', #350, #3115, #1713 ) ;
#4274 = EDGE_LOOP ( 'NONE', ( #124, #2131, #7153, #338 ) ) ;
#4275 = CARTESIAN_POINT ( 'NONE',  ( 0.02952755905511810289, 0.09389165368277065105, -1.503937007874015741 ) ) ;
#4276 = ORIENTED_EDGE ( 'NONE', *, *, #443, .F. ) ;
#4277 = DIRECTION ( 'NONE',  ( 1.000000000000000000, 0.0000000000000000000, 0.0000000000000000000 ) ) ;
#4278 = DIMENSIONAL_EXPONENTS ( 1.000000000000000000, 0.0000000000000000000, 0.0000000000000000000, 0.0000000000000000000, 0.0000000000000000000, 0.0000000000000000000, 0.0000000000000000000 ) ;
#4279 = VECTOR ( 'NONE', #740, 39.37007874015748143 ) ;
#4280 = VERTEX_POINT ( 'NONE', #2272 ) ;
#4281 = SURFACE_SIDE_STYLE ('',( #4330 ) ) ;
#4282 = CARTESIAN_POINT ( 'NONE',  ( 0.1141732283464566844, 0.02952755905511811330, -1.700787401574803237 ) ) ;
#4283 = ORIENTED_EDGE ( 'NONE', *, *, #5338, .T. ) ;
#4284 = CARTESIAN_POINT ( 'NONE',  ( -0.09389165368277065105, 0.02952755905511811330, -1.307086614173228467 ) ) ;
#4285 =( GEOMETRIC_REPRESENTATION_CONTEXT ( 3 ) GLOBAL_UNCERTAINTY_ASSIGNED_CONTEXT ( ( #8520 ) ) GLOBAL_UNIT_ASSIGNED_CONTEXT ( ( #2128, #4852, #2744 ) ) REPRESENTATION_CONTEXT ( 'NONE', 'WORKASPACE' ) );
#4286 = LINE ( 'NONE', #7783, #2345 ) ;
#4287 = LENGTH_MEASURE_WITH_UNIT ( LENGTH_MEASURE( 0.02539999999999999897 ), #4900 );
#4288 = CONICAL_SURFACE ( 'NONE', #8423, 0.1377952755905511584, 0.03904264995516706221 ) ;
#4289 = DIRECTION ( 'NONE',  ( -0.0000000000000000000, -0.0000000000000000000, -1.000000000000000000 ) ) ;
#4290 = FILL_AREA_STYLE ('',( #1595 ) ) ;
#4291 = ORIENTED_EDGE ( 'NONE', *, *, #8672, .F. ) ;
#4292 = DIRECTION ( 'NONE',  ( 0.0000000000000000000, 1.000000000000000000, 0.0000000000000000000 ) ) ;
#4293 =( LENGTH_UNIT ( ) NAMED_UNIT ( * ) SI_UNIT ( $, .METRE. ) );
#4294 = EDGE_CURVE ( 'NONE', #4651, #4112, #4189, .T. ) ;
#4295 = SURFACE_STYLE_USAGE ( .BOTH. , #3048 ) ;
#4296 = VECTOR ( 'NONE', #4752, 39.37007874015748143 ) ;
#4297 = LENGTH_MEASURE_WITH_UNIT ( LENGTH_MEASURE( 0.02539999999999999897 ), #3049 );
#4298 = LINE ( 'NONE', #6331, #7233 ) ;
#4299 = VECTOR ( 'NONE', #6714, 39.37007874015748143 ) ;
#4300 = DIRECTION ( 'NONE',  ( 0.0000000000000000000, -1.000000000000000000, 0.0000000000000000000 ) ) ;
#4301 = EDGE_LOOP ( 'NONE', ( #5251, #4376, #6356, #44 ) ) ;
#4302 = AXIS2_PLACEMENT_3D ( 'NONE', #6236, #3461, #7568 ) ;
#4303 = PRESENTATION_STYLE_ASSIGNMENT (( #2140 ) ) ;
#4304 = FILL_AREA_STYLE ('',( #2230 ) ) ;
#4305 = ORIENTED_EDGE ( 'NONE', *, *, #8058, .F. ) ;
#4306 = CARTESIAN_POINT ( 'NONE',  ( 0.1141732283464566844, -0.02952755905511811330, -1.700787401574803237 ) ) ;
#4307 = EDGE_LOOP ( 'NONE', ( #2152, #4199, #2635, #7545 ) ) ;
#4308 = EDGE_CURVE ( 'NONE', #1240, #7945, #2362, .T. ) ;
#4309 = DIRECTION ( 'NONE',  ( 1.000000000000000000, 0.0000000000000000000, 0.0000000000000000000 ) ) ;
#4310 = CARTESIAN_POINT ( 'NONE',  ( -0.02952755905511811330, 0.1141732283464566844, -1.307086614173228467 ) ) ;
#4311 = COLOUR_RGB ( '',0.2509803921568627416, 0.2509803921568627416, 0.2509803921568627416 ) ;
#4312 = STYLED_ITEM ( 'NONE', ( #7036 ), #3763 ) ;
#4313 = VECTOR ( 'NONE', #2124, 39.37007874015748854 ) ;
#4314 = CIRCLE ( 'NONE', #1490, 0.1771653543307083190 ) ;
#4315 = ORIENTED_EDGE ( 'NONE', *, *, #4218, .T. ) ;
#4316 = DIMENSIONAL_EXPONENTS ( 1.000000000000000000, 0.0000000000000000000, 0.0000000000000000000, 0.0000000000000000000, 0.0000000000000000000, 0.0000000000000000000, 0.0000000000000000000 ) ;
#4317 = FILL_AREA_STYLE ('',( #3067 ) ) ;
#4318 = LINE ( 'NONE', #3655, #3212 ) ;
#4319 = FILL_AREA_STYLE ('',( #3606 ) ) ;
#4320 = ORIENTED_EDGE ( 'NONE', *, *, #1662, .F. ) ;
#4321 = EDGE_CURVE ( 'NONE', #4551, #8603, #4913, .T. ) ;
#4322 = FACE_OUTER_BOUND ( 'NONE', #1332, .T. ) ;
#4323 = ADVANCED_FACE ( 'NONE', ( #8315, #968 ), #5086, .T. ) ;
#4324 = VECTOR ( 'NONE', #637, 39.37007874015748143 ) ;
#4325 =( GEOMETRIC_REPRESENTATION_CONTEXT ( 3 ) GLOBAL_UNCERTAINTY_ASSIGNED_CONTEXT ( ( #4339 ) ) GLOBAL_UNIT_ASSIGNED_CONTEXT ( ( #1981, #1278, #1312 ) ) REPRESENTATION_CONTEXT ( 'NONE', 'WORKASPACE' ) );
#4326 = UNCERTAINTY_MEASURE_WITH_UNIT (LENGTH_MEASURE( 1.000000000000000082E-05 ), #6632, 'distance_accuracy_value', 'NONE');
#4327 = FILL_AREA_STYLE ('',( #5730 ) ) ;
#4328 = CARTESIAN_POINT ( 'NONE',  ( -0.1009673307018806171, 0.1407609965404376384, 0.03937007874015747977 ) ) ;
#4329 = VERTEX_POINT ( 'NONE', #430 ) ;
#4330 = SURFACE_STYLE_FILL_AREA ( #2991 ) ;
#4331 = MECHANICAL_DESIGN_GEOMETRIC_PRESENTATION_REPRESENTATION (  '', ( #5869 ), #4759 ) ;
#4332 = CARTESIAN_POINT ( 'NONE',  ( -0.02952755905511811330, 0.1141732283464566844, -1.385826771653543510 ) ) ;
#4333 = ORIENTED_EDGE ( 'NONE', *, *, #7230, .T. ) ;
#4334 = SURFACE_SIDE_STYLE ('',( #5605 ) ) ;
#4335 = LENGTH_MEASURE_WITH_UNIT ( LENGTH_MEASURE( 0.02539999999999999897 ), #8386 );
#4336 = LINE ( 'NONE', #5559, #8260 ) ;
#4337 = MECHANICAL_DESIGN_GEOMETRIC_PRESENTATION_REPRESENTATION (  '', ( #7575 ), #7301 ) ;
#4338 = DIMENSIONAL_EXPONENTS ( 1.000000000000000000, 0.0000000000000000000, 0.0000000000000000000, 0.0000000000000000000, 0.0000000000000000000, 0.0000000000000000000, 0.0000000000000000000 ) ;
#4339 = UNCERTAINTY_MEASURE_WITH_UNIT (LENGTH_MEASURE( 1.000000000000000082E-05 ), #1981, 'distance_accuracy_value', 'NONE');
#4340 = DIRECTION ( 'NONE',  ( 0.0000000000000000000, 0.0000000000000000000, 1.000000000000000000 ) ) ;
#4341 = ORIENTED_EDGE ( 'NONE', *, *, #6414, .F. ) ;
#4342 = CARTESIAN_POINT ( 'NONE',  ( 0.02952755905511811330, -0.09389165368277065105, -1.425196850393700698 ) ) ;
#4343 = CARTESIAN_POINT ( 'NONE',  ( 0.0000000000000000000, 0.0000000000000000000, 0.2480314960629921572 ) ) ;
#4344 = AXIS2_PLACEMENT_3D ( 'NONE', #7025, #493, #990 ) ;
#4345 = CARTESIAN_POINT ( 'NONE',  ( -0.02952755905511805085, -0.09389165368277066492, -1.464566929133858109 ) ) ;
#4346 = VECTOR ( 'NONE', #1827, 39.37007874015748854 ) ;
#4347 = SURFACE_SIDE_STYLE ('',( #4905 ) ) ;
#4348 = AXIS2_PLACEMENT_3D ( 'NONE', #4041, #2873, #4738 ) ;
#4349 =( GEOMETRIC_REPRESENTATION_CONTEXT ( 3 ) GLOBAL_UNCERTAINTY_ASSIGNED_CONTEXT ( ( #5191 ) ) GLOBAL_UNIT_ASSIGNED_CONTEXT ( ( #5849, #2498, #6565 ) ) REPRESENTATION_CONTEXT ( 'NONE', 'WORKASPACE' ) );
#4350 = VECTOR ( 'NONE', #2586, 39.37007874015748143 ) ;
#4351 = EDGE_CURVE ( 'NONE', #1097, #225, #4268, .T. ) ;
#4352 =( CONVERSION_BASED_UNIT ( 'INCH', #7041 ) LENGTH_UNIT ( ) NAMED_UNIT ( #7946 ) );
#4353 = VERTEX_POINT ( 'NONE', #3735 ) ;
#4354 =( NAMED_UNIT ( * ) PLANE_ANGLE_UNIT ( ) SI_UNIT ( $, .RADIAN. ) );
#4355 = ORIENTED_EDGE ( 'NONE', *, *, #6193, .F. ) ;
#4356 = AXIS2_PLACEMENT_3D ( 'NONE', #138, #8149, #3407 ) ;
#4357 = LINE ( 'NONE', #5755, #2840 ) ;
#4358 = EDGE_LOOP ( 'NONE', ( #1292, #5365, #6791, #287 ) ) ;
#4359 =( CONVERSION_BASED_UNIT ( 'INCH', #1655 ) LENGTH_UNIT ( ) NAMED_UNIT ( #7318 ) );
#4360 = VECTOR ( 'NONE', #7979, 39.37007874015748143 ) ;
#4361 = FILL_AREA_STYLE ('',( #1657 ) ) ;
#4362 = EDGE_CURVE ( 'NONE', #5235, #754, #253, .T. ) ;
#4363 = VECTOR ( 'NONE', #1151, 39.37007874015748143 ) ;
#4364 = ORIENTED_EDGE ( 'NONE', *, *, #1764, .F. ) ;
#4365 = CARTESIAN_POINT ( 'NONE',  ( -0.01574803149606299191, 0.09055118110236221041, 0.1968503937007874127 ) ) ;
#4366 = DIRECTION ( 'NONE',  ( -0.0000000000000000000, -0.0000000000000000000, -1.000000000000000000 ) ) ;
#4367 = PLANE ( 'NONE',  #364 ) ;
#4368 = ORIENTED_EDGE ( 'NONE', *, *, #8402, .T. ) ;
#4369 = EDGE_CURVE ( 'NONE', #3080, #7171, #7311, .T. ) ;
#4370 = EDGE_CURVE ( 'NONE', #593, #405, #4695, .T. ) ;
#4371 = STYLED_ITEM ( 'NONE', ( #6254 ), #5719 ) ;
#4372 = ORIENTED_EDGE ( 'NONE', *, *, #4782, .F. ) ;
#4373 = DIRECTION ( 'NONE',  ( 0.0000000000000000000, -1.000000000000000000, 0.0000000000000000000 ) ) ;
#4374 = DIRECTION ( 'NONE',  ( -1.000000000000000000, 0.0000000000000000000, 0.0000000000000000000 ) ) ;
#4375 =( CONVERSION_BASED_UNIT ( 'INCH', #1722 ) LENGTH_UNIT ( ) NAMED_UNIT ( #7441 ) );
#4376 = ORIENTED_EDGE ( 'NONE', *, *, #4689, .F. ) ;
#4377 = FILL_AREA_STYLE_COLOUR ( '', #2623 ) ;
#4378 = SURFACE_STYLE_FILL_AREA ( #238 ) ;
#4379 = DIMENSIONAL_EXPONENTS ( 1.000000000000000000, 0.0000000000000000000, 0.0000000000000000000, 0.0000000000000000000, 0.0000000000000000000, 0.0000000000000000000, 0.0000000000000000000 ) ;
#4380 = LINE ( 'NONE', #7785, #1886 ) ;
#4381 = LINE ( 'NONE', #901, #1519 ) ;
#4382 = LENGTH_MEASURE_WITH_UNIT ( LENGTH_MEASURE( 0.02539999999999999897 ), #2300 );
#4383 = VERTEX_POINT ( 'NONE', #8751 ) ;
#4384 = FILL_AREA_STYLE ('',( #3089 ) ) ;
#4385 = MECHANICAL_DESIGN_GEOMETRIC_PRESENTATION_REPRESENTATION (  '', ( #3106 ), #4109 ) ;
#4386 =( LENGTH_UNIT ( ) NAMED_UNIT ( * ) SI_UNIT ( $, .METRE. ) );
#4387 = FILL_AREA_STYLE_COLOUR ( '', #4202 ) ;
#4388 = DIRECTION ( 'NONE',  ( -1.000000000000000000, 0.0000000000000000000, 0.0000000000000000000 ) ) ;
#4389 = VERTEX_POINT ( 'NONE', #5966 ) ;
#4390 = DIRECTION ( 'NONE',  ( 1.000000000000000000, 0.0000000000000000000, 0.0000000000000000000 ) ) ;
#4391 = SURFACE_STYLE_FILL_AREA ( #8359 ) ;
#4392 = LINE ( 'NONE', #6725, #7774 ) ;
#4393 = VERTEX_POINT ( 'NONE', #5351 ) ;
#4394 = VECTOR ( 'NONE', #1217, 39.37007874015748143 ) ;
#4395 = LENGTH_MEASURE_WITH_UNIT ( LENGTH_MEASURE( 0.02539999999999999897 ), #7714 );
#4396 = VERTEX_POINT ( 'NONE', #4519 ) ;
#4397 = CARTESIAN_POINT ( 'NONE',  ( 0.1141732283464566844, 0.02952755905511811330, -1.622047244094488194 ) ) ;
#4398 = DIRECTION ( 'NONE',  ( 1.000000000000000000, 0.0000000000000000000, 0.0000000000000000000 ) ) ;
#4399 = STYLED_ITEM ( 'NONE', ( #7129 ), #316 ) ;
#4400 = ORIENTED_EDGE ( 'NONE', *, *, #3013, .F. ) ;
#4401 = DIRECTION ( 'NONE',  ( 1.000000000000000000, 0.0000000000000000000, 0.0000000000000000000 ) ) ;
#4402 = DIRECTION ( 'NONE',  ( 1.000000000000000000, 0.0000000000000000000, 0.0000000000000000000 ) ) ;
#4403 = LINE ( 'NONE', #2325, #5990 ) ;
#4404 = ORIENTED_EDGE ( 'NONE', *, *, #3291, .T. ) ;
#4405 = VECTOR ( 'NONE', #813, 39.37007874015748143 ) ;
#4406 = CARTESIAN_POINT ( 'NONE',  ( -0.02952755905511811330, 0.09389165368277065105, -1.267716535433071057 ) ) ;
#4407 = CIRCLE ( 'NONE', #4667, 0.1614173228346456601 ) ;
#4408 = EDGE_CURVE ( 'NONE', #1609, #7768, #4894, .T. ) ;
#4409 = DIRECTION ( 'NONE',  ( -1.000000000000000000, 0.0000000000000000000, 0.0000000000000000000 ) ) ;
#4410 = CARTESIAN_POINT ( 'NONE',  ( 0.02952755905511811330, -0.09389165368277065105, -1.267716535433071057 ) ) ;
#4411 = ORIENTED_EDGE ( 'NONE', *, *, #441, .F. ) ;
#4412 = LINE ( 'NONE', #2335, #1684 ) ;
#4413 = FACE_OUTER_BOUND ( 'NONE', #4866, .T. ) ;
#4414 = ORIENTED_EDGE ( 'NONE', *, *, #6259, .F. ) ;
#4415 =( NAMED_UNIT ( * ) PLANE_ANGLE_UNIT ( ) SI_UNIT ( $, .RADIAN. ) );
#4416 = EDGE_CURVE ( 'NONE', #3842, #2923, #3816, .T. ) ;
#4417 = FACE_BOUND ( 'NONE', #2597, .T. ) ;
#4418 = VECTOR ( 'NONE', #7904, 39.37007874015748143 ) ;
#4419 = FACE_OUTER_BOUND ( 'NONE', #7374, .T. ) ;
#4420 = DIRECTION ( 'NONE',  ( 1.000000000000000000, 0.0000000000000000000, 0.0000000000000000000 ) ) ;
#4421 = UNCERTAINTY_MEASURE_WITH_UNIT (LENGTH_MEASURE( 1.000000000000000082E-05 ), #1383, 'distance_accuracy_value', 'NONE');
#4422 = FILL_AREA_STYLE ('',( #2389 ) ) ;
#4423 = ORIENTED_EDGE ( 'NONE', *, *, #4831, .T. ) ;
#4424 = AXIS2_PLACEMENT_3D ( 'NONE', #1211, #5922, #8656 ) ;
#4425 =( NAMED_UNIT ( * ) PLANE_ANGLE_UNIT ( ) SI_UNIT ( $, .RADIAN. ) );
#4426 = SURFACE_STYLE_USAGE ( .BOTH. , #4904 ) ;
#4427 = EDGE_CURVE ( 'NONE', #2596, #5981, #6317, .T. ) ;
#4428 = DIRECTION ( 'NONE',  ( -0.0000000000000000000, -0.0000000000000000000, -1.000000000000000000 ) ) ;
#4429 = MECHANICAL_DESIGN_GEOMETRIC_PRESENTATION_REPRESENTATION (  '', ( #6548 ), #2594 ) ;
#4430 = DIMENSIONAL_EXPONENTS ( 1.000000000000000000, 0.0000000000000000000, 0.0000000000000000000, 0.0000000000000000000, 0.0000000000000000000, 0.0000000000000000000, 0.0000000000000000000 ) ;
#4431 = DIRECTION ( 'NONE',  ( 1.000000000000000000, 0.0000000000000000000, 0.0000000000000000000 ) ) ;
#4432 = VERTEX_POINT ( 'NONE', #5258 ) ;
#4433 = FACE_OUTER_BOUND ( 'NONE', #2358, .T. ) ;
#4434 = PLANE ( 'NONE',  #3371 ) ;
#4435 =( NAMED_UNIT ( * ) PLANE_ANGLE_UNIT ( ) SI_UNIT ( $, .RADIAN. ) );
#4436 = ORIENTED_EDGE ( 'NONE', *, *, #7118, .F. ) ;
#4437 = CARTESIAN_POINT ( 'NONE',  ( 0.1141732283464566844, 0.02952755905511811330, -1.307086614173228467 ) ) ;
#4438 =( CONVERSION_BASED_UNIT ( 'INCH', #3826 ) LENGTH_UNIT ( ) NAMED_UNIT ( #5509 ) );
#4439 = CARTESIAN_POINT ( 'NONE',  ( 0.0000000000000000000, 0.0000000000000000000, -1.543307086614173151 ) ) ;
#4440 = STYLED_ITEM ( 'NONE', ( #6762 ), #6358 ) ;
#4441 =( GEOMETRIC_REPRESENTATION_CONTEXT ( 3 ) GLOBAL_UNCERTAINTY_ASSIGNED_CONTEXT ( ( #5652 ) ) GLOBAL_UNIT_ASSIGNED_CONTEXT ( ( #2437, #4354, #6374 ) ) REPRESENTATION_CONTEXT ( 'NONE', 'WORKASPACE' ) );
#4442 =( NAMED_UNIT ( * ) PLANE_ANGLE_UNIT ( ) SI_UNIT ( $, .RADIAN. ) );
#4443 = ORIENTED_EDGE ( 'NONE', *, *, #4158, .F. ) ;
#4444 = DIRECTION ( 'NONE',  ( 0.0000000000000000000, 1.000000000000000000, 0.0000000000000000000 ) ) ;
#4445 = MECHANICAL_DESIGN_GEOMETRIC_PRESENTATION_REPRESENTATION (  '', ( #87 ), #3028 ) ;
#4446 = CARTESIAN_POINT ( 'NONE',  ( -0.02952755905511811330, 0.1141732283464566844, -1.385826771653543510 ) ) ;
#4447 = ORIENTED_EDGE ( 'NONE', *, *, #7882, .T. ) ;
#4448 = MECHANICAL_DESIGN_GEOMETRIC_PRESENTATION_REPRESENTATION (  '', ( #7987 ), #6568 ) ;
#4449 = MECHANICAL_DESIGN_GEOMETRIC_PRESENTATION_REPRESENTATION (  '', ( #1621 ), #7699 ) ;
#4450 = CARTESIAN_POINT ( 'NONE',  ( 0.02952755905511811330, -0.09389165368277065105, -1.307086614173228467 ) ) ;
#4451 = AXIS2_PLACEMENT_3D ( 'NONE', #2423, #7154, #4460 ) ;
#4452 = AXIS2_PLACEMENT_3D ( 'NONE', #8685, #7956, #1895 ) ;
#4453 = DIRECTION ( 'NONE',  ( 0.0000000000000000000, 0.0000000000000000000, -1.000000000000000000 ) ) ;
#4454 = ORIENTED_EDGE ( 'NONE', *, *, #244, .F. ) ;
#4455 = EDGE_CURVE ( 'NONE', #6099, #2817, #7303, .T. ) ;
#4456 = ORIENTED_EDGE ( 'NONE', *, *, #2989, .F. ) ;
#4457 = FILL_AREA_STYLE ('',( #8546 ) ) ;
#4458 = FILL_AREA_STYLE ('',( #5773 ) ) ;
#4459 = ORIENTED_EDGE ( 'NONE', *, *, #7060, .T. ) ;
#4460 = DIRECTION ( 'NONE',  ( 1.000000000000000000, 0.0000000000000000000, 0.0000000000000000000 ) ) ;
#4461 =( CONVERSION_BASED_UNIT ( 'INCH', #3806 ) LENGTH_UNIT ( ) NAMED_UNIT ( #7083 ) );
#4462 = VECTOR ( 'NONE', #108, 39.37007874015748143 ) ;
#4463 = VECTOR ( 'NONE', #2403, 39.37007874015748143 ) ;
#4464 =( NAMED_UNIT ( * ) SI_UNIT ( $, .STERADIAN. ) SOLID_ANGLE_UNIT ( ) );
#4465 = MECHANICAL_DESIGN_GEOMETRIC_PRESENTATION_REPRESENTATION (  '', ( #3198 ), #8741 ) ;
#4466 = EDGE_CURVE ( 'NONE', #7463, #8278, #8112, .T. ) ;
#4467 = VERTEX_POINT ( 'NONE', #196 ) ;
#4468 = FACE_OUTER_BOUND ( 'NONE', #6174, .T. ) ;
#4469 =( NAMED_UNIT ( * ) PLANE_ANGLE_UNIT ( ) SI_UNIT ( $, .RADIAN. ) );
#4470 = FILL_AREA_STYLE ('',( #7341 ) ) ;
#4471 = PRESENTATION_STYLE_ASSIGNMENT (( #4295 ) ) ;
#4472 = FILL_AREA_STYLE_COLOUR ( '', #4954 ) ;
#4473 = STYLED_ITEM ( 'NONE', ( #4471 ), #7395 ) ;
#4474 = FILL_AREA_STYLE_COLOUR ( '', #6681 ) ;
#4475 = EDGE_CURVE ( 'NONE', #259, #5770, #2052, .T. ) ;
#4476 = ORIENTED_EDGE ( 'NONE', *, *, #7022, .T. ) ;
#4477 = EDGE_CURVE ( 'NONE', #6467, #8745, #7741, .T. ) ;
#4478 = DIRECTION ( 'NONE',  ( 0.0000000000000000000, 0.0000000000000000000, -1.000000000000000000 ) ) ;
#4479 = STYLED_ITEM ( 'NONE', ( #1380 ), #7614 ) ;
#4480 = CARTESIAN_POINT ( 'NONE',  ( 0.02952755905511811330, 0.1141732283464566844, -1.700787401574803237 ) ) ;
#4481 =( NAMED_UNIT ( * ) SI_UNIT ( $, .STERADIAN. ) SOLID_ANGLE_UNIT ( ) );
#4482 = CARTESIAN_POINT ( 'NONE',  ( 0.09389165368277066492, -0.02952755905511809942, -1.267716535433071057 ) ) ;
#4483 = CARTESIAN_POINT ( 'NONE',  ( 0.0000000000000000000, 0.0000000000000000000, -1.464566929133858109 ) ) ;
#4484 = FACE_OUTER_BOUND ( 'NONE', #8039, .T. ) ;
#4485 = SURFACE_STYLE_USAGE ( .BOTH. , #1656 ) ;
#4486 = DIRECTION ( 'NONE',  ( -1.000000000000000000, 0.0000000000000000000, 0.0000000000000000000 ) ) ;
#4487 = SURFACE_SIDE_STYLE ('',( #2933 ) ) ;
#4488 = PRESENTATION_LAYER_ASSIGNMENT (  '', '', ( #1521 ) ) ;
#4489 = CIRCLE ( 'NONE', #4221, 0.09842519685039410882 ) ;
#4490 = DIRECTION ( 'NONE',  ( 0.0000000000000000000, 0.0000000000000000000, 1.000000000000000000 ) ) ;
#4491 = ORIENTED_EDGE ( 'NONE', *, *, #3825, .F. ) ;
#4492 = DIMENSIONAL_EXPONENTS ( 1.000000000000000000, 0.0000000000000000000, 0.0000000000000000000, 0.0000000000000000000, 0.0000000000000000000, 0.0000000000000000000, 0.0000000000000000000 ) ;
#4493 = PRESENTATION_LAYER_ASSIGNMENT (  '', '', ( #8041 ) ) ;
#4494 = ORIENTED_EDGE ( 'NONE', *, *, #2214, .F. ) ;
#4495 = CARTESIAN_POINT ( 'NONE',  ( 0.0000000000000000000, 0.0000000000000000000, -1.385826771653543510 ) ) ;
#4496 = CIRCLE ( 'NONE', #1397, 0.09842519685039410882 ) ;
#4497 = VECTOR ( 'NONE', #2079, 39.37007874015748143 ) ;
#4498 = UNCERTAINTY_MEASURE_WITH_UNIT (LENGTH_MEASURE( 1.000000000000000082E-05 ), #8430, 'distance_accuracy_value', 'NONE');
#4499 = ORIENTED_EDGE ( 'NONE', *, *, #2374, .T. ) ;
#4500 = CARTESIAN_POINT ( 'NONE',  ( 0.0000000000000000000, 0.0000000000000000000, 0.03937007874015747977 ) ) ;
#4501 = STYLED_ITEM ( 'NONE', ( #1865 ), #5609 ) ;
#4502 = ORIENTED_EDGE ( 'NONE', *, *, #8161, .F. ) ;
#4503 =( NAMED_UNIT ( * ) SI_UNIT ( $, .STERADIAN. ) SOLID_ANGLE_UNIT ( ) );
#4504 = DIRECTION ( 'NONE',  ( 1.000000000000000000, 0.0000000000000000000, 0.0000000000000000000 ) ) ;
#4505 = DIRECTION ( 'NONE',  ( -0.0000000000000000000, -0.0000000000000000000, -1.000000000000000000 ) ) ;
#4506 = SURFACE_STYLE_FILL_AREA ( #7829 ) ;
#4507 = EDGE_CURVE ( 'NONE', #1741, #5210, #8209, .T. ) ;
#4508 =( CONVERSION_BASED_UNIT ( 'INCH', #7243 ) LENGTH_UNIT ( ) NAMED_UNIT ( #6283 ) );
#4509 = DIMENSIONAL_EXPONENTS ( 1.000000000000000000, 0.0000000000000000000, 0.0000000000000000000, 0.0000000000000000000, 0.0000000000000000000, 0.0000000000000000000, 0.0000000000000000000 ) ;
#4510 = UNCERTAINTY_MEASURE_WITH_UNIT (LENGTH_MEASURE( 1.000000000000000082E-05 ), #3038, 'distance_accuracy_value', 'NONE');
#4511 = SURFACE_SIDE_STYLE ('',( #7921 ) ) ;
#4512 = ORIENTED_EDGE ( 'NONE', *, *, #5915, .F. ) ;
#4513 = DIRECTION ( 'NONE',  ( -1.000000000000000000, 0.0000000000000000000, 0.0000000000000000000 ) ) ;
#4514 =( NAMED_UNIT ( * ) SI_UNIT ( $, .STERADIAN. ) SOLID_ANGLE_UNIT ( ) );
#4515 = LINE ( 'NONE', #5919, #6864 ) ;
#4516 = PRESENTATION_LAYER_ASSIGNMENT (  '', '', ( #8640 ) ) ;
#4517 = ADVANCED_FACE ( 'NONE', ( #7479 ), #5039, .T. ) ;
#4518 = LINE ( 'NONE', #4649, #5823 ) ;
#4519 = CARTESIAN_POINT ( 'NONE',  ( 1.280553747030123384E-17, 0.09055118110236221041, 0.0000000000000000000 ) ) ;
#4520 = MECHANICAL_DESIGN_GEOMETRIC_PRESENTATION_REPRESENTATION (  '', ( #4934 ), #2406 ) ;
#4521 = ORIENTED_EDGE ( 'NONE', *, *, #4640, .F. ) ;
#4522 = DIRECTION ( 'NONE',  ( -1.000000000000000000, 0.0000000000000000000, 0.0000000000000000000 ) ) ;
#4523 = DIRECTION ( 'NONE',  ( 0.0000000000000000000, 0.0000000000000000000, 1.000000000000000000 ) ) ;
#4524 = FACE_OUTER_BOUND ( 'NONE', #5626, .T. ) ;
#4525 =( NAMED_UNIT ( * ) PLANE_ANGLE_UNIT ( ) SI_UNIT ( $, .RADIAN. ) );
#4526 = FILL_AREA_STYLE_COLOUR ( '', #7404 ) ;
#4527 = EDGE_CURVE ( 'NONE', #6127, #6866, #1432, .T. ) ;
#4528 = CARTESIAN_POINT ( 'NONE',  ( 0.1633858267716535861, 0.0000000000000000000, 0.03937007874015747977 ) ) ;
#4529 = EDGE_CURVE ( 'NONE', #6879, #2510, #8472, .T. ) ;
#4530 = COLOUR_RGB ( '',0.5019607843137254832, 0.5019607843137254832, 0.5019607843137254832 ) ;
#4531 = ORIENTED_EDGE ( 'NONE', *, *, #8535, .F. ) ;
#4532 = DIRECTION ( 'NONE',  ( -1.000000000000000000, 0.0000000000000000000, 0.0000000000000000000 ) ) ;
#4533 = PRESENTATION_STYLE_ASSIGNMENT (( #8635 ) ) ;
#4534 = VERTEX_POINT ( 'NONE', #1637 ) ;
#4535 = CARTESIAN_POINT ( 'NONE',  ( -0.1009673307018806171, 0.1407609965404376384, 0.2007874015748031260 ) ) ;
#4536 = EDGE_CURVE ( 'NONE', #7663, #4396, #414, .T. ) ;
#4537 =( GEOMETRIC_REPRESENTATION_CONTEXT ( 3 ) GLOBAL_UNCERTAINTY_ASSIGNED_CONTEXT ( ( #2365 ) ) GLOBAL_UNIT_ASSIGNED_CONTEXT ( ( #8168, #155, #1347 ) ) REPRESENTATION_CONTEXT ( 'NONE', 'WORKASPACE' ) );
#4538 = PRESENTATION_LAYER_ASSIGNMENT (  '', '', ( #6510 ) ) ;
#4539 = ORIENTED_EDGE ( 'NONE', *, *, #4675, .F. ) ;
#4540 = VERTEX_POINT ( 'NONE', #5031 ) ;
#4541 = LENGTH_MEASURE_WITH_UNIT ( LENGTH_MEASURE( 0.02539999999999999897 ), #1323 );
#4542 = COLOUR_RGB ( '',0.7450980392156862919, 0.7450980392156862919, 0.7450980392156862919 ) ;
#4543 = DIRECTION ( 'NONE',  ( 0.0000000000000000000, 0.0000000000000000000, 1.000000000000000000 ) ) ;
#4544 = ORIENTED_EDGE ( 'NONE', *, *, #4527, .T. ) ;
#4545 = PLANE ( 'NONE',  #3749 ) ;
#4546 = LINE ( 'NONE', #3309, #184 ) ;
#4547 = SURFACE_STYLE_FILL_AREA ( #2603 ) ;
#4548 = SURFACE_STYLE_USAGE ( .BOTH. , #6586 ) ;
#4549 = CARTESIAN_POINT ( 'NONE',  ( -0.01574803149606299191, 0.09055118110236221041, 0.1968503937007874127 ) ) ;
#4550 =( LENGTH_UNIT ( ) NAMED_UNIT ( * ) SI_UNIT ( $, .METRE. ) );
#4551 = VERTEX_POINT ( 'NONE', #3000 ) ;
#4552 = CARTESIAN_POINT ( 'NONE',  ( -0.09389165368277065105, -0.02952755905511811330, -1.267716535433071057 ) ) ;
#4553 = ORIENTED_EDGE ( 'NONE', *, *, #4000, .T. ) ;
#4554 =( NAMED_UNIT ( * ) PLANE_ANGLE_UNIT ( ) SI_UNIT ( $, .RADIAN. ) );
#4555 =( GEOMETRIC_REPRESENTATION_CONTEXT ( 3 ) GLOBAL_UNCERTAINTY_ASSIGNED_CONTEXT ( ( #2911 ) ) GLOBAL_UNIT_ASSIGNED_CONTEXT ( ( #6873, #2799, #8120 ) ) REPRESENTATION_CONTEXT ( 'NONE', 'WORKASPACE' ) );
#4556 = DIRECTION ( 'NONE',  ( 0.0000000000000000000, 0.0000000000000000000, -1.000000000000000000 ) ) ;
#4557 =( NAMED_UNIT ( * ) SI_UNIT ( $, .STERADIAN. ) SOLID_ANGLE_UNIT ( ) );
#4558 =( CONVERSION_BASED_UNIT ( 'INCH', #6546 ) LENGTH_UNIT ( ) NAMED_UNIT ( #378 ) );
#4559 = CARTESIAN_POINT ( 'NONE',  ( -0.1141732283464566844, 0.02952755905511811330, -1.622047244094488194 ) ) ;
#4560 = CARTESIAN_POINT ( 'NONE',  ( -0.09389165368277065105, 0.02952755905511811330, -1.346456692913385877 ) ) ;
#4561 = ORIENTED_EDGE ( 'NONE', *, *, #4749, .F. ) ;
#4562 = FACE_OUTER_BOUND ( 'NONE', #7805, .T. ) ;
#4563 = CARTESIAN_POINT ( 'NONE',  ( -0.02952755905511811330, -0.09389165368277065105, -1.622047244094488194 ) ) ;
#4564 = EDGE_CURVE ( 'NONE', #1836, #4148, #1661, .T. ) ;
#4565 = FILL_AREA_STYLE_COLOUR ( '', #7850 ) ;
#4566 = DIRECTION ( 'NONE',  ( 0.0000000000000000000, 0.0000000000000000000, 1.000000000000000000 ) ) ;
#4567 = DIRECTION ( 'NONE',  ( -0.0000000000000000000, -0.0000000000000000000, -1.000000000000000000 ) ) ;
#4568 = MECHANICAL_DESIGN_GEOMETRIC_PRESENTATION_REPRESENTATION (  '', ( #2737 ), #5417 ) ;
#4569 = CARTESIAN_POINT ( 'NONE',  ( -0.1377952755905511584, 1.687505431895958879E-17, -1.771653543307086576 ) ) ;
#4570 = CARTESIAN_POINT ( 'NONE',  ( 0.1734482842422474524, 0.01326871394326617666, 0.2007874015748031260 ) ) ;
#4571 = UNCERTAINTY_MEASURE_WITH_UNIT (LENGTH_MEASURE( 1.000000000000000082E-05 ), #1486, 'distance_accuracy_value', 'NONE');
#4572 =( GEOMETRIC_REPRESENTATION_CONTEXT ( 3 ) GLOBAL_UNCERTAINTY_ASSIGNED_CONTEXT ( ( #457 ) ) GLOBAL_UNIT_ASSIGNED_CONTEXT ( ( #4057, #5313, #7360 ) ) REPRESENTATION_CONTEXT ( 'NONE', 'WORKASPACE' ) );
#4573 = DIRECTION ( 'NONE',  ( 1.000000000000000000, 0.0000000000000000000, 0.0000000000000000000 ) ) ;
#4574 = EDGE_CURVE ( 'NONE', #2445, #6106, #7453, .T. ) ;
#4575 = ORIENTED_EDGE ( 'NONE', *, *, #6178, .F. ) ;
#4576 = DIRECTION ( 'NONE',  ( -0.0000000000000000000, -0.0000000000000000000, -1.000000000000000000 ) ) ;
#4577 = EDGE_LOOP ( 'NONE', ( #332, #8405, #1678, #6687 ) ) ;
#4578 = LENGTH_MEASURE_WITH_UNIT ( LENGTH_MEASURE( 0.02539999999999999897 ), #1938 );
#4579 = SURFACE_STYLE_FILL_AREA ( #7190 ) ;
#4580 = AXIS2_PLACEMENT_3D ( 'NONE', #5545, #719, #4882 ) ;
#4581 = CARTESIAN_POINT ( 'NONE',  ( 0.02952755905511811330, -0.1141732283464566844, -1.307086614173228467 ) ) ;
#4582 = EDGE_LOOP ( 'NONE', ( #3536, #232, #355, #8314 ) ) ;
#4583 = EDGE_CURVE ( 'NONE', #5210, #720, #4381, .T. ) ;
#4584 = ORIENTED_EDGE ( 'NONE', *, *, #2373, .T. ) ;
#4585 = EDGE_CURVE ( 'NONE', #6909, #2565, #2098, .T. ) ;
#4586 = CIRCLE ( 'NONE', #509, 0.09842519685039410882 ) ;
#4587 = CARTESIAN_POINT ( 'NONE',  ( 0.0000000000000000000, 0.0000000000000000000, 0.2007874015748031260 ) ) ;
#4588 = FILL_AREA_STYLE ('',( #8736 ) ) ;
#4589 = VERTEX_POINT ( 'NONE', #285 ) ;
#4590 = CARTESIAN_POINT ( 'NONE',  ( 0.09389165368277023471, 0.02952755905511811330, -1.543307086614173151 ) ) ;
#4591 =( CONVERSION_BASED_UNIT ( 'INCH', #498 ) LENGTH_UNIT ( ) NAMED_UNIT ( #2245 ) );
#4592 = LENGTH_MEASURE_WITH_UNIT ( LENGTH_MEASURE( 0.02539999999999999897 ), #3936 );
#4593 = DIRECTION ( 'NONE',  ( 1.000000000000000000, 0.0000000000000000000, 0.0000000000000000000 ) ) ;
#4594 = UNCERTAINTY_MEASURE_WITH_UNIT (LENGTH_MEASURE( 1.000000000000000082E-05 ), #5959, 'distance_accuracy_value', 'NONE');
#4595 = LINE ( 'NONE', #7293, #3871 ) ;
#4596 = EDGE_LOOP ( 'NONE', ( #8105, #2847, #7076, #7364 ) ) ;
#4597 = FILL_AREA_STYLE ('',( #7296 ) ) ;
#4598 =( GEOMETRIC_REPRESENTATION_CONTEXT ( 3 ) GLOBAL_UNCERTAINTY_ASSIGNED_CONTEXT ( ( #8333 ) ) GLOBAL_UNIT_ASSIGNED_CONTEXT ( ( #7740, #2994, #4893 ) ) REPRESENTATION_CONTEXT ( 'NONE', 'WORKASPACE' ) );
#4599 = ORIENTED_EDGE ( 'NONE', *, *, #6066, .F. ) ;
#4600 = DIRECTION ( 'NONE',  ( 0.0000000000000000000, 0.0000000000000000000, -1.000000000000000000 ) ) ;
#4601 = AXIS2_PLACEMENT_3D ( 'NONE', #4154, #92, #5506 ) ;
#4602 =( NAMED_UNIT ( * ) PLANE_ANGLE_UNIT ( ) SI_UNIT ( $, .RADIAN. ) );
#4603 = PRESENTATION_STYLE_ASSIGNMENT (( #5878 ) ) ;
#4604 = DIRECTION ( 'NONE',  ( 0.0000000000000000000, 0.0000000000000000000, 1.000000000000000000 ) ) ;
#4605 = DIMENSIONAL_EXPONENTS ( 1.000000000000000000, 0.0000000000000000000, 0.0000000000000000000, 0.0000000000000000000, 0.0000000000000000000, 0.0000000000000000000, 0.0000000000000000000 ) ;
#4606 = MECHANICAL_DESIGN_GEOMETRIC_PRESENTATION_REPRESENTATION (  '', ( #3337 ), #3760 ) ;
#4607 = SURFACE_SIDE_STYLE ('',( #1874 ) ) ;
#4608 = ORIENTED_EDGE ( 'NONE', *, *, #2201, .F. ) ;
#4609 = DIRECTION ( 'NONE',  ( 0.0000000000000000000, 0.0000000000000000000, -1.000000000000000000 ) ) ;
#4610 =( NAMED_UNIT ( * ) SI_UNIT ( $, .STERADIAN. ) SOLID_ANGLE_UNIT ( ) );
#4611 = DIRECTION ( 'NONE',  ( 0.0000000000000000000, -1.000000000000000000, 0.0000000000000000000 ) ) ;
#4612 = ORIENTED_EDGE ( 'NONE', *, *, #6249, .T. ) ;
#4613 = CARTESIAN_POINT ( 'NONE',  ( -0.05568291418518782343, 0.1473073747914346587, 0.2007874015748031260 ) ) ;
#4614 = CARTESIAN_POINT ( 'NONE',  ( -0.09389165368277065105, 0.02952755905511811330, -1.700787401574803237 ) ) ;
#4615 =( CONVERSION_BASED_UNIT ( 'INCH', #8033 ) LENGTH_UNIT ( ) NAMED_UNIT ( #3572 ) );
#4616 = LINE ( 'NONE', #4570, #7811 ) ;
#4617 = EDGE_CURVE ( 'NONE', #3065, #3229, #1959, .T. ) ;
#4618 = VECTOR ( 'NONE', #5403, 39.37007874015748143 ) ;
#4619 = LINE ( 'NONE', #1141, #8184 ) ;
#4620 = SURFACE_STYLE_FILL_AREA ( #5847 ) ;
#4621 = VERTEX_POINT ( 'NONE', #5782 ) ;
#4622 = FACE_OUTER_BOUND ( 'NONE', #7534, .T. ) ;
#4623 = EDGE_LOOP ( 'NONE', ( #2970, #3941, #7541, #20 ) ) ;
#4624 = DIRECTION ( 'NONE',  ( 1.000000000000000000, 0.0000000000000000000, 0.0000000000000000000 ) ) ;
#4625 = FILL_AREA_STYLE_COLOUR ( '', #4252 ) ;
#4626 = CIRCLE ( 'NONE', #5466, 0.01574803149606299885 ) ;
#4627 = EDGE_CURVE ( 'NONE', #3409, #7463, #5073, .T. ) ;
#4628 = AXIS2_PLACEMENT_3D ( 'NONE', #1689, #2430, #7611 ) ;
#4629 = CARTESIAN_POINT ( 'NONE',  ( -0.1528666338582677087, 1.872076338509579772E-17, -1.385826771653543510 ) ) ;
#4630 = ORIENTED_EDGE ( 'NONE', *, *, #5440, .T. ) ;
#4631 = CIRCLE ( 'NONE', #554, 0.1377952755905511584 ) ;
#4632 = ORIENTED_EDGE ( 'NONE', *, *, #7727, .F. ) ;
#4633 = DIRECTION ( 'NONE',  ( -0.0000000000000000000, -0.0000000000000000000, -1.000000000000000000 ) ) ;
#4634 = FILL_AREA_STYLE_COLOUR ( '', #8556 ) ;
#4635 = EDGE_LOOP ( 'NONE', ( #3561, #235 ) ) ;
#4636 = DIRECTION ( 'NONE',  ( -0.0000000000000000000, -0.0000000000000000000, -1.000000000000000000 ) ) ;
#4637 = PRESENTATION_LAYER_ASSIGNMENT (  '', '', ( #2655 ) ) ;
#4638 = LINE ( 'NONE', #3981, #4080 ) ;
#4639 =( GEOMETRIC_REPRESENTATION_CONTEXT ( 3 ) GLOBAL_UNCERTAINTY_ASSIGNED_CONTEXT ( ( #1757 ) ) GLOBAL_UNIT_ASSIGNED_CONTEXT ( ( #1133, #5122, #426 ) ) REPRESENTATION_CONTEXT ( 'NONE', 'WORKASPACE' ) );
#4640 = EDGE_CURVE ( 'NONE', #780, #2333, #7694, .T. ) ;
#4641 = EDGE_CURVE ( 'NONE', #3585, #3402, #7585, .T. ) ;
#4642 = CIRCLE ( 'NONE', #3650, 0.02952755905511810289 ) ;
#4643 = LENGTH_MEASURE_WITH_UNIT ( LENGTH_MEASURE( 0.02539999999999999897 ), #1202 );
#4644 = ORIENTED_EDGE ( 'NONE', *, *, #4427, .F. ) ;
#4645 = CIRCLE ( 'NONE', #5487, 0.09842519685039410882 ) ;
#4646 = ORIENTED_EDGE ( 'NONE', *, *, #7869, .F. ) ;
#4647 = SURFACE_STYLE_FILL_AREA ( #5213 ) ;
#4648 = CARTESIAN_POINT ( 'NONE',  ( -0.09389165368277065105, -0.02952755905511811330, -1.307086614173228467 ) ) ;
#4649 = CARTESIAN_POINT ( 'NONE',  ( -0.01968503937007873295, -0.01968503937007873988, 0.1968503937007874127 ) ) ;
#4650 = SURFACE_STYLE_FILL_AREA ( #8617 ) ;
#4651 = VERTEX_POINT ( 'NONE', #3575 ) ;
#4652 = DIRECTION ( 'NONE',  ( 0.0000000000000000000, 0.0000000000000000000, 1.000000000000000000 ) ) ;
#4653 = SURFACE_STYLE_USAGE ( .BOTH. , #2534 ) ;
#4654 = SURFACE_STYLE_USAGE ( .BOTH. , #6109 ) ;
#4655 =( NAMED_UNIT ( * ) SI_UNIT ( $, .STERADIAN. ) SOLID_ANGLE_UNIT ( ) );
#4656 = LINE ( 'NONE', #1220, #4130 ) ;
#4657 = LINE ( 'NONE', #3202, #2862 ) ;
#4658 = AXIS2_PLACEMENT_3D ( 'NONE', #7631, #6300, #3740 ) ;
#4659 = UNCERTAINTY_MEASURE_WITH_UNIT (LENGTH_MEASURE( 1.000000000000000082E-05 ), #5694, 'distance_accuracy_value', 'NONE');
#4660 = LINE ( 'NONE', #7944, #2100 ) ;
#4661 = VERTEX_POINT ( 'NONE', #2912 ) ;
#4662 = DIMENSIONAL_EXPONENTS ( 1.000000000000000000, 0.0000000000000000000, 0.0000000000000000000, 0.0000000000000000000, 0.0000000000000000000, 0.0000000000000000000, 0.0000000000000000000 ) ;
#4663 = ORIENTED_EDGE ( 'NONE', *, *, #4627, .T. ) ;
#4664 = EDGE_CURVE ( 'NONE', #4432, #214, #998, .T. ) ;
#4665 =( CONVERSION_BASED_UNIT ( 'INCH', #4578 ) LENGTH_UNIT ( ) NAMED_UNIT ( #5217 ) );
#4666 = LENGTH_MEASURE_WITH_UNIT ( LENGTH_MEASURE( 0.02539999999999999897 ), #8000 );
#4667 = AXIS2_PLACEMENT_3D ( 'NONE', #2689, #7425, #8646 ) ;
#4668 = PRESENTATION_LAYER_ASSIGNMENT (  '', '', ( #7357 ) ) ;
#4669 = UNCERTAINTY_MEASURE_WITH_UNIT (LENGTH_MEASURE( 1.000000000000000082E-05 ), #597, 'distance_accuracy_value', 'NONE');
#4670 = ORIENTED_EDGE ( 'NONE', *, *, #4641, .F. ) ;
#4671 = SURFACE_STYLE_FILL_AREA ( #1990 ) ;
#4672 = ORIENTED_EDGE ( 'NONE', *, *, #3230, .T. ) ;
#4673 = CARTESIAN_POINT ( 'NONE',  ( 0.1590441819772528131, -0.02689103927563765012, 0.03937007874015751446 ) ) ;
#4674 = VERTEX_POINT ( 'NONE', #3673 ) ;
#4675 = EDGE_CURVE ( 'NONE', #5577, #8644, #8522, .T. ) ;
#4676 = DIRECTION ( 'NONE',  ( 0.0000000000000000000, 0.0000000000000000000, 1.000000000000000000 ) ) ;
#4677 = VECTOR ( 'NONE', #4566, 39.37007874015748143 ) ;
#4678 = CARTESIAN_POINT ( 'NONE',  ( 0.02952755905511810289, 0.09389165368277065105, -1.622047244094488194 ) ) ;
#4679 = UNCERTAINTY_MEASURE_WITH_UNIT (LENGTH_MEASURE( 1.000000000000000082E-05 ), #8220, 'distance_accuracy_value', 'NONE');
#4680 = VECTOR ( 'NONE', #5038, 39.37007874015748143 ) ;
#4681 = LENGTH_MEASURE_WITH_UNIT ( LENGTH_MEASURE( 0.02539999999999999897 ), #6180 );
#4682 = CIRCLE ( 'NONE', #2149, 0.1614173228346456601 ) ;
#4683 = FILL_AREA_STYLE ('',( #2002 ) ) ;
#4684 = CARTESIAN_POINT ( 'NONE',  ( 0.02952755905511811330, 0.1141732283464566844, -1.622047244094488194 ) ) ;
#4685 = EDGE_LOOP ( 'NONE', ( #679, #6137 ) ) ;
#4686 = SURFACE_STYLE_USAGE ( .BOTH. , #1293 ) ;
#4687 = CARTESIAN_POINT ( 'NONE',  ( -0.09887340626147853029, 0.1174716846110027968, 0.03937007874015751446 ) ) ;
#4688 = ORIENTED_EDGE ( 'NONE', *, *, #6617, .T. ) ;
#4689 = EDGE_CURVE ( 'NONE', #5814, #6353, #5739, .T. ) ;
#4690 = CARTESIAN_POINT ( 'NONE',  ( 0.0000000000000000000, 0.0000000000000000000, 0.0000000000000000000 ) ) ;
#4691 = DIRECTION ( 'NONE',  ( 1.000000000000000000, 0.0000000000000000000, 0.0000000000000000000 ) ) ;
#4692 = CYLINDRICAL_SURFACE ( 'NONE', #1307, 0.01377952755905510404 ) ;
#4693 = AXIS2_PLACEMENT_3D ( 'NONE', #8279, #2199, #2900 ) ;
#4694 = PRESENTATION_STYLE_ASSIGNMENT (( #2661 ) ) ;
#4695 = LINE ( 'NONE', #511, #5748 ) ;
#4696 = FACE_OUTER_BOUND ( 'NONE', #6290, .T. ) ;
#4697 = EDGE_LOOP ( 'NONE', ( #1983, #2183, #1171, #5275 ) ) ;
#4698 =( GEOMETRIC_REPRESENTATION_CONTEXT ( 3 ) GLOBAL_UNCERTAINTY_ASSIGNED_CONTEXT ( ( #1308 ) ) GLOBAL_UNIT_ASSIGNED_CONTEXT ( ( #2427, #6627, #5867 ) ) REPRESENTATION_CONTEXT ( 'NONE', 'WORKASPACE' ) );
#4699 = DIRECTION ( 'NONE',  ( 0.0000000000000000000, 0.0000000000000000000, -1.000000000000000000 ) ) ;
#4700 = EDGE_CURVE ( 'NONE', #51, #5656, #8436, .T. ) ;
#4701 = CARTESIAN_POINT ( 'NONE',  ( 0.05511811023622045780, 0.07874015748031495954, 0.1968503936985494807 ) ) ;
#4702 = FACE_OUTER_BOUND ( 'NONE', #5430, .T. ) ;
#4703 = DIRECTION ( 'NONE',  ( 0.0000000000000000000, 0.0000000000000000000, 1.000000000000000000 ) ) ;
#4704 = LINE ( 'NONE', #3829, #7666 ) ;
#4705 = AXIS2_PLACEMENT_3D ( 'NONE', #7347, #2482, #3995 ) ;
#4706 =( LENGTH_UNIT ( ) NAMED_UNIT ( * ) SI_UNIT ( $, .METRE. ) );
#4707 = SURFACE_SIDE_STYLE ('',( #6915 ) ) ;
#4708 = ORIENTED_EDGE ( 'NONE', *, *, #5302, .T. ) ;
#4709 = STYLED_ITEM ( 'NONE', ( #685 ), #2104 ) ;
#4710 = DIRECTION ( 'NONE',  ( 0.0000000000000000000, -1.000000000000000000, 0.0000000000000000000 ) ) ;
#4711 =( CONVERSION_BASED_UNIT ( 'INCH', #5458 ) LENGTH_UNIT ( ) NAMED_UNIT ( #3592 ) );
#4712 = EDGE_LOOP ( 'NONE', ( #3052, #6223, #1115, #6388 ) ) ;
#4713 =( NAMED_UNIT ( * ) SI_UNIT ( $, .STERADIAN. ) SOLID_ANGLE_UNIT ( ) );
#4714 = CARTESIAN_POINT ( 'NONE',  ( 0.0000000000000000000, 0.0000000000000000000, -1.543307086614173151 ) ) ;
#4715 = VECTOR ( 'NONE', #822, 39.37007874015748143 ) ;
#4716 = DIRECTION ( 'NONE',  ( -0.0000000000000000000, -0.0000000000000000000, -1.000000000000000000 ) ) ;
#4717 = DIRECTION ( 'NONE',  ( 0.0000000000000000000, 0.0000000000000000000, 1.000000000000000000 ) ) ;
#4718 = ORIENTED_EDGE ( 'NONE', *, *, #4617, .F. ) ;
#4719 = PLANE ( 'NONE',  #3192 ) ;
#4720 = FILL_AREA_STYLE ('',( #8277 ) ) ;
#4721 = VERTEX_POINT ( 'NONE', #7074 ) ;
#4722 = VECTOR ( 'NONE', #939, 39.37007874015748143 ) ;
#4723 = LINE ( 'NONE', #3980, #5100 ) ;
#4724 = CARTESIAN_POINT ( 'NONE',  ( 0.1141732283464566844, -0.02952755905511811330, -1.425196850393700698 ) ) ;
#4725 = STYLED_ITEM ( 'NONE', ( #7237 ), #6206 ) ;
#4726 = EDGE_CURVE ( 'NONE', #3791, #851, #8605, .T. ) ;
#4727 = STYLED_ITEM ( 'NONE', ( #4303 ), #2848 ) ;
#4728 = ORIENTED_EDGE ( 'NONE', *, *, #17, .F. ) ;
#4729 = DIRECTION ( 'NONE',  ( 1.000000000000000000, 0.0000000000000000000, 0.0000000000000000000 ) ) ;
#4730 = ORIENTED_EDGE ( 'NONE', *, *, #168, .T. ) ;
#4731 = DIRECTION ( 'NONE',  ( 1.000000000000000000, 0.0000000000000000000, 0.0000000000000000000 ) ) ;
#4732 = CARTESIAN_POINT ( 'NONE',  ( -0.1009673307018807836, -0.1407609965404374996, 0.03937007874015751446 ) ) ;
#4733 = CIRCLE ( 'NONE', #5436, 0.1771653543307086798 ) ;
#4734 = DIRECTION ( 'NONE',  ( 1.000000000000000000, 0.0000000000000000000, 0.0000000000000000000 ) ) ;
#4735 =( GEOMETRIC_REPRESENTATION_CONTEXT ( 3 ) GLOBAL_UNCERTAINTY_ASSIGNED_CONTEXT ( ( #2298 ) ) GLOBAL_UNIT_ASSIGNED_CONTEXT ( ( #3317, #5343, #21 ) ) REPRESENTATION_CONTEXT ( 'NONE', 'WORKASPACE' ) );
#4736 = CARTESIAN_POINT ( 'NONE',  ( 0.1141732283464566844, 0.02952755905511811330, -1.464566929133858109 ) ) ;
#4737 = ADVANCED_FACE ( 'NONE', ( #4940 ), #3044, .F. ) ;
#4738 = DIRECTION ( 'NONE',  ( -1.000000000000000000, 0.0000000000000000000, 0.0000000000000000000 ) ) ;
#4739 = MECHANICAL_DESIGN_GEOMETRIC_PRESENTATION_REPRESENTATION (  '', ( #2615 ), #2894 ) ;
#4740 = MECHANICAL_DESIGN_GEOMETRIC_PRESENTATION_REPRESENTATION (  '', ( #6995 ), #945 ) ;
#4741 = ORIENTED_EDGE ( 'NONE', *, *, #5744, .F. ) ;
#4742 = PRESENTATION_STYLE_ASSIGNMENT (( #2208 ) ) ;
#4743 = PLANE ( 'NONE',  #7705 ) ;
#4744 =( LENGTH_UNIT ( ) NAMED_UNIT ( * ) SI_UNIT ( $, .METRE. ) );
#4745 =( CONVERSION_BASED_UNIT ( 'INCH', #8119 ) LENGTH_UNIT ( ) NAMED_UNIT ( #7140 ) );
#4746 = STYLED_ITEM ( 'NONE', ( #8292 ), #6908 ) ;
#4747 = VECTOR ( 'NONE', #1235, 39.37007874015748854 ) ;
#4748 = PRESENTATION_LAYER_ASSIGNMENT (  '', '', ( #8455 ) ) ;
#4749 = EDGE_CURVE ( 'NONE', #7768, #1609, #8478, .T. ) ;
#4750 = EDGE_CURVE ( 'NONE', #7481, #6574, #3224, .T. ) ;
#4751 = UNCERTAINTY_MEASURE_WITH_UNIT (LENGTH_MEASURE( 1.000000000000000082E-05 ), #4139, 'distance_accuracy_value', 'NONE');
#4752 = DIRECTION ( 'NONE',  ( 0.0000000000000000000, 0.0000000000000000000, 1.000000000000000000 ) ) ;
#4753 = EDGE_LOOP ( 'NONE', ( #7710, #4333, #2311, #6244 ) ) ;
#4754 = DIRECTION ( 'NONE',  ( 0.0000000000000000000, 0.0000000000000000000, 1.000000000000000000 ) ) ;
#4755 =( LENGTH_UNIT ( ) NAMED_UNIT ( * ) SI_UNIT ( $, .METRE. ) );
#4756 = VERTEX_POINT ( 'NONE', #5955 ) ;
#4757 = LENGTH_MEASURE_WITH_UNIT ( LENGTH_MEASURE( 0.02539999999999999897 ), #2850 );
#4758 = FACE_OUTER_BOUND ( 'NONE', #8509, .T. ) ;
#4759 =( GEOMETRIC_REPRESENTATION_CONTEXT ( 3 ) GLOBAL_UNCERTAINTY_ASSIGNED_CONTEXT ( ( #7428 ) ) GLOBAL_UNIT_ASSIGNED_CONTEXT ( ( #3200, #7258, #4655 ) ) REPRESENTATION_CONTEXT ( 'NONE', 'WORKASPACE' ) );
#4760 = ORIENTED_EDGE ( 'NONE', *, *, #4260, .F. ) ;
#4761 = DIRECTION ( 'NONE',  ( -0.0000000000000000000, -0.0000000000000000000, -1.000000000000000000 ) ) ;
#4762 = FACE_OUTER_BOUND ( 'NONE', #1417, .T. ) ;
#4763 = MECHANICAL_DESIGN_GEOMETRIC_PRESENTATION_REPRESENTATION (  '', ( #4479 ), #3054 ) ;
#4764 = DIRECTION ( 'NONE',  ( 0.0000000000000000000, 0.0000000000000000000, 1.000000000000000000 ) ) ;
#4765 = VERTEX_POINT ( 'NONE', #8652 ) ;
#4766 = CARTESIAN_POINT ( 'NONE',  ( 0.02952755905511811330, -0.1141732283464566844, -1.661417322834645827 ) ) ;
#4767 = VECTOR ( 'NONE', #7033, 39.37007874015748143 ) ;
#4768 = VECTOR ( 'NONE', #5231, 39.37007874015748143 ) ;
#4769 = DIRECTION ( 'NONE',  ( -0.3286249371676880915, 0.9444605077352536959, 0.0000000000000000000 ) ) ;
#4770 = ORIENTED_EDGE ( 'NONE', *, *, #7893, .F. ) ;
#4771 = COLOUR_RGB ( '',0.7450980392156862919, 0.7450980392156862919, 0.7450980392156862919 ) ;
#4772 = ORIENTED_EDGE ( 'NONE', *, *, #4800, .T. ) ;
#4773 = FILL_AREA_STYLE_COLOUR ( '', #4177 ) ;
#4774 = DIRECTION ( 'NONE',  ( 0.0000000000000000000, 1.000000000000000000, 0.0000000000000000000 ) ) ;
#4775 = DIRECTION ( 'NONE',  ( -0.0000000000000000000, -0.0000000000000000000, -1.000000000000000000 ) ) ;
#4776 = AXIS2_PLACEMENT_3D ( 'NONE', #7755, #469, #2435 ) ;
#4777 = DIRECTION ( 'NONE',  ( 1.000000000000000000, 0.0000000000000000000, 0.0000000000000000000 ) ) ;
#4778 = COLOUR_RGB ( '',0.7450980392156862919, 0.7450980392156862919, 0.7450980392156862919 ) ;
#4779 = CARTESIAN_POINT ( 'NONE',  ( 0.0000000000000000000, 0.0000000000000000000, -1.181102362204724310 ) ) ;
#4780 = ORIENTED_EDGE ( 'NONE', *, *, #2250, .F. ) ;
#4781 =( NAMED_UNIT ( * ) PLANE_ANGLE_UNIT ( ) SI_UNIT ( $, .RADIAN. ) );
#4782 = EDGE_CURVE ( 'NONE', #3215, #843, #7245, .T. ) ;
#4783 = SURFACE_STYLE_FILL_AREA ( #649 ) ;
#4784 =( GEOMETRIC_REPRESENTATION_CONTEXT ( 3 ) GLOBAL_UNCERTAINTY_ASSIGNED_CONTEXT ( ( #8238 ) ) GLOBAL_UNIT_ASSIGNED_CONTEXT ( ( #2122, #6222, #2726 ) ) REPRESENTATION_CONTEXT ( 'NONE', 'WORKASPACE' ) );
#4785 = PRESENTATION_STYLE_ASSIGNMENT (( #574 ) ) ;
#4786 =( NAMED_UNIT ( * ) PLANE_ANGLE_UNIT ( ) SI_UNIT ( $, .RADIAN. ) );
#4787 = EDGE_LOOP ( 'NONE', ( #4175, #5232, #3217, #7005 ) ) ;
#4788 = CARTESIAN_POINT ( 'NONE',  ( 0.02952755905511811330, -0.09389165368277065105, -1.464566929133858109 ) ) ;
#4789 = FILL_AREA_STYLE_COLOUR ( '', #8230 ) ;
#4790 = ORIENTED_EDGE ( 'NONE', *, *, #7503, .T. ) ;
#4791 = EDGE_CURVE ( 'NONE', #4998, #4329, #7920, .T. ) ;
#4792 = SURFACE_STYLE_FILL_AREA ( #6796 ) ;
#4793 = ADVANCED_FACE ( 'NONE', ( #5114 ), #1771, .F. ) ;
#4794 = COLOUR_RGB ( '',0.7450980392156862919, 0.7450980392156862919, 0.7450980392156862919 ) ;
#4795 = PRESENTATION_LAYER_ASSIGNMENT (  '', '', ( #1847 ) ) ;
#4796 = ORIENTED_EDGE ( 'NONE', *, *, #820, .F. ) ;
#4797 = PLANE ( 'NONE',  #98 ) ;
#4798 = CARTESIAN_POINT ( 'NONE',  ( -0.02952755905511811330, -0.1141732283464566844, -1.267716535433071057 ) ) ;
#4799 = ORIENTED_EDGE ( 'NONE', *, *, #7322, .F. ) ;
#4800 = EDGE_CURVE ( 'NONE', #960, #6519, #8104, .T. ) ;
#4801 = CARTESIAN_POINT ( 'NONE',  ( 0.0000000000000000000, 0.0000000000000000000, -1.582677165354331006 ) ) ;
#4802 = DIRECTION ( 'NONE',  ( 0.0000000000000000000, 0.0000000000000000000, 1.000000000000000000 ) ) ;
#4803 = DIRECTION ( 'NONE',  ( 0.0000000000000000000, -1.000000000000000000, 0.0000000000000000000 ) ) ;
#4804 = ORIENTED_EDGE ( 'NONE', *, *, #2963, .T. ) ;
#4805 = SURFACE_STYLE_FILL_AREA ( #62 ) ;
#4806 = VECTOR ( 'NONE', #4228, 39.37007874015748143 ) ;
#4807 = CARTESIAN_POINT ( 'NONE',  ( -0.02952755905511811330, -0.1141732283464566844, -1.622047244094488194 ) ) ;
#4808 = ORIENTED_EDGE ( 'NONE', *, *, #6952, .F. ) ;
#4809 = DIRECTION ( 'NONE',  ( -1.000000000000000000, 0.0000000000000000000, 0.0000000000000000000 ) ) ;
#4810 = DIRECTION ( 'NONE',  ( 1.000000000000000000, 0.0000000000000000000, 0.0000000000000000000 ) ) ;
#4811 = DIRECTION ( 'NONE',  ( 0.0000000000000000000, 0.0000000000000000000, -1.000000000000000000 ) ) ;
#4812 = COLOUR_RGB ( '',0.7450980392156862919, 0.7450980392156862919, 0.7450980392156862919 ) ;
#4813 = PRESENTATION_STYLE_ASSIGNMENT (( #4133 ) ) ;
#4814 = ORIENTED_EDGE ( 'NONE', *, *, #7182, .F. ) ;
#4815 = LENGTH_MEASURE_WITH_UNIT ( LENGTH_MEASURE( 0.02539999999999999897 ), #7650 );
#4816 = AXIS2_PLACEMENT_3D ( 'NONE', #2860, #8143, #2244 ) ;
#4817 = DIRECTION ( 'NONE',  ( -1.000000000000000000, 0.0000000000000000000, 0.0000000000000000000 ) ) ;
#4818 = CARTESIAN_POINT ( 'NONE',  ( 0.0000000000000000000, 0.0000000000000000000, -1.771653543307086576 ) ) ;
#4819 =( CONVERSION_BASED_UNIT ( 'INCH', #1439 ) LENGTH_UNIT ( ) NAMED_UNIT ( #2184 ) );
#4820 = COLOUR_RGB ( '',0.2509803921568627416, 0.2509803921568627416, 0.2509803921568627416 ) ;
#4821 = EDGE_CURVE ( 'NONE', #2736, #5060, #8198, .T. ) ;
#4822 = EDGE_LOOP ( 'NONE', ( #304, #8543, #3167, #5187 ) ) ;
#4823 = FACE_OUTER_BOUND ( 'NONE', #6472, .T. ) ;
#4824 = SURFACE_SIDE_STYLE ('',( #2674 ) ) ;
#4825 = ORIENTED_EDGE ( 'NONE', *, *, #2880, .T. ) ;
#4826 = DIMENSIONAL_EXPONENTS ( 1.000000000000000000, 0.0000000000000000000, 0.0000000000000000000, 0.0000000000000000000, 0.0000000000000000000, 0.0000000000000000000, 0.0000000000000000000 ) ;
#4827 = ORIENTED_EDGE ( 'NONE', *, *, #4466, .T. ) ;
#4828 = CARTESIAN_POINT ( 'NONE',  ( 0.1141732283464566844, 0.02952755905511811330, -1.464566929133858109 ) ) ;
#4829 = CIRCLE ( 'NONE', #2996, 0.1614173228346456601 ) ;
#4830 = PRESENTATION_STYLE_ASSIGNMENT (( #7629 ) ) ;
#4831 = EDGE_CURVE ( 'NONE', #2656, #2566, #6610, .T. ) ;
#4832 = MECHANICAL_DESIGN_GEOMETRIC_PRESENTATION_REPRESENTATION (  '', ( #4152 ), #4285 ) ;
#4833 = DIRECTION ( 'NONE',  ( 1.000000000000000000, 0.0000000000000000000, 0.0000000000000000000 ) ) ;
#4834 = EDGE_LOOP ( 'NONE', ( #3832, #3239, #869, #8176 ) ) ;
#4835 = SURFACE_STYLE_USAGE ( .BOTH. , #717 ) ;
#4836 = LINE ( 'NONE', #7544, #8707 ) ;
#4837 = EDGE_LOOP ( 'NONE', ( #2410, #2005, #3710, #4814 ) ) ;
#4838 = CARTESIAN_POINT ( 'NONE',  ( 0.0000000000000000000, 0.0000000000000000000, -1.771653543307086576 ) ) ;
#4839 = CARTESIAN_POINT ( 'NONE',  ( -0.02952755905511805085, -0.09389165368277066492, -1.543307086614173151 ) ) ;
#4840 = ADVANCED_FACE ( 'NONE', ( #5510 ), #4160, .F. ) ;
#4841 = UNCERTAINTY_MEASURE_WITH_UNIT (LENGTH_MEASURE( 1.000000000000000082E-05 ), #1906, 'distance_accuracy_value', 'NONE');
#4842 = EDGE_CURVE ( 'NONE', #7833, #4396, #5047, .T. ) ;
#4843 = CARTESIAN_POINT ( 'NONE',  ( 0.1771653543307086798, 0.0000000000000000000, 0.2007874015748031260 ) ) ;
#4844 = LENGTH_MEASURE_WITH_UNIT ( LENGTH_MEASURE( 0.02539999999999999897 ), #2121 );
#4845 = EDGE_LOOP ( 'NONE', ( #5196, #7762, #4646, #7573 ) ) ;
#4846 = STYLED_ITEM ( 'NONE', ( #1160 ), #2630 ) ;
#4847 = SURFACE_SIDE_STYLE ('',( #3452 ) ) ;
#4848 = ORIENTED_EDGE ( 'NONE', *, *, #3059, .F. ) ;
#4849 = DIRECTION ( 'NONE',  ( 0.0000000000000000000, 0.0000000000000000000, 1.000000000000000000 ) ) ;
#4850 = SURFACE_SIDE_STYLE ('',( #7608 ) ) ;
#4851 = CIRCLE ( 'NONE', #1064, 0.1467150590551181133 ) ;
#4852 =( NAMED_UNIT ( * ) PLANE_ANGLE_UNIT ( ) SI_UNIT ( $, .RADIAN. ) );
#4853 = STYLED_ITEM ( 'NONE', ( #1742 ), #3060 ) ;
#4854 = SURFACE_SIDE_STYLE ('',( #149 ) ) ;
#4855 = EDGE_LOOP ( 'NONE', ( #7907, #7954, #440, #5534 ) ) ;
#4856 = FILL_AREA_STYLE_COLOUR ( '', #6142 ) ;
#4857 = STYLED_ITEM ( 'NONE', ( #4533 ), #6449 ) ;
#4858 = CIRCLE ( 'NONE', #3322, 0.01574803149606300232 ) ;
#4859 =( GEOMETRIC_REPRESENTATION_CONTEXT ( 3 ) GLOBAL_UNCERTAINTY_ASSIGNED_CONTEXT ( ( #6270 ) ) GLOBAL_UNIT_ASSIGNED_CONTEXT ( ( #8481, #3138, #3676 ) ) REPRESENTATION_CONTEXT ( 'NONE', 'WORKASPACE' ) );
#4860 = FILL_AREA_STYLE ('',( #6022 ) ) ;
#4861 = LINE ( 'NONE', #7569, #815 ) ;
#4862 = DIRECTION ( 'NONE',  ( 0.0000000000000000000, 0.0000000000000000000, 1.000000000000000000 ) ) ;
#4863 = VECTOR ( 'NONE', #2647, 39.37007874015748143 ) ;
#4864 = DIMENSIONAL_EXPONENTS ( 1.000000000000000000, 0.0000000000000000000, 0.0000000000000000000, 0.0000000000000000000, 0.0000000000000000000, 0.0000000000000000000, 0.0000000000000000000 ) ;
#4865 = AXIS2_PLACEMENT_3D ( 'NONE', #8545, #2458, #7683 ) ;
#4866 = EDGE_LOOP ( 'NONE', ( #2664, #808, #5646, #3989, #8262, #1106, #4958, #3273, #3165, #3638, #4188, #2089, #3199, #5859 ) ) ;
#4867 =( CONVERSION_BASED_UNIT ( 'INCH', #4143 ) LENGTH_UNIT ( ) NAMED_UNIT ( #2746 ) );
#4868 = ORIENTED_EDGE ( 'NONE', *, *, #307, .T. ) ;
#4869 =( GEOMETRIC_REPRESENTATION_CONTEXT ( 3 ) GLOBAL_UNCERTAINTY_ASSIGNED_CONTEXT ( ( #4926 ) ) GLOBAL_UNIT_ASSIGNED_CONTEXT ( ( #4246, #191, #3667 ) ) REPRESENTATION_CONTEXT ( 'NONE', 'WORKASPACE' ) );
#4870 = FACE_OUTER_BOUND ( 'NONE', #4183, .T. ) ;
#4871 = ORIENTED_EDGE ( 'NONE', *, *, #3881, .F. ) ;
#4872 = STYLED_ITEM ( 'NONE', ( #7229 ), #4110 ) ;
#4873 = CARTESIAN_POINT ( 'NONE',  ( 0.1614173228346456601, 0.0000000000000000000, 0.2480314960629921572 ) ) ;
#4874 = VECTOR ( 'NONE', #6746, 39.37007874015748143 ) ;
#4875 = DIRECTION ( 'NONE',  ( 0.0000000000000000000, 0.0000000000000000000, -1.000000000000000000 ) ) ;
#4876 = EDGE_CURVE ( 'NONE', #2211, #1907, #6852, .T. ) ;
#4877 = DIRECTION ( 'NONE',  ( 0.0000000000000000000, 1.000000000000000000, 0.0000000000000000000 ) ) ;
#4878 = COLOUR_RGB ( '',0.2509803921568627416, 0.2509803921568627416, 0.2509803921568627416 ) ;
#4879 = CARTESIAN_POINT ( 'NONE',  ( 0.1723862642169728676, -0.01705977506991366785, 0.4298724771940015676 ) ) ;
#4880 = VERTEX_POINT ( 'NONE', #1461 ) ;
#4881 = SURFACE_SIDE_STYLE ('',( #3441 ) ) ;
#4882 = DIRECTION ( 'NONE',  ( 1.000000000000000000, 0.0000000000000000000, 0.0000000000000000000 ) ) ;
#4883 = ORIENTED_EDGE ( 'NONE', *, *, #759, .F. ) ;
#4884 = SURFACE_SIDE_STYLE ('',( #8194 ) ) ;
#4885 =( NAMED_UNIT ( * ) SI_UNIT ( $, .STERADIAN. ) SOLID_ANGLE_UNIT ( ) );
#4886 = EDGE_CURVE ( 'NONE', #6803, #8138, #5754, .T. ) ;
#4887 = DIMENSIONAL_EXPONENTS ( 1.000000000000000000, 0.0000000000000000000, 0.0000000000000000000, 0.0000000000000000000, 0.0000000000000000000, 0.0000000000000000000, 0.0000000000000000000 ) ;
#4888 = SURFACE_SIDE_STYLE ('',( #6770 ) ) ;
#4889 = VERTEX_POINT ( 'NONE', #2161 ) ;
#4890 = PLANE ( 'NONE',  #3598 ) ;
#4891 = FILL_AREA_STYLE_COLOUR ( '', #2830 ) ;
#4892 = EDGE_LOOP ( 'NONE', ( #7859, #2881 ) ) ;
#4893 =( NAMED_UNIT ( * ) SI_UNIT ( $, .STERADIAN. ) SOLID_ANGLE_UNIT ( ) );
#4894 = CIRCLE ( 'NONE', #1384, 0.01574803149606300232 ) ;
#4895 = EDGE_CURVE ( 'NONE', #8242, #831, #8615, .T. ) ;
#4896 = SURFACE_STYLE_USAGE ( .BOTH. , #317 ) ;
#4897 = EDGE_CURVE ( 'NONE', #5604, #6467, #8061, .T. ) ;
#4898 = CARTESIAN_POINT ( 'NONE',  ( 0.02952755905511811330, 0.1141732283464566844, -1.464566929133858109 ) ) ;
#4899 = AXIS2_PLACEMENT_3D ( 'NONE', #722, #8742, #4077 ) ;
#4900 =( LENGTH_UNIT ( ) NAMED_UNIT ( * ) SI_UNIT ( $, .METRE. ) );
#4901 = MECHANICAL_DESIGN_GEOMETRIC_PRESENTATION_REPRESENTATION (  '', ( #8185 ), #5613 ) ;
#4902 = CARTESIAN_POINT ( 'NONE',  ( 0.02952755905511811330, -0.1141732283464566844, -1.464566929133858109 ) ) ;
#4903 = ORIENTED_EDGE ( 'NONE', *, *, #933, .T. ) ;
#4904 = SURFACE_SIDE_STYLE ('',( #1644 ) ) ;
#4905 = SURFACE_STYLE_FILL_AREA ( #4989 ) ;
#4906 = VECTOR ( 'NONE', #959, 39.37007874015748143 ) ;
#4907 = VERTEX_POINT ( 'NONE', #2944 ) ;
#4908 = COLOUR_RGB ( '',0.2509803921568627416, 0.2509803921568627416, 0.2509803921568627416 ) ;
#4909 =( NAMED_UNIT ( * ) PLANE_ANGLE_UNIT ( ) SI_UNIT ( $, .RADIAN. ) );
#4910 = VERTEX_POINT ( 'NONE', #8334 ) ;
#4911 = CARTESIAN_POINT ( 'NONE',  ( 0.1141732283464566844, 0.02952755905511811330, -1.267716535433071057 ) ) ;
#4912 = ORIENTED_EDGE ( 'NONE', *, *, #640, .T. ) ;
#4913 = LINE ( 'NONE', #1098, #4463 ) ;
#4914 = PRESENTATION_STYLE_ASSIGNMENT (( #5535 ) ) ;
#4915 = FACE_OUTER_BOUND ( 'NONE', #6097, .T. ) ;
#4916 = VECTOR ( 'NONE', #1470, 39.37007874015748143 ) ;
#4917 = ADVANCED_FACE ( 'NONE', ( #7599 ), #183, .F. ) ;
#4918 = ORIENTED_EDGE ( 'NONE', *, *, #1020, .F. ) ;
#4919 = DIMENSIONAL_EXPONENTS ( 1.000000000000000000, 0.0000000000000000000, 0.0000000000000000000, 0.0000000000000000000, 0.0000000000000000000, 0.0000000000000000000, 0.0000000000000000000 ) ;
#4920 = CARTESIAN_POINT ( 'NONE',  ( -0.02952755905511805085, -0.09389165368277066492, -1.661417322834645827 ) ) ;
#4921 = LENGTH_MEASURE_WITH_UNIT ( LENGTH_MEASURE( 0.02539999999999999897 ), #6172 );
#4922 = CIRCLE ( 'NONE', #6059, 0.02952755905511810289 ) ;
#4923 = FACE_BOUND ( 'NONE', #246, .T. ) ;
#4924 = ORIENTED_EDGE ( 'NONE', *, *, #2932, .T. ) ;
#4925 =( NAMED_UNIT ( * ) PLANE_ANGLE_UNIT ( ) SI_UNIT ( $, .RADIAN. ) );
#4926 = UNCERTAINTY_MEASURE_WITH_UNIT (LENGTH_MEASURE( 1.000000000000000082E-05 ), #4246, 'distance_accuracy_value', 'NONE');
#4927 = EDGE_CURVE ( 'NONE', #3593, #5108, #7603, .T. ) ;
#4928 = ORIENTED_EDGE ( 'NONE', *, *, #8500, .F. ) ;
#4929 = LINE ( 'NONE', #3411, #4313 ) ;
#4930 = DIRECTION ( 'NONE',  ( 0.0000000000000000000, 1.000000000000000000, 0.0000000000000000000 ) ) ;
#4931 = DIRECTION ( 'NONE',  ( 0.0000000000000000000, 1.000000000000000000, 0.0000000000000000000 ) ) ;
#4932 = VERTEX_POINT ( 'NONE', #2205 ) ;
#4933 = DIRECTION ( 'NONE',  ( 0.0000000000000000000, 0.0000000000000000000, 1.000000000000000000 ) ) ;
#4934 = STYLED_ITEM ( 'NONE', ( #2784 ), #6041 ) ;
#4935 = FILL_AREA_STYLE_COLOUR ( '', #6741 ) ;
#4936 =( CONVERSION_BASED_UNIT ( 'INCH', #4335 ) LENGTH_UNIT ( ) NAMED_UNIT ( #4919 ) );
#4937 = DIRECTION ( 'NONE',  ( -1.000000000000000000, 0.0000000000000000000, 0.0000000000000000000 ) ) ;
#4938 = DIMENSIONAL_EXPONENTS ( 1.000000000000000000, 0.0000000000000000000, 0.0000000000000000000, 0.0000000000000000000, 0.0000000000000000000, 0.0000000000000000000, 0.0000000000000000000 ) ;
#4939 = CIRCLE ( 'NONE', #599, 0.1451771653543307283 ) ;
#4940 = FACE_OUTER_BOUND ( 'NONE', #538, .T. ) ;
#4941 = EDGE_CURVE ( 'NONE', #2618, #8471, #6471, .T. ) ;
#4942 = FACE_OUTER_BOUND ( 'NONE', #6715, .T. ) ;
#4943 = EDGE_LOOP ( 'NONE', ( #7100, #942, #7143, #7047 ) ) ;
#4944 =( NAMED_UNIT ( * ) SI_UNIT ( $, .STERADIAN. ) SOLID_ANGLE_UNIT ( ) );
#4945 = CARTESIAN_POINT ( 'NONE',  ( -0.1141732283464566844, 0.02952755905511811330, -1.307086614173228467 ) ) ;
#4946 = CYLINDRICAL_SURFACE ( 'NONE', #3915, 0.2755905511811023723 ) ;
#4947 = PRESENTATION_LAYER_ASSIGNMENT (  '', '', ( #6514 ) ) ;
#4948 = FILL_AREA_STYLE ('',( #6280 ) ) ;
#4949 = CARTESIAN_POINT ( 'NONE',  ( 0.02952755905511811330, -0.1141732283464566844, -1.543307086614173151 ) ) ;
#4950 = EDGE_CURVE ( 'NONE', #1702, #7481, #4489, .T. ) ;
#4951 = SURFACE_STYLE_USAGE ( .BOTH. , #666 ) ;
#4952 = ORIENTED_EDGE ( 'NONE', *, *, #7458, .F. ) ;
#4953 = ADVANCED_FACE ( 'NONE', ( #5550 ), #353, .F. ) ;
#4954 = COLOUR_RGB ( '',0.7450980392156862919, 0.7450980392156862919, 0.7450980392156862919 ) ;
#4955 = SURFACE_STYLE_FILL_AREA ( #6160 ) ;
#4956 = SURFACE_STYLE_FILL_AREA ( #3730 ) ;
#4957 = ORIENTED_EDGE ( 'NONE', *, *, #8235, .T. ) ;
#4958 = ORIENTED_EDGE ( 'NONE', *, *, #17, .T. ) ;
#4959 = SURFACE_STYLE_FILL_AREA ( #387 ) ;
#4960 = PRESENTATION_STYLE_ASSIGNMENT (( #2273 ) ) ;
#4961 = CONICAL_SURFACE ( 'NONE', #5812, 0.2755905511811023723, 0.7853981633974497223 ) ;
#4962 = CIRCLE ( 'NONE', #2287, 0.1614173228346456601 ) ;
#4963 = ORIENTED_EDGE ( 'NONE', *, *, #1986, .T. ) ;
#4964 =( LENGTH_UNIT ( ) NAMED_UNIT ( * ) SI_UNIT ( $, .METRE. ) );
#4965 = FACE_OUTER_BOUND ( 'NONE', #3683, .T. ) ;
#4966 = CARTESIAN_POINT ( 'NONE',  ( 0.0000000000000000000, 0.0000000000000000000, -1.622047244094488194 ) ) ;
#4967 = VERTEX_POINT ( 'NONE', #6572 ) ;
#4968 = DIRECTION ( 'NONE',  ( 0.0000000000000000000, 0.0000000000000000000, 1.000000000000000000 ) ) ;
#4969 = AXIS2_PLACEMENT_3D ( 'NONE', #3189, #6547, #2572 ) ;
#4970 = DIRECTION ( 'NONE',  ( -1.000000000000000000, 0.0000000000000000000, 0.0000000000000000000 ) ) ;
#4971 = ORIENTED_EDGE ( 'NONE', *, *, #218, .T. ) ;
#4972 =( NAMED_UNIT ( * ) SI_UNIT ( $, .STERADIAN. ) SOLID_ANGLE_UNIT ( ) );
#4973 = DIRECTION ( 'NONE',  ( -1.000000000000000000, 0.0000000000000000000, 0.0000000000000000000 ) ) ;
#4974 = ORIENTED_EDGE ( 'NONE', *, *, #2506, .F. ) ;
#4975 = CARTESIAN_POINT ( 'NONE',  ( -0.07304209109498224772, -0.1614076073287683821, 0.4298724771940015676 ) ) ;
#4976 = VECTOR ( 'NONE', #857, 39.37007874015748143 ) ;
#4977 = CARTESIAN_POINT ( 'NONE',  ( 0.09389165368277065105, 0.02952755905511811330, -1.385826771653543510 ) ) ;
#4978 =( NAMED_UNIT ( * ) PLANE_ANGLE_UNIT ( ) SI_UNIT ( $, .RADIAN. ) );
#4979 = DIMENSIONAL_EXPONENTS ( 1.000000000000000000, 0.0000000000000000000, 0.0000000000000000000, 0.0000000000000000000, 0.0000000000000000000, 0.0000000000000000000, 0.0000000000000000000 ) ;
#4980 = EDGE_CURVE ( 'NONE', #6672, #8480, #1672, .T. ) ;
#4981 = VECTOR ( 'NONE', #6588, 39.37007874015748143 ) ;
#4982 = CARTESIAN_POINT ( 'NONE',  ( -0.09389165368277065105, 0.02952755905511811330, -1.385826771653543510 ) ) ;
#4983 = FACE_BOUND ( 'NONE', #7778, .T. ) ;
#4984 = ORIENTED_EDGE ( 'NONE', *, *, #6912, .F. ) ;
#4985 = CARTESIAN_POINT ( 'NONE',  ( 0.1763232720909886364, 0.01705977506991343887, 0.2007874015748031260 ) ) ;
#4986 = VECTOR ( 'NONE', #6490, 39.37007874015748143 ) ;
#4987 = LENGTH_MEASURE_WITH_UNIT ( LENGTH_MEASURE( 0.02539999999999999897 ), #6279 );
#4988 = MECHANICAL_DESIGN_GEOMETRIC_PRESENTATION_REPRESENTATION (  '', ( #7682 ), #4572 ) ;
#4989 = FILL_AREA_STYLE ('',( #1005 ) ) ;
#4990 = EDGE_CURVE ( 'NONE', #1968, #2211, #2380, .T. ) ;
#4991 = CARTESIAN_POINT ( 'NONE',  ( -0.05707498703981752491, 0.1509900591612205467, 0.03937007874015751446 ) ) ;
#4992 = PLANE ( 'NONE',  #6410 ) ;
#4993 = PRESENTATION_LAYER_ASSIGNMENT (  '', '', ( #4857 ) ) ;
#4994 = LINE ( 'NONE', #1130, #422 ) ;
#4995 = EDGE_LOOP ( 'NONE', ( #5432, #2825 ) ) ;
#4996 = PRESENTATION_LAYER_ASSIGNMENT (  '', '', ( #4727 ) ) ;
#4997 = DIRECTION ( 'NONE',  ( 0.0000000000000000000, 0.0000000000000000000, 1.000000000000000000 ) ) ;
#4998 = VERTEX_POINT ( 'NONE', #3256 ) ;
#4999 = DIRECTION ( 'NONE',  ( -1.000000000000000000, 0.0000000000000000000, 0.0000000000000000000 ) ) ;
#5000 = VERTEX_POINT ( 'NONE', #5239 ) ;
#5001 = PLANE ( 'NONE',  #2839 ) ;
#5002 = PRESENTATION_LAYER_ASSIGNMENT (  '', '', ( #6131 ) ) ;
#5003 = EDGE_CURVE ( 'NONE', #7773, #4910, #5813, .T. ) ;
#5004 = AXIS2_PLACEMENT_3D ( 'NONE', #3170, #5910, #8739 ) ;
#5005 = EDGE_CURVE ( 'NONE', #1315, #10, #4642, .T. ) ;
#5006 = CONICAL_SURFACE ( 'NONE', #3035, 0.1377952755905511584, 0.03904264995516706221 ) ;
#5007 = UNCERTAINTY_MEASURE_WITH_UNIT (LENGTH_MEASURE( 1.000000000000000082E-05 ), #4936, 'distance_accuracy_value', 'NONE');
#5008 = VECTOR ( 'NONE', #7131, 39.37007874015748143 ) ;
#5009 = CARTESIAN_POINT ( 'NONE',  ( 0.03937007874015745895, 0.07874015748031495954, 0.0000000000000000000 ) ) ;
#5010 = ORIENTED_EDGE ( 'NONE', *, *, #4927, .T. ) ;
#5011 = COLOUR_RGB ( '',0.2509803921568627416, 0.2509803921568627416, 0.2509803921568627416 ) ;
#5012 = DIRECTION ( 'NONE',  ( 0.0000000000000000000, 0.0000000000000000000, -1.000000000000000000 ) ) ;
#5013 = FILL_AREA_STYLE ('',( #6433 ) ) ;
#5014 = ORIENTED_EDGE ( 'NONE', *, *, #2620, .T. ) ;
#5015 = DIRECTION ( 'NONE',  ( 0.0000000000000000000, 0.0000000000000000000, 1.000000000000000000 ) ) ;
#5016 = SURFACE_SIDE_STYLE ('',( #8540 ) ) ;
#5017 = PRESENTATION_LAYER_ASSIGNMENT (  '', '', ( #3190 ) ) ;
#5018 = UNCERTAINTY_MEASURE_WITH_UNIT (LENGTH_MEASURE( 1.000000000000000082E-05 ), #4002, 'distance_accuracy_value', 'NONE');
#5019 = ORIENTED_EDGE ( 'NONE', *, *, #2529, .F. ) ;
#5020 = SURFACE_STYLE_FILL_AREA ( #2948 ) ;
#5021 = DIRECTION ( 'NONE',  ( 0.0000000000000000000, 0.0000000000000000000, -1.000000000000000000 ) ) ;
#5022 =( GEOMETRIC_REPRESENTATION_CONTEXT ( 3 ) GLOBAL_UNCERTAINTY_ASSIGNED_CONTEXT ( ( #3982 ) ) GLOBAL_UNIT_ASSIGNED_CONTEXT ( ( #4269, #6214, #6167 ) ) REPRESENTATION_CONTEXT ( 'NONE', 'WORKASPACE' ) );
#5023 = CARTESIAN_POINT ( 'NONE',  ( -0.02952755905511811330, 0.1141732283464566844, -1.582677165354331006 ) ) ;
#5024 = ORIENTED_EDGE ( 'NONE', *, *, #2153, .F. ) ;
#5025 = SURFACE_STYLE_USAGE ( .BOTH. , #3849 ) ;
#5026 = CARTESIAN_POINT ( 'NONE',  ( -0.09570420454949610245, 0.2584392716516822341, 0.2480314960629921572 ) ) ;
#5027 = DIRECTION ( 'NONE',  ( 0.0000000000000000000, 0.0000000000000000000, 1.000000000000000000 ) ) ;
#5028 = DIRECTION ( 'NONE',  ( 0.0000000000000000000, 0.0000000000000000000, 1.000000000000000000 ) ) ;
#5029 = CIRCLE ( 'NONE', #8309, 0.1771653543307083190 ) ;
#5030 = UNCERTAINTY_MEASURE_WITH_UNIT (LENGTH_MEASURE( 1.000000000000000082E-05 ), #3986, 'distance_accuracy_value', 'NONE');
#5031 = CARTESIAN_POINT ( 'NONE',  ( 0.2755905511811023723, 0.0000000000000000000, 0.0000000000000000000 ) ) ;
#5032 = DIRECTION ( 'NONE',  ( 0.0000000000000000000, -1.000000000000000000, 0.0000000000000000000 ) ) ;
#5033 = ORIENTED_EDGE ( 'NONE', *, *, #2031, .F. ) ;
#5034 =( NAMED_UNIT ( * ) PLANE_ANGLE_UNIT ( ) SI_UNIT ( $, .RADIAN. ) );
#5035 = FILL_AREA_STYLE_COLOUR ( '', #7124 ) ;
#5036 =( GEOMETRIC_REPRESENTATION_CONTEXT ( 3 ) GLOBAL_UNCERTAINTY_ASSIGNED_CONTEXT ( ( #4669 ) ) GLOBAL_UNIT_ASSIGNED_CONTEXT ( ( #597, #6545, #2659 ) ) REPRESENTATION_CONTEXT ( 'NONE', 'WORKASPACE' ) );
#5037 = DIRECTION ( 'NONE',  ( 1.000000000000000000, 0.0000000000000000000, 0.0000000000000000000 ) ) ;
#5038 = DIRECTION ( 'NONE',  ( 0.0000000000000000000, 1.000000000000000000, 0.0000000000000000000 ) ) ;
#5039 = CONICAL_SURFACE ( 'NONE', #2920, 0.1377952755905511584, 0.03904264995516706221 ) ;
#5040 = DIMENSIONAL_EXPONENTS ( 1.000000000000000000, 0.0000000000000000000, 0.0000000000000000000, 0.0000000000000000000, 0.0000000000000000000, 0.0000000000000000000, 0.0000000000000000000 ) ;
#5041 = EDGE_LOOP ( 'NONE', ( #6622, #7612, #1575, #2808 ) ) ;
#5042 = SURFACE_SIDE_STYLE ('',( #8490 ) ) ;
#5043 = DIRECTION ( 'NONE',  ( -1.000000000000000000, 0.0000000000000000000, 0.0000000000000000000 ) ) ;
#5044 = EDGE_CURVE ( 'NONE', #3518, #6099, #5942, .T. ) ;
#5045 = CARTESIAN_POINT ( 'NONE',  ( -0.1141732283464566844, 0.02952755905511811330, -1.543307086614173151 ) ) ;
#5046 = ORIENTED_EDGE ( 'NONE', *, *, #6988, .F. ) ;
#5047 = CIRCLE ( 'NONE', #8331, 0.01574803149606300579 ) ;
#5048 = DIRECTION ( 'NONE',  ( 1.000000000000000000, 0.0000000000000000000, 0.0000000000000000000 ) ) ;
#5049 = ORIENTED_EDGE ( 'NONE', *, *, #6585, .F. ) ;
#5050 =( LENGTH_UNIT ( ) NAMED_UNIT ( * ) SI_UNIT ( $, .METRE. ) );
#5051 = CARTESIAN_POINT ( 'NONE',  ( -0.02952755905511811330, 0.09389165368277065105, -1.385826771653543510 ) ) ;
#5052 = CARTESIAN_POINT ( 'NONE',  ( -0.09389165368277065105, 0.02952755905511811330, -1.464566929133858109 ) ) ;
#5053 = AXIS2_PLACEMENT_3D ( 'NONE', #6057, #3193, #8661 ) ;
#5054 = CIRCLE ( 'NONE', #1402, 0.1614173228346456601 ) ;
#5055 = EDGE_CURVE ( 'NONE', #976, #2068, #532, .T. ) ;
#5056 = VERTEX_POINT ( 'NONE', #1284 ) ;
#5057 = CARTESIAN_POINT ( 'NONE',  ( 0.02952755905511811330, -0.09389165368277023471, -1.385826771653543510 ) ) ;
#5058 = CARTESIAN_POINT ( 'NONE',  ( 0.09389165368277066492, -0.02952755905511809942, -1.582677165354331006 ) ) ;
#5059 = CARTESIAN_POINT ( 'NONE',  ( -0.05229675996774407754, -0.1443627238866406759, 0.03937007874015751446 ) ) ;
#5060 = VERTEX_POINT ( 'NONE', #2595 ) ;
#5061 = CARTESIAN_POINT ( 'NONE',  ( -0.1771653543307086798, 2.169649841009090648E-17, 0.0000000000000000000 ) ) ;
#5062 = STYLED_ITEM ( 'NONE', ( #6364 ), #5542 ) ;
#5063 = SURFACE_STYLE_FILL_AREA ( #4327 ) ;
#5064 = EDGE_CURVE ( 'NONE', #3487, #2656, #5768, .T. ) ;
#5065 = ORIENTED_EDGE ( 'NONE', *, *, #863, .T. ) ;
#5066 = CARTESIAN_POINT ( 'NONE',  ( 0.0000000000000000000, 0.0000000000000000000, -1.346456692913385877 ) ) ;
#5067 = LINE ( 'NONE', #1720, #4363 ) ;
#5068 = DIRECTION ( 'NONE',  ( 1.000000000000000000, 0.0000000000000000000, 0.0000000000000000000 ) ) ;
#5069 = ORIENTED_EDGE ( 'NONE', *, *, #258, .T. ) ;
#5070 = FACE_BOUND ( 'NONE', #2591, .T. ) ;
#5071 =( LENGTH_UNIT ( ) NAMED_UNIT ( * ) SI_UNIT ( $, .METRE. ) );
#5072 = COLOUR_RGB ( '',0.2509803921568627416, 0.2509803921568627416, 0.2509803921568627416 ) ;
#5073 = LINE ( 'NONE', #3624, #4767 ) ;
#5074 = ORIENTED_EDGE ( 'NONE', *, *, #5044, .T. ) ;
#5075 = DIRECTION ( 'NONE',  ( 0.0000000000000000000, -1.000000000000000000, 0.0000000000000000000 ) ) ;
#5076 = CARTESIAN_POINT ( 'NONE',  ( 0.0000000000000000000, 0.0000000000000000000, -1.267716535433071057 ) ) ;
#5077 = FACE_BOUND ( 'NONE', #3616, .T. ) ;
#5078 = FILL_AREA_STYLE_COLOUR ( '', #3939 ) ;
#5079 = ORIENTED_EDGE ( 'NONE', *, *, #2582, .F. ) ;
#5080 = CARTESIAN_POINT ( 'NONE',  ( 0.0000000000000000000, 0.0000000000000000000, -1.622047244094488194 ) ) ;
#5081 = SURFACE_SIDE_STYLE ('',( #4956 ) ) ;
#5082 = DIRECTION ( 'NONE',  ( 0.0000000000000000000, 0.0000000000000000000, 1.000000000000000000 ) ) ;
#5083 = STYLED_ITEM ( 'NONE', ( #1985 ), #909 ) ;
#5084 = VECTOR ( 'NONE', #43, 39.37007874015748143 ) ;
#5085 = EDGE_LOOP ( 'NONE', ( #5375, #5193 ) ) ;
#5086 = PLANE ( 'NONE',  #3633 ) ;
#5087 = DIRECTION ( 'NONE',  ( 0.0000000000000000000, 0.0000000000000000000, 1.000000000000000000 ) ) ;
#5088 = LINE ( 'NONE', #5051, #1574 ) ;
#5089 = DIRECTION ( 'NONE',  ( 0.0000000000000000000, 0.0000000000000000000, -1.000000000000000000 ) ) ;
#5090 = EDGE_CURVE ( 'NONE', #6395, #345, #1239, .T. ) ;
#5091 = UNCERTAINTY_MEASURE_WITH_UNIT (LENGTH_MEASURE( 1.000000000000000082E-05 ), #5446, 'distance_accuracy_value', 'NONE');
#5092 = ORIENTED_EDGE ( 'NONE', *, *, #3615, .T. ) ;
#5093 = DIMENSIONAL_EXPONENTS ( 1.000000000000000000, 0.0000000000000000000, 0.0000000000000000000, 0.0000000000000000000, 0.0000000000000000000, 0.0000000000000000000, 0.0000000000000000000 ) ;
#5094 = FILL_AREA_STYLE_COLOUR ( '', #7165 ) ;
#5095 = DIRECTION ( 'NONE',  ( 0.0000000000000000000, 0.0000000000000000000, -1.000000000000000000 ) ) ;
#5096 = ORIENTED_EDGE ( 'NONE', *, *, #6560, .F. ) ;
#5097 = SURFACE_STYLE_USAGE ( .BOTH. , #264 ) ;
#5098 = VECTOR ( 'NONE', #1381, 39.37007874015748143 ) ;
#5099 = CARTESIAN_POINT ( 'NONE',  ( 0.0000000000000000000, 0.0000000000000000000, 0.0000000000000000000 ) ) ;
#5100 = VECTOR ( 'NONE', #1371, 39.37007874015748854 ) ;
#5101 = EDGE_CURVE ( 'NONE', #1142, #1386, #1148, .T. ) ;
#5102 = ADVANCED_BREP_SHAPE_REPRESENTATION ( 'CUI_DEVICES_MD-50', ( #1654, #5321 ), #4349 ) ;
#5103 = MECHANICAL_DESIGN_GEOMETRIC_PRESENTATION_REPRESENTATION (  '', ( #6528 ), #4698 ) ;
#5104 = CARTESIAN_POINT ( 'NONE',  ( 0.0000000000000000000, 0.0000000000000000000, -1.503937007874015741 ) ) ;
#5105 = ORIENTED_EDGE ( 'NONE', *, *, #2691, .T. ) ;
#5106 = ORIENTED_EDGE ( 'NONE', *, *, #7334, .F. ) ;
#5107 = CYLINDRICAL_SURFACE ( 'NONE', #6844, 0.1771653543307086798 ) ;
#5108 = VERTEX_POINT ( 'NONE', #4629 ) ;
#5109 = DIRECTION ( 'NONE',  ( 1.000000000000000000, 0.0000000000000000000, 0.0000000000000000000 ) ) ;
#5110 = CIRCLE ( 'NONE', #3713, 0.09842519685039370636 ) ;
#5111 = EDGE_CURVE ( 'NONE', #8774, #2333, #7326, .T. ) ;
#5112 = SURFACE_STYLE_FILL_AREA ( #3085 ) ;
#5113 = EDGE_CURVE ( 'NONE', #174, #2445, #399, .T. ) ;
#5114 = FACE_OUTER_BOUND ( 'NONE', #4855, .T. ) ;
#5115 = ORIENTED_EDGE ( 'NONE', *, *, #601, .F. ) ;
#5116 = COLOUR_RGB ( '',0.2509803921568627416, 0.2509803921568627416, 0.2509803921568627416 ) ;
#5117 =( LENGTH_UNIT ( ) NAMED_UNIT ( * ) SI_UNIT ( $, .METRE. ) );
#5118 = CARTESIAN_POINT ( 'NONE',  ( 0.1141732283464566844, 0.02952755905511811330, -1.307086614173228467 ) ) ;
#5119 = SURFACE_STYLE_USAGE ( .BOTH. , #6014 ) ;
#5120 = DIRECTION ( 'NONE',  ( 0.0000000000000000000, 0.0000000000000000000, -1.000000000000000000 ) ) ;
#5121 = ORIENTED_EDGE ( 'NONE', *, *, #6178, .T. ) ;
#5122 =( NAMED_UNIT ( * ) PLANE_ANGLE_UNIT ( ) SI_UNIT ( $, .RADIAN. ) );
#5123 = FACE_OUTER_BOUND ( 'NONE', #1029, .T. ) ;
#5124 =( GEOMETRIC_REPRESENTATION_CONTEXT ( 3 ) GLOBAL_UNCERTAINTY_ASSIGNED_CONTEXT ( ( #2561 ) ) GLOBAL_UNIT_ASSIGNED_CONTEXT ( ( #2332, #1676, #2246 ) ) REPRESENTATION_CONTEXT ( 'NONE', 'WORKASPACE' ) );
#5125 = CYLINDRICAL_SURFACE ( 'NONE', #6363, 0.01574803149606301619 ) ;
#5126 = CARTESIAN_POINT ( 'NONE',  ( 0.0000000000000000000, 0.0000000000000000000, -1.582677165354331006 ) ) ;
#5127 = CARTESIAN_POINT ( 'NONE',  ( -0.09389165368277065105, -0.02952755905511811330, -1.464566929133858109 ) ) ;
#5128 = PRESENTATION_STYLE_ASSIGNMENT (( #7051 ) ) ;
#5129 = MECHANICAL_DESIGN_GEOMETRIC_PRESENTATION_REPRESENTATION (  '', ( #4853 ), #4441 ) ;
#5130 = LINE ( 'NONE', #1844, #8475 ) ;
#5131 = ORIENTED_EDGE ( 'NONE', *, *, #1488, .F. ) ;
#5132 = DIRECTION ( 'NONE',  ( -1.000000000000000000, 0.0000000000000000000, 0.0000000000000000000 ) ) ;
#5133 = VERTEX_POINT ( 'NONE', #1758 ) ;
#5134 = EDGE_CURVE ( 'NONE', #8278, #7577, #4496, .T. ) ;
#5135 = VECTOR ( 'NONE', #4731, 39.37007874015748143 ) ;
#5136 = SURFACE_STYLE_FILL_AREA ( #3698 ) ;
#5137 = COLOUR_RGB ( '',0.2509803921568627416, 0.2509803921568627416, 0.2509803921568627416 ) ;
#5138 = LINE ( 'NONE', #7816, #3851 ) ;
#5139 =( GEOMETRIC_REPRESENTATION_CONTEXT ( 3 ) GLOBAL_UNCERTAINTY_ASSIGNED_CONTEXT ( ( #1954 ) ) GLOBAL_UNIT_ASSIGNED_CONTEXT ( ( #3629, #3767, #8304 ) ) REPRESENTATION_CONTEXT ( 'NONE', 'WORKASPACE' ) );
#5140 = AXIS2_PLACEMENT_3D ( 'NONE', #7917, #7239, #1198 ) ;
#5141 = VECTOR ( 'NONE', #5993, 39.37007874015748143 ) ;
#5142 = CARTESIAN_POINT ( 'NONE',  ( 0.0000000000000000000, 0.0000000000000000000, -1.464566929133858109 ) ) ;
#5143 = ORIENTED_EDGE ( 'NONE', *, *, #2191, .F. ) ;
#5144 = VERTEX_POINT ( 'NONE', #446 ) ;
#5145 =( CONVERSION_BASED_UNIT ( 'INCH', #6 ) LENGTH_UNIT ( ) NAMED_UNIT ( #1965 ) );
#5146 = LINE ( 'NONE', #3124, #1658 ) ;
#5147 = EDGE_LOOP ( 'NONE', ( #416, #3931, #6900, #5010 ) ) ;
#5148 = EDGE_CURVE ( 'NONE', #7494, #1356, #7899, .T. ) ;
#5149 = LINE ( 'NONE', #7197, #7706 ) ;
#5150 = DIRECTION ( 'NONE',  ( 0.0000000000000000000, 0.0000000000000000000, -1.000000000000000000 ) ) ;
#5151 = MECHANICAL_DESIGN_GEOMETRIC_PRESENTATION_REPRESENTATION (  '', ( #1364 ), #5578 ) ;
#5152 = CIRCLE ( 'NONE', #7435, 0.003937007874015758385 ) ;
#5153 = SURFACE_STYLE_USAGE ( .BOTH. , #7961 ) ;
#5154 = DIMENSIONAL_EXPONENTS ( 1.000000000000000000, 0.0000000000000000000, 0.0000000000000000000, 0.0000000000000000000, 0.0000000000000000000, 0.0000000000000000000, 0.0000000000000000000 ) ;
#5155 = CIRCLE ( 'NONE', #4194, 0.01574803149606300579 ) ;
#5156 = PLANE ( 'NONE',  #6675 ) ;
#5157 = CARTESIAN_POINT ( 'NONE',  ( 0.07086614173228344971, 0.07874015748031495954, 0.1968503936985494807 ) ) ;
#5158 = LINE ( 'NONE', #3899, #1333 ) ;
#5159 = FILL_AREA_STYLE ('',( #2473 ) ) ;
#5160 = ORIENTED_EDGE ( 'NONE', *, *, #8729, .T. ) ;
#5161 = EDGE_CURVE ( 'NONE', #888, #6311, #7370, .T. ) ;
#5162 = DIRECTION ( 'NONE',  ( 0.0000000000000000000, 0.0000000000000000000, 1.000000000000000000 ) ) ;
#5163 = EDGE_CURVE ( 'NONE', #2099, #551, #5189, .T. ) ;
#5164 = SURFACE_STYLE_FILL_AREA ( #556 ) ;
#5165 = FILL_AREA_STYLE_COLOUR ( '', #2569 ) ;
#5166 = MECHANICAL_DESIGN_GEOMETRIC_PRESENTATION_REPRESENTATION (  '', ( #5596 ), #1374 ) ;
#5167 = DIRECTION ( 'NONE',  ( 0.0000000000000000000, 0.0000000000000000000, 1.000000000000000000 ) ) ;
#5168 = VERTEX_POINT ( 'NONE', #753 ) ;
#5169 = DIRECTION ( 'NONE',  ( 0.0000000000000000000, 0.0000000000000000000, 1.000000000000000000 ) ) ;
#5170 = COLOUR_RGB ( '',0.2509803921568627416, 0.2509803921568627416, 0.2509803921568627416 ) ;
#5171 = EDGE_CURVE ( 'NONE', #306, #2117, #1454, .T. ) ;
#5172 = SURFACE_STYLE_USAGE ( .BOTH. , #5753 ) ;
#5173 =( CONVERSION_BASED_UNIT ( 'INCH', #3197 ) LENGTH_UNIT ( ) NAMED_UNIT ( #846 ) );
#5174 = SURFACE_STYLE_USAGE ( .BOTH. , #2535 ) ;
#5175 = PRESENTATION_STYLE_ASSIGNMENT (( #7218 ) ) ;
#5176 = FACE_OUTER_BOUND ( 'NONE', #3304, .T. ) ;
#5177 =( NAMED_UNIT ( * ) PLANE_ANGLE_UNIT ( ) SI_UNIT ( $, .RADIAN. ) );
#5178 = STYLED_ITEM ( 'NONE', ( #6818 ), #4517 ) ;
#5179 = CARTESIAN_POINT ( 'NONE',  ( -0.02952755905511811330, -0.09389165368277065105, -1.385826771653543510 ) ) ;
#5180 = PRESENTATION_LAYER_ASSIGNMENT (  '', '', ( #260 ) ) ;
#5181 =( GEOMETRIC_REPRESENTATION_CONTEXT ( 3 ) GLOBAL_UNCERTAINTY_ASSIGNED_CONTEXT ( ( #6720 ) ) GLOBAL_UNIT_ASSIGNED_CONTEXT ( ( #676, #3448, #4119 ) ) REPRESENTATION_CONTEXT ( 'NONE', 'WORKASPACE' ) );
#5182 = PLANE ( 'NONE',  #4213 ) ;
#5183 =( LENGTH_UNIT ( ) NAMED_UNIT ( * ) SI_UNIT ( $, .METRE. ) );
#5184 = EDGE_LOOP ( 'NONE', ( #8017, #7977, #8327, #2116 ) ) ;
#5185 = FILL_AREA_STYLE_COLOUR ( '', #6158 ) ;
#5186 = LENGTH_MEASURE_WITH_UNIT ( LENGTH_MEASURE( 0.02539999999999999897 ), #439 );
#5187 = ORIENTED_EDGE ( 'NONE', *, *, #716, .T. ) ;
#5188 = PLANE ( 'NONE',  #5934 ) ;
#5189 = CIRCLE ( 'NONE', #272, 0.003937007874015749712 ) ;
#5190 = CIRCLE ( 'NONE', #276, 0.1614173228346456601 ) ;
#5191 = UNCERTAINTY_MEASURE_WITH_UNIT (LENGTH_MEASURE( 1.000000000000000082E-05 ), #5849, 'distance_accuracy_value', 'NONE');
#5192 = ORIENTED_EDGE ( 'NONE', *, *, #8700, .F. ) ;
#5193 = ORIENTED_EDGE ( 'NONE', *, *, #7564, .T. ) ;
#5194 = SURFACE_SIDE_STYLE ('',( #403 ) ) ;
#5195 =( NAMED_UNIT ( * ) SI_UNIT ( $, .STERADIAN. ) SOLID_ANGLE_UNIT ( ) );
#5196 = ORIENTED_EDGE ( 'NONE', *, *, #7727, .T. ) ;
#5197 = DIRECTION ( 'NONE',  ( 0.0000000000000000000, 0.0000000000000000000, 1.000000000000000000 ) ) ;
#5198 = LINE ( 'NONE', #1900, #1036 ) ;
#5199 =( CONVERSION_BASED_UNIT ( 'INCH', #8597 ) LENGTH_UNIT ( ) NAMED_UNIT ( #732 ) );
#5200 =( CONVERSION_BASED_UNIT ( 'INCH', #4592 ) LENGTH_UNIT ( ) NAMED_UNIT ( #1493 ) );
#5201 = DIRECTION ( 'NONE',  ( 0.0000000000000000000, 0.0000000000000000000, -1.000000000000000000 ) ) ;
#5202 = CIRCLE ( 'NONE', #2945, 0.02952755905511810289 ) ;
#5203 = EDGE_CURVE ( 'NONE', #4998, #2834, #5485, .T. ) ;
#5204 = UNCERTAINTY_MEASURE_WITH_UNIT (LENGTH_MEASURE( 1.000000000000000082E-05 ), #346, 'distance_accuracy_value', 'NONE');
#5205 = CARTESIAN_POINT ( 'NONE',  ( -0.02952755905511811330, 0.09389165368277065105, -1.307086614173228467 ) ) ;
#5206 =( CONVERSION_BASED_UNIT ( 'INCH', #2518 ) LENGTH_UNIT ( ) NAMED_UNIT ( #3066 ) );
#5207 = FILL_AREA_STYLE ('',( #5248 ) ) ;
#5208 = ORIENTED_EDGE ( 'NONE', *, *, #1777, .F. ) ;
#5209 = DIRECTION ( 'NONE',  ( 0.0000000000000000000, 0.0000000000000000000, -1.000000000000000000 ) ) ;
#5210 = VERTEX_POINT ( 'NONE', #712 ) ;
#5211 = DIRECTION ( 'NONE',  ( -1.000000000000000000, 0.0000000000000000000, 0.0000000000000000000 ) ) ;
#5212 =( GEOMETRIC_REPRESENTATION_CONTEXT ( 3 ) GLOBAL_UNCERTAINTY_ASSIGNED_CONTEXT ( ( #6179 ) ) GLOBAL_UNIT_ASSIGNED_CONTEXT ( ( #7138, #4442, #5274 ) ) REPRESENTATION_CONTEXT ( 'NONE', 'WORKASPACE' ) );
#5213 = FILL_AREA_STYLE ('',( #6682 ) ) ;
#5214 =( NAMED_UNIT ( * ) PLANE_ANGLE_UNIT ( ) SI_UNIT ( $, .RADIAN. ) );
#5215 =( NAMED_UNIT ( * ) SI_UNIT ( $, .STERADIAN. ) SOLID_ANGLE_UNIT ( ) );
#5216 = EDGE_CURVE ( 'NONE', #4383, #2566, #6286, .T. ) ;
#5217 = DIMENSIONAL_EXPONENTS ( 1.000000000000000000, 0.0000000000000000000, 0.0000000000000000000, 0.0000000000000000000, 0.0000000000000000000, 0.0000000000000000000, 0.0000000000000000000 ) ;
#5218 = PRESENTATION_LAYER_ASSIGNMENT (  '', '', ( #7486 ) ) ;
#5219 = ORIENTED_EDGE ( 'NONE', *, *, #7896, .T. ) ;
#5220 = DIRECTION ( 'NONE',  ( 0.0000000000000000000, 0.0000000000000000000, 1.000000000000000000 ) ) ;
#5221 = DIRECTION ( 'NONE',  ( 0.0000000000000000000, 0.0000000000000000000, 1.000000000000000000 ) ) ;
#5222 = FILL_AREA_STYLE ('',( #609 ) ) ;
#5223 = PLANE ( 'NONE',  #8464 ) ;
#5224 = DIRECTION ( 'NONE',  ( -0.0000000000000000000, -0.0000000000000000000, -1.000000000000000000 ) ) ;
#5225 = DIRECTION ( 'NONE',  ( -1.000000000000000000, 0.0000000000000000000, 0.0000000000000000000 ) ) ;
#5226 = ADVANCED_FACE ( 'NONE', ( #3302 ), #2725, .F. ) ;
#5227 = EDGE_CURVE ( 'NONE', #6530, #6835, #2106, .T. ) ;
#5228 = STYLED_ITEM ( 'NONE', ( #2147 ), #987 ) ;
#5229 = CYLINDRICAL_SURFACE ( 'NONE', #8122, 0.007874015748031499423 ) ;
#5230 = VECTOR ( 'NONE', #746, 39.37007874015748143 ) ;
#5231 = DIRECTION ( 'NONE',  ( 0.0000000000000000000, 1.000000000000000000, 0.0000000000000000000 ) ) ;
#5232 = ORIENTED_EDGE ( 'NONE', *, *, #8281, .T. ) ;
#5233 =( LENGTH_UNIT ( ) NAMED_UNIT ( * ) SI_UNIT ( $, .METRE. ) );
#5234 = DIRECTION ( 'NONE',  ( 0.0000000000000000000, 0.0000000000000000000, -1.000000000000000000 ) ) ;
#5235 = VERTEX_POINT ( 'NONE', #2114 ) ;
#5236 = FILL_AREA_STYLE ('',( #3922 ) ) ;
#5237 = STYLED_ITEM ( 'NONE', ( #3827 ), #1249 ) ;
#5238 = PRESENTATION_LAYER_ASSIGNMENT (  '', '', ( #4399 ) ) ;
#5239 = CARTESIAN_POINT ( 'NONE',  ( -0.02952755905511811330, -0.1141732283464566844, -1.307086614173228467 ) ) ;
#5240 = ORIENTED_EDGE ( 'NONE', *, *, #6507, .F. ) ;
#5241 = CIRCLE ( 'NONE', #4816, 0.01574803149606300232 ) ;
#5242 = EDGE_LOOP ( 'NONE', ( #2699, #4454, #4229, #1806 ) ) ;
#5243 = DIRECTION ( 'NONE',  ( 0.0000000000000000000, 0.0000000000000000000, 1.000000000000000000 ) ) ;
#5244 = SURFACE_SIDE_STYLE ('',( #4506 ) ) ;
#5245 = FILL_AREA_STYLE_COLOUR ( '', #2440 ) ;
#5246 = COLOUR_RGB ( '',0.2509803921568627416, 0.2509803921568627416, 0.2509803921568627416 ) ;
#5247 = SURFACE_STYLE_USAGE ( .BOTH. , #7966 ) ;
#5248 = FILL_AREA_STYLE_COLOUR ( '', #282 ) ;
#5249 = ORIENTED_EDGE ( 'NONE', *, *, #5744, .T. ) ;
#5250 = CARTESIAN_POINT ( 'NONE',  ( -0.02952755905511811330, -0.1141732283464566844, -1.464566929133858109 ) ) ;
#5251 = ORIENTED_EDGE ( 'NONE', *, *, #8377, .T. ) ;
#5252 = VECTOR ( 'NONE', #7222, 39.37007874015748143 ) ;
#5253 = SURFACE_SIDE_STYLE ('',( #1127 ) ) ;
#5254 = EDGE_CURVE ( 'NONE', #5459, #2431, #8338, .T. ) ;
#5255 = DIRECTION ( 'NONE',  ( 0.0000000000000000000, 1.000000000000000000, 0.0000000000000000000 ) ) ;
#5256 = CARTESIAN_POINT ( 'NONE',  ( -0.07304209109498221997, -0.1614076073287682989, 0.03937007874015751446 ) ) ;
#5257 = CIRCLE ( 'NONE', #3153, 0.1614173228346456601 ) ;
#5258 = CARTESIAN_POINT ( 'NONE',  ( -0.1141732283464566844, 0.02952755905511811330, -1.385826771653543510 ) ) ;
#5259 =( NAMED_UNIT ( * ) SI_UNIT ( $, .STERADIAN. ) SOLID_ANGLE_UNIT ( ) );
#5260 = ORIENTED_EDGE ( 'NONE', *, *, #4260, .T. ) ;
#5261 = CARTESIAN_POINT ( 'NONE',  ( -0.02952755905511811330, 0.1141732283464566844, -1.464566929133858109 ) ) ;
#5262 = FILL_AREA_STYLE ('',( #3954 ) ) ;
#5263 = LINE ( 'NONE', #1135, #2275 ) ;
#5264 = CARTESIAN_POINT ( 'NONE',  ( 0.02952755905511811330, -0.09389165368277065105, -1.543307086614173151 ) ) ;
#5265 = EDGE_CURVE ( 'NONE', #527, #2550, #3096, .T. ) ;
#5266 = SURFACE_STYLE_FILL_AREA ( #5222 ) ;
#5267 = FACE_OUTER_BOUND ( 'NONE', #4822, .T. ) ;
#5268 = FILL_AREA_STYLE_COLOUR ( '', #5520 ) ;
#5269 = CARTESIAN_POINT ( 'NONE',  ( 0.1141732283464566844, 0.02952755905511811330, -1.385826771653543510 ) ) ;
#5270 = UNCERTAINTY_MEASURE_WITH_UNIT (LENGTH_MEASURE( 1.000000000000000082E-05 ), #4615, 'distance_accuracy_value', 'NONE');
#5271 =( GEOMETRIC_REPRESENTATION_CONTEXT ( 3 ) GLOBAL_UNCERTAINTY_ASSIGNED_CONTEXT ( ( #7786 ) ) GLOBAL_UNIT_ASSIGNED_CONTEXT ( ( #5206, #3485, #6810 ) ) REPRESENTATION_CONTEXT ( 'NONE', 'WORKASPACE' ) );
#5272 = DIRECTION ( 'NONE',  ( 0.0000000000000000000, -1.000000000000000000, 0.0000000000000000000 ) ) ;
#5273 = CARTESIAN_POINT ( 'NONE',  ( -0.09887340626147853029, -0.1174716846110027968, 0.03937007874015751446 ) ) ;
#5274 =( NAMED_UNIT ( * ) SI_UNIT ( $, .STERADIAN. ) SOLID_ANGLE_UNIT ( ) );
#5275 = ORIENTED_EDGE ( 'NONE', *, *, #8753, .T. ) ;
#5276 = DIMENSIONAL_EXPONENTS ( 1.000000000000000000, 0.0000000000000000000, 0.0000000000000000000, 0.0000000000000000000, 0.0000000000000000000, 0.0000000000000000000, 0.0000000000000000000 ) ;
#5277 = LINE ( 'NONE', #7224, #1089 ) ;
#5278 = ORIENTED_EDGE ( 'NONE', *, *, #2309, .T. ) ;
#5279 = EDGE_CURVE ( 'NONE', #4245, #7454, #4994, .T. ) ;
#5280 = PRESENTATION_STYLE_ASSIGNMENT (( #1281 ) ) ;
#5281 = EDGE_CURVE ( 'NONE', #5784, #7139, #6503, .T. ) ;
#5282 =( CONVERSION_BASED_UNIT ( 'INCH', #7272 ) LENGTH_UNIT ( ) NAMED_UNIT ( #5665 ) );
#5283 = VECTOR ( 'NONE', #8141, 39.37007874015748143 ) ;
#5284 =( NAMED_UNIT ( * ) SI_UNIT ( $, .STERADIAN. ) SOLID_ANGLE_UNIT ( ) );
#5285 = ORIENTED_EDGE ( 'NONE', *, *, #8458, .T. ) ;
#5286 =( GEOMETRIC_REPRESENTATION_CONTEXT ( 3 ) GLOBAL_UNCERTAINTY_ASSIGNED_CONTEXT ( ( #2204 ) ) GLOBAL_UNIT_ASSIGNED_CONTEXT ( ( #2677, #7796, #2061 ) ) REPRESENTATION_CONTEXT ( 'NONE', 'WORKASPACE' ) );
#5287 = MECHANICAL_DESIGN_GEOMETRIC_PRESENTATION_REPRESENTATION (  '', ( #3176 ), #675 ) ;
#5288 = ORIENTED_EDGE ( 'NONE', *, *, #101, .F. ) ;
#5289 = MECHANICAL_DESIGN_GEOMETRIC_PRESENTATION_REPRESENTATION (  '', ( #516 ), #7421 ) ;
#5290 = SURFACE_STYLE_FILL_AREA ( #6575 ) ;
#5291 = ORIENTED_EDGE ( 'NONE', *, *, #582, .T. ) ;
#5292 = DIRECTION ( 'NONE',  ( 0.0000000000000000000, 0.0000000000000000000, 1.000000000000000000 ) ) ;
#5293 = CARTESIAN_POINT ( 'NONE',  ( -0.02952755905511811330, -0.09389165368277065105, -1.346456692913385877 ) ) ;
#5294 = VECTOR ( 'NONE', #6712, 39.37007874015748143 ) ;
#5295 =( NAMED_UNIT ( * ) PLANE_ANGLE_UNIT ( ) SI_UNIT ( $, .RADIAN. ) );
#5296 = ORIENTED_EDGE ( 'NONE', *, *, #4617, .T. ) ;
#5297 = ORIENTED_EDGE ( 'NONE', *, *, #3934, .F. ) ;
#5298 = AXIS2_PLACEMENT_3D ( 'NONE', #3778, #922, #6338 ) ;
#5299 = AXIS2_PLACEMENT_3D ( 'NONE', #702, #954, #7452 ) ;
#5300 = LENGTH_MEASURE_WITH_UNIT ( LENGTH_MEASURE( 0.02539999999999999897 ), #3858 );
#5301 = PRESENTATION_LAYER_ASSIGNMENT (  '', '', ( #3198 ) ) ;
#5302 = EDGE_CURVE ( 'NONE', #3402, #6311, #5902, .T. ) ;
#5303 = ORIENTED_EDGE ( 'NONE', *, *, #4219, .T. ) ;
#5304 = FACE_OUTER_BOUND ( 'NONE', #8505, .T. ) ;
#5305 = LINE ( 'NONE', #3149, #8136 ) ;
#5306 = PRESENTATION_STYLE_ASSIGNMENT (( #5174 ) ) ;
#5307 = DIRECTION ( 'NONE',  ( 0.0000000000000000000, -1.000000000000000000, 0.0000000000000000000 ) ) ;
#5308 = CARTESIAN_POINT ( 'NONE',  ( 0.02952755905511811330, -0.09389165368277065105, -1.307086614173228467 ) ) ;
#5309 = PLANE ( 'NONE',  #7794 ) ;
#5310 = DIRECTION ( 'NONE',  ( 1.000000000000000000, 0.0000000000000000000, 0.0000000000000000000 ) ) ;
#5311 = CIRCLE ( 'NONE', #4072, 0.003937007874015758385 ) ;
#5312 = EDGE_CURVE ( 'NONE', #6418, #3523, #7039, .T. ) ;
#5313 =( NAMED_UNIT ( * ) PLANE_ANGLE_UNIT ( ) SI_UNIT ( $, .RADIAN. ) );
#5314 = CARTESIAN_POINT ( 'NONE',  ( -0.09389165368277065105, -0.02952755905511811330, -1.346456692913385877 ) ) ;
#5315 = VERTEX_POINT ( 'NONE', #7084 ) ;
#5316 = SURFACE_SIDE_STYLE ('',( #436 ) ) ;
#5317 = CARTESIAN_POINT ( 'NONE',  ( -0.1141732283464566844, 0.02952755905511811330, -1.700787401574803237 ) ) ;
#5318 = LENGTH_MEASURE_WITH_UNIT ( LENGTH_MEASURE( 0.02539999999999999897 ), #8725 );
#5319 = ORIENTED_EDGE ( 'NONE', *, *, #8391, .F. ) ;
#5320 = CARTESIAN_POINT ( 'NONE',  ( 0.0000000000000000000, 0.0000000000000000000, 0.2007874015748031260 ) ) ;
#5321 = AXIS2_PLACEMENT_3D ( 'NONE', #3251, #7908, #8723 ) ;
#5322 = COLOUR_RGB ( '',0.2509803921568627416, 0.2509803921568627416, 0.2509803921568627416 ) ;
#5323 = STYLED_ITEM ( 'NONE', ( #3087 ), #4737 ) ;
#5324 = EDGE_CURVE ( 'NONE', #715, #7320, #7609, .T. ) ;
#5325 = EDGE_LOOP ( 'NONE', ( #5512, #4561 ) ) ;
#5326 =( GEOMETRIC_REPRESENTATION_CONTEXT ( 3 ) GLOBAL_UNCERTAINTY_ASSIGNED_CONTEXT ( ( #6438 ) ) GLOBAL_UNIT_ASSIGNED_CONTEXT ( ( #2884, #4909, #2924 ) ) REPRESENTATION_CONTEXT ( 'NONE', 'WORKASPACE' ) );
#5327 = ORIENTED_EDGE ( 'NONE', *, *, #5706, .F. ) ;
#5328 = DIRECTION ( 'NONE',  ( -0.0000000000000000000, -0.0000000000000000000, -1.000000000000000000 ) ) ;
#5329 = CARTESIAN_POINT ( 'NONE',  ( -0.1032620427632870291, 0.1439601100981748871, 0.4298724771940015676 ) ) ;
#5330 = DIRECTION ( 'NONE',  ( 1.000000000000000000, 0.0000000000000000000, 0.0000000000000000000 ) ) ;
#5331 = ORIENTED_EDGE ( 'NONE', *, *, #2150, .F. ) ;
#5332 =( CONVERSION_BASED_UNIT ( 'INCH', #1245 ) LENGTH_UNIT ( ) NAMED_UNIT ( #8704 ) );
#5333 = CARTESIAN_POINT ( 'NONE',  ( 0.02952755905511811330, -0.1141732283464566844, -1.700787401574803237 ) ) ;
#5334 = AXIS2_PLACEMENT_3D ( 'NONE', #1023, #8375, #3704 ) ;
#5335 = CARTESIAN_POINT ( 'NONE',  ( 0.02952755905511811330, 0.1141732283464566844, -1.543307086614173151 ) ) ;
#5336 = DIMENSIONAL_EXPONENTS ( 1.000000000000000000, 0.0000000000000000000, 0.0000000000000000000, 0.0000000000000000000, 0.0000000000000000000, 0.0000000000000000000, 0.0000000000000000000 ) ;
#5337 = CARTESIAN_POINT ( 'NONE',  ( -0.1141732283464566844, 0.02952755905511811330, -1.385826771653543510 ) ) ;
#5338 = EDGE_CURVE ( 'NONE', #1131, #3205, #8562, .T. ) ;
#5339 = DIRECTION ( 'NONE',  ( 0.0000000000000000000, 0.0000000000000000000, 1.000000000000000000 ) ) ;
#5340 = PRESENTATION_LAYER_ASSIGNMENT (  '', '', ( #5759 ) ) ;
#5341 = CARTESIAN_POINT ( 'NONE',  ( 0.1377952755905511584, 0.0000000000000000000, -1.771653543307086576 ) ) ;
#5342 = ORIENTED_EDGE ( 'NONE', *, *, #3291, .F. ) ;
#5343 =( NAMED_UNIT ( * ) PLANE_ANGLE_UNIT ( ) SI_UNIT ( $, .RADIAN. ) );
#5344 = SURFACE_SIDE_STYLE ('',( #4035 ) ) ;
#5345 = ORIENTED_EDGE ( 'NONE', *, *, #5302, .F. ) ;
#5346 = SURFACE_SIDE_STYLE ('',( #1909 ) ) ;
#5347 = LINE ( 'NONE', #7390, #4462 ) ;
#5348 = FILL_AREA_STYLE_COLOUR ( '', #544 ) ;
#5349 = PRESENTATION_LAYER_ASSIGNMENT (  '', '', ( #5062 ) ) ;
#5350 = DIRECTION ( 'NONE',  ( -0.0000000000000000000, -0.0000000000000000000, -1.000000000000000000 ) ) ;
#5351 = CARTESIAN_POINT ( 'NONE',  ( 0.09389165368277023471, 0.02952755905511811330, -1.464566929133858109 ) ) ;
#5352 = ORIENTED_EDGE ( 'NONE', *, *, #4408, .T. ) ;
#5353 = SURFACE_STYLE_USAGE ( .BOTH. , #7351 ) ;
#5354 = CARTESIAN_POINT ( 'NONE',  ( -0.2755905511811023723, 3.375010863791918375E-17, -1.169291338582677087 ) ) ;
#5355 =( LENGTH_UNIT ( ) NAMED_UNIT ( * ) SI_UNIT ( $, .METRE. ) );
#5356 = LENGTH_MEASURE_WITH_UNIT ( LENGTH_MEASURE( 0.02539999999999999897 ), #4744 );
#5357 = LENGTH_MEASURE_WITH_UNIT ( LENGTH_MEASURE( 0.02539999999999999897 ), #1304 );
#5358 = PRESENTATION_STYLE_ASSIGNMENT (( #1392 ) ) ;
#5359 = AXIS2_PLACEMENT_3D ( 'NONE', #3110, #6612, #8632 ) ;
#5360 = CARTESIAN_POINT ( 'NONE',  ( -0.09389165368277065105, -0.02952755905511811330, -1.267716535433071057 ) ) ;
#5361 = SURFACE_STYLE_USAGE ( .BOTH. , #4824 ) ;
#5362 = ORIENTED_EDGE ( 'NONE', *, *, #2723, .T. ) ;
#5363 = LENGTH_MEASURE_WITH_UNIT ( LENGTH_MEASURE( 0.02539999999999999897 ), #1279 );
#5364 = LINE ( 'NONE', #6833, #5084 ) ;
#5365 = ORIENTED_EDGE ( 'NONE', *, *, #1511, .F. ) ;
#5366 = FILL_AREA_STYLE_COLOUR ( '', #1925 ) ;
#5367 = ADVANCED_FACE ( 'NONE', ( #3637 ), #8488, .F. ) ;
#5368 = CIRCLE ( 'NONE', #873, 0.1513287401574803237 ) ;
#5369 = UNCERTAINTY_MEASURE_WITH_UNIT (LENGTH_MEASURE( 1.000000000000000082E-05 ), #7871, 'distance_accuracy_value', 'NONE');
#5370 = DIRECTION ( 'NONE',  ( 0.0000000000000000000, 0.0000000000000000000, 1.000000000000000000 ) ) ;
#5371 = ORIENTED_EDGE ( 'NONE', *, *, #6029, .F. ) ;
#5372 = LINE ( 'NONE', #8190, #803 ) ;
#5373 = CARTESIAN_POINT ( 'NONE',  ( 0.0000000000000000000, 0.0000000000000000000, -1.346456692913385877 ) ) ;
#5374 = CARTESIAN_POINT ( 'NONE',  ( 0.07086614173228344971, 0.07874015748031495954, 0.1968503936985494807 ) ) ;
#5375 = ORIENTED_EDGE ( 'NONE', *, *, #2642, .T. ) ;
#5376 = CARTESIAN_POINT ( 'NONE',  ( -0.02952755905511811330, 0.1141732283464566844, -1.464566929133858109 ) ) ;
#5377 = MECHANICAL_DESIGN_GEOMETRIC_PRESENTATION_REPRESENTATION (  '', ( #8521 ), #7498 ) ;
#5378 = DIRECTION ( 'NONE',  ( -1.000000000000000000, 0.0000000000000000000, 0.0000000000000000000 ) ) ;
#5379 = VECTOR ( 'NONE', #213, 39.37007874015748143 ) ;
#5380 = EDGE_CURVE ( 'NONE', #4932, #7798, #7304, .T. ) ;
#5381 = LENGTH_MEASURE_WITH_UNIT ( LENGTH_MEASURE( 0.02539999999999999897 ), #6090 );
#5382 = PRESENTATION_LAYER_ASSIGNMENT (  '', '', ( #8664 ) ) ;
#5383 = DIRECTION ( 'NONE',  ( -0.0000000000000000000, -0.0000000000000000000, -1.000000000000000000 ) ) ;
#5384 = MECHANICAL_DESIGN_GEOMETRIC_PRESENTATION_REPRESENTATION (  '', ( #4399 ), #607 ) ;
#5385 = CARTESIAN_POINT ( 'NONE',  ( 0.0000000000000000000, 0.0000000000000000000, 0.0000000000000000000 ) ) ;
#5386 = ORIENTED_EDGE ( 'NONE', *, *, #3589, .T. ) ;
#5387 = DIRECTION ( 'NONE',  ( 0.0000000000000000000, 0.0000000000000000000, -1.000000000000000000 ) ) ;
#5388 = CARTESIAN_POINT ( 'NONE',  ( 0.1141732283464566844, -0.02952755905511811330, -1.543307086614173151 ) ) ;
#5389 = EDGE_LOOP ( 'NONE', ( #3046, #2982, #5240, #1359, #1507, #7116, #3777, #94, #1465, #4728, #5774, #3369, #8254, #4185 ) ) ;
#5390 =( LENGTH_UNIT ( ) NAMED_UNIT ( * ) SI_UNIT ( $, .METRE. ) );
#5391 = EDGE_CURVE ( 'NONE', #225, #5796, #137, .T. ) ;
#5392 = LINE ( 'NONE', #4211, #257 ) ;
#5393 = EDGE_CURVE ( 'NONE', #1482, #7265, #1967, .T. ) ;
#5394 =( GEOMETRIC_REPRESENTATION_CONTEXT ( 3 ) GLOBAL_UNCERTAINTY_ASSIGNED_CONTEXT ( ( #5976 ) ) GLOBAL_UNIT_ASSIGNED_CONTEXT ( ( #4558, #5214, #1781 ) ) REPRESENTATION_CONTEXT ( 'NONE', 'WORKASPACE' ) );
#5395 = CARTESIAN_POINT ( 'NONE',  ( 0.05118110236220473758, 0.01968503937007873988, 0.0000000000000000000 ) ) ;
#5396 = CIRCLE ( 'NONE', #7512, 0.09842519685039410882 ) ;
#5397 = FILL_AREA_STYLE ('',( #29 ) ) ;
#5398 = DIMENSIONAL_EXPONENTS ( 1.000000000000000000, 0.0000000000000000000, 0.0000000000000000000, 0.0000000000000000000, 0.0000000000000000000, 0.0000000000000000000, 0.0000000000000000000 ) ;
#5399 = VERTEX_POINT ( 'NONE', #4560 ) ;
#5400 = DIRECTION ( 'NONE',  ( 0.0000000000000000000, 0.0000000000000000000, -1.000000000000000000 ) ) ;
#5401 = FILL_AREA_STYLE_COLOUR ( '', #1581 ) ;
#5402 = PRESENTATION_STYLE_ASSIGNMENT (( #5491 ) ) ;
#5403 = DIRECTION ( 'NONE',  ( 0.0000000000000000000, 0.0000000000000000000, 1.000000000000000000 ) ) ;
#5404 = CARTESIAN_POINT ( 'NONE',  ( 0.02952755905511811330, -0.09389165368277065105, -1.464566929133858109 ) ) ;
#5405 = VECTOR ( 'NONE', #7986, 39.37007874015748143 ) ;
#5406 = CARTESIAN_POINT ( 'NONE',  ( 0.0000000000000000000, 0.0000000000000000000, -1.700787401574803237 ) ) ;
#5407 = SURFACE_STYLE_USAGE ( .BOTH. , #1480 ) ;
#5408 = CARTESIAN_POINT ( 'NONE',  ( 0.1141732283464566844, 0.02952755905511811330, -1.700787401574803237 ) ) ;
#5409 = ORIENTED_EDGE ( 'NONE', *, *, #5524, .F. ) ;
#5410 = AXIS2_PLACEMENT_3D ( 'NONE', #1903, #3895, #4593 ) ;
#5411 = CARTESIAN_POINT ( 'NONE',  ( 0.02952755905511811330, -0.1141732283464566844, -1.385826771653543510 ) ) ;
#5412 = FACE_OUTER_BOUND ( 'NONE', #1184, .T. ) ;
#5413 = VERTEX_POINT ( 'NONE', #6599 ) ;
#5414 = DIRECTION ( 'NONE',  ( 0.0000000000000000000, 0.0000000000000000000, 1.000000000000000000 ) ) ;
#5415 = SURFACE_STYLE_USAGE ( .BOTH. , #7998 ) ;
#5416 = SURFACE_STYLE_USAGE ( .BOTH. , #167 ) ;
#5417 =( GEOMETRIC_REPRESENTATION_CONTEXT ( 3 ) GLOBAL_UNCERTAINTY_ASSIGNED_CONTEXT ( ( #7160 ) ) GLOBAL_UNIT_ASSIGNED_CONTEXT ( ( #7985, #3104, #1880 ) ) REPRESENTATION_CONTEXT ( 'NONE', 'WORKASPACE' ) );
#5418 = DIRECTION ( 'NONE',  ( 0.0000000000000000000, -1.000000000000000000, 0.0000000000000000000 ) ) ;
#5419 = EDGE_CURVE ( 'NONE', #4280, #4621, #563, .T. ) ;
#5420 = ORIENTED_EDGE ( 'NONE', *, *, #419, .F. ) ;
#5421 =( LENGTH_UNIT ( ) NAMED_UNIT ( * ) SI_UNIT ( $, .METRE. ) );
#5422 =( NAMED_UNIT ( * ) PLANE_ANGLE_UNIT ( ) SI_UNIT ( $, .RADIAN. ) );
#5423 = CARTESIAN_POINT ( 'NONE',  ( 0.05118110236220473758, -0.01968503937007873988, 0.1968503937007874127 ) ) ;
#5424 = ORIENTED_EDGE ( 'NONE', *, *, #5101, .F. ) ;
#5425 = COLOUR_RGB ( '',0.2509803921568627416, 0.2509803921568627416, 0.2509803921568627416 ) ;
#5426 = DIRECTION ( 'NONE',  ( 0.0000000000000000000, 0.0000000000000000000, 1.000000000000000000 ) ) ;
#5427 = COLOUR_RGB ( '',0.7450980392156862919, 0.7450980392156862919, 0.7450980392156862919 ) ;
#5428 =( NAMED_UNIT ( * ) PLANE_ANGLE_UNIT ( ) SI_UNIT ( $, .RADIAN. ) );
#5429 = ADVANCED_FACE ( 'NONE', ( #4696 ), #4043, .T. ) ;
#5430 = EDGE_LOOP ( 'NONE', ( #102, #5131, #2239, #2811 ) ) ;
#5431 = DIRECTION ( 'NONE',  ( 0.0000000000000000000, 0.0000000000000000000, -1.000000000000000000 ) ) ;
#5432 = ORIENTED_EDGE ( 'NONE', *, *, #4726, .F. ) ;
#5433 = FACE_OUTER_BOUND ( 'NONE', #3509, .T. ) ;
#5434 = CARTESIAN_POINT ( 'NONE',  ( 0.02952755905511811330, 0.1141732283464566844, -1.700787401574803237 ) ) ;
#5435 = COLOUR_RGB ( '',0.2509803921568627416, 0.2509803921568627416, 0.2509803921568627416 ) ;
#5436 = AXIS2_PLACEMENT_3D ( 'NONE', #4690, #596, #3904 ) ;
#5437 = DIRECTION ( 'NONE',  ( 1.000000000000000000, 0.0000000000000000000, 0.0000000000000000000 ) ) ;
#5438 = CARTESIAN_POINT ( 'NONE',  ( 0.0000000000000000000, 0.0000000000000000000, -1.771653543307086576 ) ) ;
#5439 = COLOUR_RGB ( '',0.2509803921568627416, 0.2509803921568627416, 0.2509803921568627416 ) ;
#5440 = EDGE_CURVE ( 'NONE', #4661, #7756, #2704, .T. ) ;
#5441 = CIRCLE ( 'NONE', #6000, 0.003937007874015758385 ) ;
#5442 = CARTESIAN_POINT ( 'NONE',  ( -0.07304209109498199792, 0.1614076073287684099, 0.03937007874015751446 ) ) ;
#5443 = VERTEX_POINT ( 'NONE', #602 ) ;
#5444 = ADVANCED_FACE ( 'NONE', ( #7210 ), #6549, .F. ) ;
#5445 =( LENGTH_UNIT ( ) NAMED_UNIT ( * ) SI_UNIT ( $, .METRE. ) );
#5446 =( CONVERSION_BASED_UNIT ( 'INCH', #4138 ) LENGTH_UNIT ( ) NAMED_UNIT ( #3519 ) );
#5447 = DIRECTION ( 'NONE',  ( 0.0000000000000000000, 0.0000000000000000000, 1.000000000000000000 ) ) ;
#5448 = DIRECTION ( 'NONE',  ( 0.0000000000000000000, 0.0000000000000000000, 1.000000000000000000 ) ) ;
#5449 = AXIS2_PLACEMENT_3D ( 'NONE', #4732, #6139, #4691 ) ;
#5450 = MECHANICAL_DESIGN_GEOMETRIC_PRESENTATION_REPRESENTATION (  '', ( #6296 ), #7860 ) ;
#5451 = EDGE_CURVE ( 'NONE', #3657, #5604, #6201, .T. ) ;
#5452 = CARTESIAN_POINT ( 'NONE',  ( -0.09389165368277065105, -0.02952755905511811330, -1.307086614173228467 ) ) ;
#5453 = PRESENTATION_LAYER_ASSIGNMENT (  '', '', ( #3619 ) ) ;
#5454 = VERTEX_POINT ( 'NONE', #6780 ) ;
#5455 = DIMENSIONAL_EXPONENTS ( 1.000000000000000000, 0.0000000000000000000, 0.0000000000000000000, 0.0000000000000000000, 0.0000000000000000000, 0.0000000000000000000, 0.0000000000000000000 ) ;
#5456 = DIRECTION ( 'NONE',  ( 0.0000000000000000000, -1.000000000000000000, 0.0000000000000000000 ) ) ;
#5457 = LINE ( 'NONE', #1527, #4806 ) ;
#5458 = LENGTH_MEASURE_WITH_UNIT ( LENGTH_MEASURE( 0.02539999999999999897 ), #4755 );
#5459 = VERTEX_POINT ( 'NONE', #5442 ) ;
#5460 = SURFACE_STYLE_USAGE ( .BOTH. , #4149 ) ;
#5461 = FACE_OUTER_BOUND ( 'NONE', #7760, .T. ) ;
#5462 = VECTOR ( 'NONE', #7619, 39.37007874015748143 ) ;
#5463 = VERTEX_POINT ( 'NONE', #197 ) ;
#5464 = CIRCLE ( 'NONE', #7606, 0.09842519685039410882 ) ;
#5465 = CARTESIAN_POINT ( 'NONE',  ( 0.1141732283464566844, -0.02952755905511811330, -1.385826771653543510 ) ) ;
#5466 = AXIS2_PLACEMENT_3D ( 'NONE', #5831, #8068, #5437 ) ;
#5467 = ORIENTED_EDGE ( 'NONE', *, *, #8317, .F. ) ;
#5468 = AXIS2_PLACEMENT_3D ( 'NONE', #7647, #1594, #950 ) ;
#5469 = VECTOR ( 'NONE', #5680, 39.37007874015748143 ) ;
#5470 = STYLED_ITEM ( 'NONE', ( #6563 ), #7940 ) ;
#5471 = UNCERTAINTY_MEASURE_WITH_UNIT (LENGTH_MEASURE( 1.000000000000000082E-05 ), #553, 'distance_accuracy_value', 'NONE');
#5472 = DIRECTION ( 'NONE',  ( 0.0000000000000000000, 0.0000000000000000000, 1.000000000000000000 ) ) ;
#5473 = CARTESIAN_POINT ( 'NONE',  ( 0.02952755905511811330, -0.09389165368277065105, -1.503937007874015741 ) ) ;
#5474 = ORIENTED_EDGE ( 'NONE', *, *, #3230, .F. ) ;
#5475 = SURFACE_STYLE_FILL_AREA ( #4122 ) ;
#5476 = VERTEX_POINT ( 'NONE', #3500 ) ;
#5477 = PLANE ( 'NONE',  #8728 ) ;
#5478 = FILL_AREA_STYLE_COLOUR ( '', #1227 ) ;
#5479 = COLOUR_RGB ( '',0.2509803921568627416, 0.2509803921568627416, 0.2509803921568627416 ) ;
#5480 = SURFACE_STYLE_FILL_AREA ( #7391 ) ;
#5481 =( NAMED_UNIT ( * ) SI_UNIT ( $, .STERADIAN. ) SOLID_ANGLE_UNIT ( ) );
#5482 = EDGE_CURVE ( 'NONE', #1240, #8639, #4215, .T. ) ;
#5483 = CARTESIAN_POINT ( 'NONE',  ( 0.0000000000000000000, 0.0000000000000000000, -1.661417322834645827 ) ) ;
#5484 = APPLICATION_CONTEXT ( 'automotive_design' ) ;
#5485 = CIRCLE ( 'NONE', #8764, 0.1771653543307086798 ) ;
#5486 = CARTESIAN_POINT ( 'NONE',  ( 0.1141732283464566844, 0.02952755905511811330, -1.385826771653543510 ) ) ;
#5487 = AXIS2_PLACEMENT_3D ( 'NONE', #1113, #5021, #3077 ) ;
#5488 = CARTESIAN_POINT ( 'NONE',  ( 0.02952755905511811330, -0.09389165368277065105, -1.307086614173228467 ) ) ;
#5489 = ORIENTED_EDGE ( 'NONE', *, *, #8272, .T. ) ;
#5490 = AXIS2_PLACEMENT_3D ( 'NONE', #6819, #2218, #773 ) ;
#5491 = SURFACE_STYLE_USAGE ( .BOTH. , #6063 ) ;
#5492 = ADVANCED_FACE ( 'NONE', ( #150 ), #1514, .T. ) ;
#5493 = PRESENTATION_LAYER_ASSIGNMENT (  '', '', ( #4501 ) ) ;
#5494 = ORIENTED_EDGE ( 'NONE', *, *, #3050, .T. ) ;
#5495 =( LENGTH_UNIT ( ) NAMED_UNIT ( * ) SI_UNIT ( $, .METRE. ) );
#5496 = ORIENTED_EDGE ( 'NONE', *, *, #3122, .F. ) ;
#5497 = ORIENTED_EDGE ( 'NONE', *, *, #7637, .F. ) ;
#5498 =( CONVERSION_BASED_UNIT ( 'INCH', #3300 ) LENGTH_UNIT ( ) NAMED_UNIT ( #615 ) );
#5499 =( NAMED_UNIT ( * ) PLANE_ANGLE_UNIT ( ) SI_UNIT ( $, .RADIAN. ) );
#5500 = MECHANICAL_DESIGN_GEOMETRIC_PRESENTATION_REPRESENTATION (  '', ( #3095 ), #1989 ) ;
#5501 = EDGE_CURVE ( 'NONE', #4967, #4353, #3576, .T. ) ;
#5502 = CARTESIAN_POINT ( 'NONE',  ( -0.09389165368277065105, -0.02952755905511811330, -1.543307086614173151 ) ) ;
#5503 = EDGE_CURVE ( 'NONE', #4651, #3065, #114, .T. ) ;
#5504 = VECTOR ( 'NONE', #2907, 39.37007874015748143 ) ;
#5505 = ORIENTED_EDGE ( 'NONE', *, *, #4791, .F. ) ;
#5506 = DIRECTION ( 'NONE',  ( -1.000000000000000000, 0.0000000000000000000, 0.0000000000000000000 ) ) ;
#5507 =( NAMED_UNIT ( * ) SI_UNIT ( $, .STERADIAN. ) SOLID_ANGLE_UNIT ( ) );
#5508 = ORIENTED_EDGE ( 'NONE', *, *, #7927, .T. ) ;
#5509 = DIMENSIONAL_EXPONENTS ( 1.000000000000000000, 0.0000000000000000000, 0.0000000000000000000, 0.0000000000000000000, 0.0000000000000000000, 0.0000000000000000000, 0.0000000000000000000 ) ;
#5510 = FACE_OUTER_BOUND ( 'NONE', #7726, .T. ) ;
#5511 =( LENGTH_UNIT ( ) NAMED_UNIT ( * ) SI_UNIT ( $, .METRE. ) );
#5512 = ORIENTED_EDGE ( 'NONE', *, *, #4408, .F. ) ;
#5513 = COLOUR_RGB ( '',0.2509803921568627416, 0.2509803921568627416, 0.2509803921568627416 ) ;
#5514 = DIRECTION ( 'NONE',  ( 0.0000000000000000000, 0.0000000000000000000, 1.000000000000000000 ) ) ;
#5515 = ORIENTED_EDGE ( 'NONE', *, *, #4527, .F. ) ;
#5516 = DIRECTION ( 'NONE',  ( 0.0000000000000000000, 0.0000000000000000000, -1.000000000000000000 ) ) ;
#5517 = LENGTH_MEASURE_WITH_UNIT ( LENGTH_MEASURE( 0.02539999999999999897 ), #5390 );
#5518 = DIRECTION ( 'NONE',  ( 0.0000000000000000000, 0.0000000000000000000, -1.000000000000000000 ) ) ;
#5519 = LENGTH_MEASURE_WITH_UNIT ( LENGTH_MEASURE( 0.02539999999999999897 ), #2010 );
#5520 = COLOUR_RGB ( '',0.2509803921568627416, 0.2509803921568627416, 0.2509803921568627416 ) ;
#5521 =( LENGTH_UNIT ( ) NAMED_UNIT ( * ) SI_UNIT ( $, .METRE. ) );
#5522 = ORIENTED_EDGE ( 'NONE', *, *, #2790, .F. ) ;
#5523 =( LENGTH_UNIT ( ) NAMED_UNIT ( * ) SI_UNIT ( $, .METRE. ) );
#5524 = EDGE_CURVE ( 'NONE', #1948, #6413, #7521, .T. ) ;
#5525 =( GEOMETRIC_REPRESENTATION_CONTEXT ( 3 ) GLOBAL_UNCERTAINTY_ASSIGNED_CONTEXT ( ( #1660 ) ) GLOBAL_UNIT_ASSIGNED_CONTEXT ( ( #1087, #1167, #3814 ) ) REPRESENTATION_CONTEXT ( 'NONE', 'WORKASPACE' ) );
#5526 = CIRCLE ( 'NONE', #5790, 0.09842519685039410882 ) ;
#5527 = PLANE ( 'NONE',  #7019 ) ;
#5528 = CYLINDRICAL_SURFACE ( 'NONE', #1318, 0.1614173228346456601 ) ;
#5529 = ORIENTED_EDGE ( 'NONE', *, *, #6849, .F. ) ;
#5530 =( NAMED_UNIT ( * ) SI_UNIT ( $, .STERADIAN. ) SOLID_ANGLE_UNIT ( ) );
#5531 = ADVANCED_FACE ( 'NONE', ( #2346 ), #6324, .F. ) ;
#5532 =( NAMED_UNIT ( * ) PLANE_ANGLE_UNIT ( ) SI_UNIT ( $, .RADIAN. ) );
#5533 = ORIENTED_EDGE ( 'NONE', *, *, #7527, .T. ) ;
#5534 = ORIENTED_EDGE ( 'NONE', *, *, #8659, .F. ) ;
#5535 = SURFACE_STYLE_USAGE ( .BOTH. , #7627 ) ;
#5536 = VECTOR ( 'NONE', #3914, 39.37007874015748143 ) ;
#5537 = CARTESIAN_POINT ( 'NONE',  ( 0.09389165368277065105, 0.02952755905511811330, -1.425196850393700698 ) ) ;
#5538 = CARTESIAN_POINT ( 'NONE',  ( -0.03149606299212597688, -0.09055118110236221041, 0.0000000000000000000 ) ) ;
#5539 = ADVANCED_FACE ( 'NONE', ( #2913, #4983 ), #1123, .F. ) ;
#5540 = VERTEX_POINT ( 'NONE', #2257 ) ;
#5541 = DIMENSIONAL_EXPONENTS ( 1.000000000000000000, 0.0000000000000000000, 0.0000000000000000000, 0.0000000000000000000, 0.0000000000000000000, 0.0000000000000000000, 0.0000000000000000000 ) ;
#5542 = ADVANCED_FACE ( 'NONE', ( #4942 ), #7648, .F. ) ;
#5543 = DIRECTION ( 'NONE',  ( -1.000000000000000000, 0.0000000000000000000, 0.0000000000000000000 ) ) ;
#5544 = DIRECTION ( 'NONE',  ( 0.0000000000000000000, 0.0000000000000000000, 1.000000000000000000 ) ) ;
#5545 = CARTESIAN_POINT ( 'NONE',  ( -0.04429133858267754464, 0.07671484876043234424, 0.2007874015748031260 ) ) ;
#5546 = ORIENTED_EDGE ( 'NONE', *, *, #3987, .T. ) ;
#5547 = CARTESIAN_POINT ( 'NONE',  ( 0.1141732283464566844, 0.02952755905511811330, -1.307086614173228467 ) ) ;
#5548 = MECHANICAL_DESIGN_GEOMETRIC_PRESENTATION_REPRESENTATION (  '', ( #6973 ), #2313 ) ;
#5549 = UNCERTAINTY_MEASURE_WITH_UNIT (LENGTH_MEASURE( 1.000000000000000082E-05 ), #3530, 'distance_accuracy_value', 'NONE');
#5550 = FACE_OUTER_BOUND ( 'NONE', #1367, .T. ) ;
#5551 = FACE_OUTER_BOUND ( 'NONE', #5389, .T. ) ;
#5552 = ORIENTED_EDGE ( 'NONE', *, *, #4583, .F. ) ;
#5553 = SURFACE_STYLE_USAGE ( .BOTH. , #233 ) ;
#5554 = EDGE_LOOP ( 'NONE', ( #4663, #5968, #1335, #1008 ) ) ;
#5555 = CARTESIAN_POINT ( 'NONE',  ( 0.02952755905511811330, -0.09389165368277065105, -1.543307086614173151 ) ) ;
#5556 = FACE_OUTER_BOUND ( 'NONE', #7587, .T. ) ;
#5557 = DIRECTION ( 'NONE',  ( 0.0000000000000000000, 0.0000000000000000000, -1.000000000000000000 ) ) ;
#5558 = MECHANICAL_DESIGN_GEOMETRIC_PRESENTATION_REPRESENTATION (  '', ( #4440 ), #7836 ) ;
#5559 = CARTESIAN_POINT ( 'NONE',  ( -0.02952755905511811330, -0.09389165368277065105, -1.543307086614173151 ) ) ;
#5560 = DIMENSIONAL_EXPONENTS ( 1.000000000000000000, 0.0000000000000000000, 0.0000000000000000000, 0.0000000000000000000, 0.0000000000000000000, 0.0000000000000000000, 0.0000000000000000000 ) ;
#5561 = UNCERTAINTY_MEASURE_WITH_UNIT (LENGTH_MEASURE( 1.000000000000000082E-05 ), #5601, 'distance_accuracy_value', 'NONE');
#5562 =( NAMED_UNIT ( * ) PLANE_ANGLE_UNIT ( ) SI_UNIT ( $, .RADIAN. ) );
#5563 = SURFACE_SIDE_STYLE ('',( #2173 ) ) ;
#5564 = ORIENTED_EDGE ( 'NONE', *, *, #1330, .F. ) ;
#5565 = VECTOR ( 'NONE', #5593, 39.37007874015748143 ) ;
#5566 = AXIS2_PLACEMENT_3D ( 'NONE', #6011, #4600, #6054 ) ;
#5567 = AXIS2_PLACEMENT_3D ( 'NONE', #6366, #1736, #4513 ) ;
#5568 = SURFACE_STYLE_FILL_AREA ( #4860 ) ;
#5569 = DIRECTION ( 'NONE',  ( -1.000000000000000000, 0.0000000000000000000, 0.0000000000000000000 ) ) ;
#5570 =( NAMED_UNIT ( * ) SI_UNIT ( $, .STERADIAN. ) SOLID_ANGLE_UNIT ( ) );
#5571 = VECTOR ( 'NONE', #3421, 39.37007874015748143 ) ;
#5572 = EDGE_CURVE ( 'NONE', #1203, #5796, #2520, .T. ) ;
#5573 = VECTOR ( 'NONE', #5197, 39.37007874015748143 ) ;
#5574 = CIRCLE ( 'NONE', #1778, 0.09842519685039410882 ) ;
#5575 = EDGE_LOOP ( 'NONE', ( #3379, #7431 ) ) ;
#5576 = CARTESIAN_POINT ( 'NONE',  ( 0.0000000000000000000, 0.0000000000000000000, 0.4298724771940015676 ) ) ;
#5577 = VERTEX_POINT ( 'NONE', #5871 ) ;
#5578 =( GEOMETRIC_REPRESENTATION_CONTEXT ( 3 ) GLOBAL_UNCERTAINTY_ASSIGNED_CONTEXT ( ( #4240 ) ) GLOBAL_UNIT_ASSIGNED_CONTEXT ( ( #6729, #3454, #2168 ) ) REPRESENTATION_CONTEXT ( 'NONE', 'WORKASPACE' ) );
#5579 = CARTESIAN_POINT ( 'NONE',  ( -0.07141893351509352728, 0.1578207716103513236, 0.2007874015748031260 ) ) ;
#5580 = VERTEX_POINT ( 'NONE', #1254 ) ;
#5581 =( GEOMETRIC_REPRESENTATION_CONTEXT ( 3 ) GLOBAL_UNCERTAINTY_ASSIGNED_CONTEXT ( ( #8435 ) ) GLOBAL_UNIT_ASSIGNED_CONTEXT ( ( #4665, #6035, #1188 ) ) REPRESENTATION_CONTEXT ( 'NONE', 'WORKASPACE' ) );
#5582 = LINE ( 'NONE', #4437, #6010 ) ;
#5583 = SURFACE_STYLE_FILL_AREA ( #1571 ) ;
#5584 = STYLED_ITEM ( 'NONE', ( #2369 ), #3541 ) ;
#5585 =( NAMED_UNIT ( * ) SI_UNIT ( $, .STERADIAN. ) SOLID_ANGLE_UNIT ( ) );
#5586 = SURFACE_STYLE_FILL_AREA ( #2891 ) ;
#5587 = EDGE_CURVE ( 'NONE', #7516, #5144, #1291, .T. ) ;
#5588 =( GEOMETRIC_REPRESENTATION_CONTEXT ( 3 ) GLOBAL_UNCERTAINTY_ASSIGNED_CONTEXT ( ( #1674 ) ) GLOBAL_UNIT_ASSIGNED_CONTEXT ( ( #2027, #3129, #8515 ) ) REPRESENTATION_CONTEXT ( 'NONE', 'WORKASPACE' ) );
#5589 = VECTOR ( 'NONE', #5830, 39.37007874015748143 ) ;
#5590 = SURFACE_SIDE_STYLE ('',( #2979 ) ) ;
#5591 = ORIENTED_EDGE ( 'NONE', *, *, #582, .F. ) ;
#5592 = SURFACE_STYLE_USAGE ( .BOTH. , #2773 ) ;
#5593 = DIRECTION ( 'NONE',  ( 0.0000000000000000000, 1.000000000000000000, 0.0000000000000000000 ) ) ;
#5594 = EDGE_LOOP ( 'NONE', ( #198, #2247, #8211, #3111 ) ) ;
#5595 = DIRECTION ( 'NONE',  ( -0.0000000000000000000, -0.0000000000000000000, -1.000000000000000000 ) ) ;
#5596 = STYLED_ITEM ( 'NONE', ( #3093 ), #7398 ) ;
#5597 = EDGE_CURVE ( 'NONE', #551, #4589, #3988, .T. ) ;
#5598 = SURFACE_STYLE_USAGE ( .BOTH. , #7020 ) ;
#5599 = FILL_AREA_STYLE ('',( #7735 ) ) ;
#5600 = EDGE_LOOP ( 'NONE', ( #515, #5909, #6159, #2179 ) ) ;
#5601 =( CONVERSION_BASED_UNIT ( 'INCH', #7602 ) LENGTH_UNIT ( ) NAMED_UNIT ( #5897 ) );
#5602 = DIRECTION ( 'NONE',  ( -1.000000000000000000, 0.0000000000000000000, 0.0000000000000000000 ) ) ;
#5603 =( NAMED_UNIT ( * ) PLANE_ANGLE_UNIT ( ) SI_UNIT ( $, .RADIAN. ) );
#5604 = VERTEX_POINT ( 'NONE', #6678 ) ;
#5605 = SURFACE_STYLE_FILL_AREA ( #8342 ) ;
#5606 = VECTOR ( 'NONE', #6779, 39.37007874015748143 ) ;
#5607 = FACE_BOUND ( 'NONE', #989, .T. ) ;
#5608 = AXIS2_PLACEMENT_3D ( 'NONE', #3131, #6626, #5292 ) ;
#5609 = ADVANCED_FACE ( 'NONE', ( #634 ), #7294, .F. ) ;
#5610 = CARTESIAN_POINT ( 'NONE',  ( 0.05118110236220473758, 0.01968503937007873988, 0.1968503937007874127 ) ) ;
#5611 = ADVANCED_FACE ( 'NONE', ( #3136 ), #5826, .T. ) ;
#5612 = DIRECTION ( 'NONE',  ( 0.0000000000000000000, 0.0000000000000000000, 1.000000000000000000 ) ) ;
#5613 =( GEOMETRIC_REPRESENTATION_CONTEXT ( 3 ) GLOBAL_UNCERTAINTY_ASSIGNED_CONTEXT ( ( #6974 ) ) GLOBAL_UNIT_ASSIGNED_CONTEXT ( ( #3564, #7913, #5284 ) ) REPRESENTATION_CONTEXT ( 'NONE', 'WORKASPACE' ) );
#5614 = FILL_AREA_STYLE_COLOUR ( '', #3949 ) ;
#5615 = VERTEX_POINT ( 'NONE', #2770 ) ;
#5616 = VECTOR ( 'NONE', #8708, 39.37007874015748143 ) ;
#5617 = LINE ( 'NONE', #4788, #6274 ) ;
#5618 = DIRECTION ( 'NONE',  ( 0.0000000000000000000, 0.0000000000000000000, -1.000000000000000000 ) ) ;
#5619 = COLOUR_RGB ( '',0.2509803921568627416, 0.2509803921568627416, 0.2509803921568627416 ) ;
#5620 = VECTOR ( 'NONE', #1854, 39.37007874015748143 ) ;
#5621 = ORIENTED_EDGE ( 'NONE', *, *, #8115, .F. ) ;
#5622 =( CONVERSION_BASED_UNIT ( 'INCH', #3639 ) LENGTH_UNIT ( ) NAMED_UNIT ( #6464 ) );
#5623 = MECHANICAL_DESIGN_GEOMETRIC_PRESENTATION_REPRESENTATION (  '', ( #7905 ), #3382 ) ;
#5624 = FILL_AREA_STYLE_COLOUR ( '', #2105 ) ;
#5625 = PRESENTATION_STYLE_ASSIGNMENT (( #7659 ) ) ;
#5626 = EDGE_LOOP ( 'NONE', ( #6698, #5424, #1192, #5905 ) ) ;
#5627 = DIMENSIONAL_EXPONENTS ( 1.000000000000000000, 0.0000000000000000000, 0.0000000000000000000, 0.0000000000000000000, 0.0000000000000000000, 0.0000000000000000000, 0.0000000000000000000 ) ;
#5628 = DIRECTION ( 'NONE',  ( 0.0000000000000000000, 0.0000000000000000000, -1.000000000000000000 ) ) ;
#5629 = ORIENTED_EDGE ( 'NONE', *, *, #690, .F. ) ;
#5630 = PRESENTATION_STYLE_ASSIGNMENT (( #8496 ) ) ;
#5631 = DIRECTION ( 'NONE',  ( 0.0000000000000000000, 1.000000000000000000, 0.0000000000000000000 ) ) ;
#5632 = SURFACE_SIDE_STYLE ('',( #924 ) ) ;
#5633 = PRESENTATION_STYLE_ASSIGNMENT (( #7181 ) ) ;
#5634 = ORIENTED_EDGE ( 'NONE', *, *, #4158, .T. ) ;
#5635 = CARTESIAN_POINT ( 'NONE',  ( 0.02952755905511811330, 0.1141732283464566844, -1.543307086614173151 ) ) ;
#5636 = CARTESIAN_POINT ( 'NONE',  ( -0.1141732283464566844, 0.02952755905511811330, -1.307086614173228467 ) ) ;
#5637 = MECHANICAL_DESIGN_GEOMETRIC_PRESENTATION_REPRESENTATION (  '', ( #723 ), #26 ) ;
#5638 = SURFACE_SIDE_STYLE ('',( #3029 ) ) ;
#5639 = VERTEX_POINT ( 'NONE', #173 ) ;
#5640 = EDGE_CURVE ( 'NONE', #2565, #4880, #2683, .T. ) ;
#5641 = CIRCLE ( 'NONE', #6922, 0.007874015748031482076 ) ;
#5642 = UNCERTAINTY_MEASURE_WITH_UNIT (LENGTH_MEASURE( 1.000000000000000082E-05 ), #6197, 'distance_accuracy_value', 'NONE');
#5643 = FACE_OUTER_BOUND ( 'NONE', #370, .T. ) ;
#5644 = ORIENTED_EDGE ( 'NONE', *, *, #3945, .T. ) ;
#5645 = LINE ( 'NONE', #5023, #862 ) ;
#5646 = ORIENTED_EDGE ( 'NONE', *, *, #2065, .T. ) ;
#5647 = EDGE_CURVE ( 'NONE', #525, #5235, #3352, .T. ) ;
#5648 = DIRECTION ( 'NONE',  ( 1.000000000000000000, 0.0000000000000000000, 0.0000000000000000000 ) ) ;
#5649 = DIRECTION ( 'NONE',  ( -1.000000000000000000, 0.0000000000000000000, 0.0000000000000000000 ) ) ;
#5650 = CARTESIAN_POINT ( 'NONE',  ( -0.1032620427632871818, -0.1439601100981747483, 0.03937007874015751446 ) ) ;
#5651 = DIRECTION ( 'NONE',  ( 0.0000000000000000000, 0.0000000000000000000, 1.000000000000000000 ) ) ;
#5652 = UNCERTAINTY_MEASURE_WITH_UNIT (LENGTH_MEASURE( 1.000000000000000082E-05 ), #2437, 'distance_accuracy_value', 'NONE');
#5653 = VECTOR ( 'NONE', #2679, 39.37007874015748143 ) ;
#5654 = DIRECTION ( 'NONE',  ( 1.000000000000000000, 0.0000000000000000000, 0.0000000000000000000 ) ) ;
#5655 = SURFACE_STYLE_USAGE ( .BOTH. , #3625 ) ;
#5656 = VERTEX_POINT ( 'NONE', #4195 ) ;
#5657 = LENGTH_MEASURE_WITH_UNIT ( LENGTH_MEASURE( 0.02539999999999999897 ), #6326 );
#5658 = EDGE_CURVE ( 'NONE', #1522, #2947, #2816, .T. ) ;
#5659 = DIRECTION ( 'NONE',  ( 0.0000000000000000000, -1.000000000000000000, 0.0000000000000000000 ) ) ;
#5660 = EDGE_CURVE ( 'NONE', #4153, #2727, #7540, .T. ) ;
#5661 = DIRECTION ( 'NONE',  ( 0.0000000000000000000, 0.0000000000000000000, 1.000000000000000000 ) ) ;
#5662 = AXIS2_PLACEMENT_3D ( 'NONE', #7448, #4220, #3385 ) ;
#5663 = AXIS2_PLACEMENT_3D ( 'NONE', #4266, #1744, #8452 ) ;
#5664 = CARTESIAN_POINT ( 'NONE',  ( 0.02952755905511811330, -0.09389165368277023471, -1.307086614173228467 ) ) ;
#5665 = DIMENSIONAL_EXPONENTS ( 1.000000000000000000, 0.0000000000000000000, 0.0000000000000000000, 0.0000000000000000000, 0.0000000000000000000, 0.0000000000000000000, 0.0000000000000000000 ) ;
#5666 = CARTESIAN_POINT ( 'NONE',  ( 0.0000000000000000000, 0.0000000000000000000, -1.700787401574803237 ) ) ;
#5667 = ORIENTED_EDGE ( 'NONE', *, *, #8391, .T. ) ;
#5668 = COLOUR_RGB ( '',0.7450980392156862919, 0.7450980392156862919, 0.7450980392156862919 ) ;
#5669 = PRESENTATION_LAYER_ASSIGNMENT (  '', '', ( #8389 ) ) ;
#5670 = ORIENTED_EDGE ( 'NONE', *, *, #2506, .T. ) ;
#5671 = DIRECTION ( 'NONE',  ( 0.0000000000000000000, 0.0000000000000000000, -1.000000000000000000 ) ) ;
#5672 = VERTEX_POINT ( 'NONE', #8049 ) ;
#5673 = DIRECTION ( 'NONE',  ( 0.0000000000000000000, 0.0000000000000000000, 1.000000000000000000 ) ) ;
#5674 = SURFACE_SIDE_STYLE ('',( #5758 ) ) ;
#5675 = CARTESIAN_POINT ( 'NONE',  ( 0.05118110236220473758, -0.01968503937007873988, 0.0000000000000000000 ) ) ;
#5676 = VECTOR ( 'NONE', #6921, 39.37007874015748143 ) ;
#5677 = VERTEX_POINT ( 'NONE', #2032 ) ;
#5678 = MECHANICAL_DESIGN_GEOMETRIC_PRESENTATION_REPRESENTATION (  '', ( #8399 ), #4007 ) ;
#5679 = FILL_AREA_STYLE_COLOUR ( '', #7719 ) ;
#5680 = DIRECTION ( 'NONE',  ( 0.0000000000000000000, 0.0000000000000000000, 1.000000000000000000 ) ) ;
#5681 = VERTEX_POINT ( 'NONE', #6709 ) ;
#5682 = CARTESIAN_POINT ( 'NONE',  ( 0.0000000000000000000, 0.0000000000000000000, 0.03937007874015751446 ) ) ;
#5683 = DIRECTION ( 'NONE',  ( 0.0000000000000000000, 0.0000000000000000000, 1.000000000000000000 ) ) ;
#5684 = DIMENSIONAL_EXPONENTS ( 1.000000000000000000, 0.0000000000000000000, 0.0000000000000000000, 0.0000000000000000000, 0.0000000000000000000, 0.0000000000000000000, 0.0000000000000000000 ) ;
#5685 = CIRCLE ( 'NONE', #7532, 0.1482529527559054983 ) ;
#5686 = FILL_AREA_STYLE_COLOUR ( '', #2232 ) ;
#5687 = PRESENTATION_STYLE_ASSIGNMENT (( #7680 ) ) ;
#5688 = VERTEX_POINT ( 'NONE', #7419 ) ;
#5689 = DIRECTION ( 'NONE',  ( 0.0000000000000000000, 0.0000000000000000000, 1.000000000000000000 ) ) ;
#5690 = ORIENTED_EDGE ( 'NONE', *, *, #6043, .F. ) ;
#5691 = PRESENTATION_LAYER_ASSIGNMENT (  '', '', ( #2172 ) ) ;
#5692 = CARTESIAN_POINT ( 'NONE',  ( 0.05511811023622047168, -0.07874015748031495954, 0.0000000000000000000 ) ) ;
#5693 = DIRECTION ( 'NONE',  ( -0.0000000000000000000, -0.0000000000000000000, -1.000000000000000000 ) ) ;
#5694 =( CONVERSION_BASED_UNIT ( 'INCH', #2957 ) LENGTH_UNIT ( ) NAMED_UNIT ( #7707 ) );
#5695 = CARTESIAN_POINT ( 'NONE',  ( 0.1141732283464566844, 0.02952755905511811330, -1.543307086614173151 ) ) ;
#5696 = EDGE_CURVE ( 'NONE', #7188, #1315, #5202, .T. ) ;
#5697 = CIRCLE ( 'NONE', #1899, 0.09842519685039410882 ) ;
#5698 = DIRECTION ( 'NONE',  ( 1.000000000000000000, 0.0000000000000000000, 0.0000000000000000000 ) ) ;
#5699 = EDGE_LOOP ( 'NONE', ( #5918, #7781, #3119, #252 ) ) ;
#5700 =( CONVERSION_BASED_UNIT ( 'INCH', #7035 ) LENGTH_UNIT ( ) NAMED_UNIT ( #2841 ) );
#5701 = SURFACE_SIDE_STYLE ('',( #2392 ) ) ;
#5702 = CARTESIAN_POINT ( 'NONE',  ( -0.02952755905511811330, -0.1141732283464566844, -1.582677165354331006 ) ) ;
#5703 = VECTOR ( 'NONE', #177, 39.37007874015748143 ) ;
#5704 = SURFACE_STYLE_FILL_AREA ( #420 ) ;
#5705 = EDGE_CURVE ( 'NONE', #4467, #115, #2151, .T. ) ;
#5706 = EDGE_CURVE ( 'NONE', #4765, #4534, #4922, .T. ) ;
#5707 = ORIENTED_EDGE ( 'NONE', *, *, #3406, .T. ) ;
#5708 = DIRECTION ( 'NONE',  ( 0.0000000000000000000, 0.0000000000000000000, -1.000000000000000000 ) ) ;
#5709 = CARTESIAN_POINT ( 'NONE',  ( -0.09389165368277065105, -0.02952755905511811330, -1.307086614173228467 ) ) ;
#5710 = EDGE_LOOP ( 'NONE', ( #8461, #3621, #2372, #8363 ) ) ;
#5711 = DIRECTION ( 'NONE',  ( 0.0000000000000000000, 0.0000000000000000000, 1.000000000000000000 ) ) ;
#5712 = ORIENTED_EDGE ( 'NONE', *, *, #5111, .T. ) ;
#5713 = DIRECTION ( 'NONE',  ( 0.0000000000000000000, 0.0000000000000000000, 1.000000000000000000 ) ) ;
#5714 =( NAMED_UNIT ( * ) SI_UNIT ( $, .STERADIAN. ) SOLID_ANGLE_UNIT ( ) );
#5715 = CARTESIAN_POINT ( 'NONE',  ( -0.09389165368277065105, 0.02952755905511811330, -1.464566929133858109 ) ) ;
#5716 = CIRCLE ( 'NONE', #6145, 0.01377952755905510404 ) ;
#5717 = STYLED_ITEM ( 'NONE', ( #3403 ), #4065 ) ;
#5718 =( CONVERSION_BASED_UNIT ( 'INCH', #3022 ) LENGTH_UNIT ( ) NAMED_UNIT ( #7644 ) );
#5719 = ADVANCED_FACE ( 'NONE', ( #2077 ), #7462, .F. ) ;
#5720 = UNCERTAINTY_MEASURE_WITH_UNIT (LENGTH_MEASURE( 1.000000000000000082E-05 ), #5911, 'distance_accuracy_value', 'NONE');
#5721 = VECTOR ( 'NONE', #7687, 39.37007874015748143 ) ;
#5722 = PRESENTATION_LAYER_ASSIGNMENT (  '', '', ( #664 ) ) ;
#5723 = ORIENTED_EDGE ( 'NONE', *, *, #5660, .F. ) ;
#5724 = DIMENSIONAL_EXPONENTS ( 1.000000000000000000, 0.0000000000000000000, 0.0000000000000000000, 0.0000000000000000000, 0.0000000000000000000, 0.0000000000000000000, 0.0000000000000000000 ) ;
#5725 = PLANE ( 'NONE',  #3047 ) ;
#5726 =( NAMED_UNIT ( * ) SI_UNIT ( $, .STERADIAN. ) SOLID_ANGLE_UNIT ( ) );
#5727 = EDGE_LOOP ( 'NONE', ( #3687, #7967, #483, #3419 ) ) ;
#5728 =( NAMED_UNIT ( * ) PLANE_ANGLE_UNIT ( ) SI_UNIT ( $, .RADIAN. ) );
#5729 = UNCERTAINTY_MEASURE_WITH_UNIT (LENGTH_MEASURE( 1.000000000000000082E-05 ), #7029, 'distance_accuracy_value', 'NONE');
#5730 = FILL_AREA_STYLE_COLOUR ( '', #7315 ) ;
#5731 = ORIENTED_EDGE ( 'NONE', *, *, #6391, .T. ) ;
#5732 = CARTESIAN_POINT ( 'NONE',  ( 0.02952755905511811330, 0.1141732283464566844, -1.622047244094488194 ) ) ;
#5733 = PRESENTATION_LAYER_ASSIGNMENT (  '', '', ( #4473 ) ) ;
#5734 = DIRECTION ( 'NONE',  ( 0.0000000000000000000, 0.0000000000000000000, -1.000000000000000000 ) ) ;
#5735 = VERTEX_POINT ( 'NONE', #5009 ) ;
#5736 = DIRECTION ( 'NONE',  ( 0.0000000000000000000, 0.0000000000000000000, -1.000000000000000000 ) ) ;
#5737 =( GEOMETRIC_REPRESENTATION_CONTEXT ( 3 ) GLOBAL_UNCERTAINTY_ASSIGNED_CONTEXT ( ( #3702 ) ) GLOBAL_UNIT_ASSIGNED_CONTEXT ( ( #4819, #6155, #2838 ) ) REPRESENTATION_CONTEXT ( 'NONE', 'WORKASPACE' ) );
#5738 = UNCERTAINTY_MEASURE_WITH_UNIT (LENGTH_MEASURE( 1.000000000000000082E-05 ), #5145, 'distance_accuracy_value', 'NONE');
#5739 = LINE ( 'NONE', #322, #3063 ) ;
#5740 = ORIENTED_EDGE ( 'NONE', *, *, #6533, .T. ) ;
#5741 = PLANE ( 'NONE',  #6989 ) ;
#5742 = SURFACE_SIDE_STYLE ('',( #3580 ) ) ;
#5743 = STYLED_ITEM ( 'NONE', ( #6398 ), #7615 ) ;
#5744 = EDGE_CURVE ( 'NONE', #7556, #259, #926, .T. ) ;
#5745 =( NAMED_UNIT ( * ) SI_UNIT ( $, .STERADIAN. ) SOLID_ANGLE_UNIT ( ) );
#5746 = FACE_OUTER_BOUND ( 'NONE', #6334, .T. ) ;
#5747 = CARTESIAN_POINT ( 'NONE',  ( -0.01968503937007873295, -0.01968503937007873988, 0.0000000000000000000 ) ) ;
#5748 = VECTOR ( 'NONE', #8660, 39.37007874015748143 ) ;
#5749 = VECTOR ( 'NONE', #4573, 39.37007874015748143 ) ;
#5750 = DIRECTION ( 'NONE',  ( 0.0000000000000000000, 0.0000000000000000000, -1.000000000000000000 ) ) ;
#5751 = ORIENTED_EDGE ( 'NONE', *, *, #5161, .T. ) ;
#5752 = DIRECTION ( 'NONE',  ( 0.7071067811865484609, 0.0000000000000000000, 0.7071067811865464625 ) ) ;
#5753 = SURFACE_SIDE_STYLE ('',( #474 ) ) ;
#5754 = CIRCLE ( 'NONE', #6184, 0.1377952755905511584 ) ;
#5755 = CARTESIAN_POINT ( 'NONE',  ( 0.1377952755905511584, 0.0000000000000000000, -1.771653543307086576 ) ) ;
#5756 = VERTEX_POINT ( 'NONE', #3025 ) ;
#5757 = ADVANCED_FACE ( 'NONE', ( #1663 ), #2276, .T. ) ;
#5758 = SURFACE_STYLE_FILL_AREA ( #299 ) ;
#5759 = STYLED_ITEM ( 'NONE', ( #2530 ), #5429 ) ;
#5760 = SURFACE_SIDE_STYLE ('',( #4620 ) ) ;
#5761 = EDGE_LOOP ( 'NONE', ( #1690, #4848, #1671, #1935 ) ) ;
#5762 = CARTESIAN_POINT ( 'NONE',  ( -0.09842519685039370636, 0.0000000000000000000, -1.771653543307086576 ) ) ;
#5763 = ORIENTED_EDGE ( 'NONE', *, *, #6533, .F. ) ;
#5764 = EDGE_CURVE ( 'NONE', #6578, #5681, #8067, .T. ) ;
#5765 = ADVANCED_FACE ( 'NONE', ( #219 ), #2936, .F. ) ;
#5766 = DIRECTION ( 'NONE',  ( 0.0000000000000000000, 0.0000000000000000000, -1.000000000000000000 ) ) ;
#5767 =( GEOMETRIC_REPRESENTATION_CONTEXT ( 3 ) GLOBAL_UNCERTAINTY_ASSIGNED_CONTEXT ( ( #5642 ) ) GLOBAL_UNIT_ASSIGNED_CONTEXT ( ( #6197, #4093, #8162 ) ) REPRESENTATION_CONTEXT ( 'NONE', 'WORKASPACE' ) );
#5768 = LINE ( 'NONE', #3797, #2805 ) ;
#5769 = VECTOR ( 'NONE', #3438, 39.37007874015748143 ) ;
#5770 = VERTEX_POINT ( 'NONE', #576 ) ;
#5771 =( CONVERSION_BASED_UNIT ( 'INCH', #448 ) LENGTH_UNIT ( ) NAMED_UNIT ( #6582 ) );
#5772 = CARTESIAN_POINT ( 'NONE',  ( -0.02952755905511811330, 0.09389165368277065105, -1.543307086614173151 ) ) ;
#5773 = FILL_AREA_STYLE_COLOUR ( '', #3023 ) ;
#5774 = ORIENTED_EDGE ( 'NONE', *, *, #4103, .T. ) ;
#5775 = DIRECTION ( 'NONE',  ( 0.0000000000000000000, 0.0000000000000000000, -1.000000000000000000 ) ) ;
#5776 = CARTESIAN_POINT ( 'NONE',  ( 0.0000000000000000000, 0.0000000000000000000, -1.661417322834645827 ) ) ;
#5777 = LINE ( 'NONE', #455, #1721 ) ;
#5778 = DIMENSIONAL_EXPONENTS ( 1.000000000000000000, 0.0000000000000000000, 0.0000000000000000000, 0.0000000000000000000, 0.0000000000000000000, 0.0000000000000000000, 0.0000000000000000000 ) ;
#5779 = DIRECTION ( 'NONE',  ( 1.000000000000000000, 0.0000000000000000000, 0.0000000000000000000 ) ) ;
#5780 = MECHANICAL_DESIGN_GEOMETRIC_PRESENTATION_REPRESENTATION (  '', ( #7057 ), #8212 ) ;
#5781 = DIRECTION ( 'NONE',  ( -1.000000000000000000, 0.0000000000000000000, 0.0000000000000000000 ) ) ;
#5782 = CARTESIAN_POINT ( 'NONE',  ( 0.09389165368277065105, 0.02952755905511811330, -1.661417322834645827 ) ) ;
#5783 = SURFACE_STYLE_FILL_AREA ( #999 ) ;
#5784 = VERTEX_POINT ( 'NONE', #7992 ) ;
#5785 = CARTESIAN_POINT ( 'NONE',  ( 0.0000000000000000000, 0.0000000000000000000, -1.771653543307086576 ) ) ;
#5786 = CIRCLE ( 'NONE', #2000, 0.09842519685039410882 ) ;
#5787 = CARTESIAN_POINT ( 'NONE',  ( -0.1141732283464566844, 0.02952755905511811330, -1.543307086614173151 ) ) ;
#5788 =( LENGTH_UNIT ( ) NAMED_UNIT ( * ) SI_UNIT ( $, .METRE. ) );
#5789 = CARTESIAN_POINT ( 'NONE',  ( -0.05955347453579573624, 0.1480276480537205397, 0.2007874015748031260 ) ) ;
#5790 = AXIS2_PLACEMENT_3D ( 'NONE', #4801, #7508, #7101 ) ;
#5791 = ADVANCED_FACE ( 'NONE', ( #1276 ), #3965, .F. ) ;
#5792 = ORIENTED_EDGE ( 'NONE', *, *, #1870, .T. ) ;
#5793 = CARTESIAN_POINT ( 'NONE',  ( 0.1141732283464566844, 0.02952755905511811330, -1.464566929133858109 ) ) ;
#5794 = PRESENTATION_LAYER_ASSIGNMENT (  '', '', ( #8521 ) ) ;
#5795 = VECTOR ( 'NONE', #385, 39.37007874015748143 ) ;
#5796 = VERTEX_POINT ( 'NONE', #78 ) ;
#5797 = SURFACE_SIDE_STYLE ('',( #3243 ) ) ;
#5798 = FILL_AREA_STYLE_COLOUR ( '', #4530 ) ;
#5799 = FACE_OUTER_BOUND ( 'NONE', #3490, .T. ) ;
#5800 = AXIS2_PLACEMENT_3D ( 'NONE', #8444, #4428, #6951 ) ;
#5801 = UNCERTAINTY_MEASURE_WITH_UNIT (LENGTH_MEASURE( 1.000000000000000082E-05 ), #3071, 'distance_accuracy_value', 'NONE');
#5802 = MECHANICAL_DESIGN_GEOMETRIC_PRESENTATION_REPRESENTATION (  '', ( #8389 ), #7369 ) ;
#5803 = ADVANCED_FACE ( 'NONE', ( #125 ), #6829, .T. ) ;
#5804 = EDGE_LOOP ( 'NONE', ( #2524, #2026, #2107, #4447 ) ) ;
#5805 = FILL_AREA_STYLE ('',( #5094 ) ) ;
#5806 = VERTEX_POINT ( 'NONE', #1481 ) ;
#5807 = PRESENTATION_LAYER_ASSIGNMENT (  '', '', ( #2714 ) ) ;
#5808 = LINE ( 'NONE', #2282, #7356 ) ;
#5809 = VECTOR ( 'NONE', #1541, 39.37007874015748143 ) ;
#5810 = ADVANCED_FACE ( 'NONE', ( #4184 ), #613, .T. ) ;
#5811 = ADVANCED_FACE ( 'NONE', ( #6210 ), #2182, .F. ) ;
#5812 = AXIS2_PLACEMENT_3D ( 'NONE', #1815, #5953, #5779 ) ;
#5813 = LINE ( 'NONE', #8683, #4091 ) ;
#5814 = VERTEX_POINT ( 'NONE', #7046 ) ;
#5815 = EDGE_LOOP ( 'NONE', ( #396, #3956, #583, #3824 ) ) ;
#5816 =( NAMED_UNIT ( * ) SI_UNIT ( $, .STERADIAN. ) SOLID_ANGLE_UNIT ( ) );
#5817 = DIRECTION ( 'NONE',  ( -1.000000000000000000, 0.0000000000000000000, 0.0000000000000000000 ) ) ;
#5818 = VERTEX_POINT ( 'NONE', #1009 ) ;
#5819 =( NAMED_UNIT ( * ) PLANE_ANGLE_UNIT ( ) SI_UNIT ( $, .RADIAN. ) );
#5820 = DIRECTION ( 'NONE',  ( 0.0000000000000000000, 0.0000000000000000000, -1.000000000000000000 ) ) ;
#5821 = DIRECTION ( 'NONE',  ( 0.0000000000000000000, 1.000000000000000000, 0.0000000000000000000 ) ) ;
#5822 = FACE_OUTER_BOUND ( 'NONE', #5600, .T. ) ;
#5823 = VECTOR ( 'NONE', #6684, 39.37007874015748143 ) ;
#5824 = FILL_AREA_STYLE ('',( #5245 ) ) ;
#5825 = UNCERTAINTY_MEASURE_WITH_UNIT (LENGTH_MEASURE( 1.000000000000000082E-05 ), #6431, 'distance_accuracy_value', 'NONE');
#5826 = CYLINDRICAL_SURFACE ( 'NONE', #2680, 0.01574803149606300232 ) ;
#5827 = ORIENTED_EDGE ( 'NONE', *, *, #6676, .T. ) ;
#5828 = AXIS2_PLACEMENT_3D ( 'NONE', #6234, #4170, #6191 ) ;
#5829 = SURFACE_STYLE_FILL_AREA ( #4384 ) ;
#5830 = DIRECTION ( 'NONE',  ( -0.0000000000000000000, -0.0000000000000000000, -1.000000000000000000 ) ) ;
#5831 = CARTESIAN_POINT ( 'NONE',  ( 0.05511811023622047168, -0.07874015748031495954, 0.1968503936985494807 ) ) ;
#5832 = DIRECTION ( 'NONE',  ( 0.0000000000000000000, 0.0000000000000000000, 1.000000000000000000 ) ) ;
#5833 = DIMENSIONAL_EXPONENTS ( 1.000000000000000000, 0.0000000000000000000, 0.0000000000000000000, 0.0000000000000000000, 0.0000000000000000000, 0.0000000000000000000, 0.0000000000000000000 ) ;
#5834 = DIRECTION ( 'NONE',  ( -1.000000000000000000, 0.0000000000000000000, 0.0000000000000000000 ) ) ;
#5835 = ORIENTED_EDGE ( 'NONE', *, *, #4113, .F. ) ;
#5836 = DIRECTION ( 'NONE',  ( 0.0000000000000000000, 0.0000000000000000000, 1.000000000000000000 ) ) ;
#5837 = DIRECTION ( 'NONE',  ( 0.0000000000000000000, 0.0000000000000000000, 1.000000000000000000 ) ) ;
#5838 = AXIS2_PLACEMENT_3D ( 'NONE', #4328, #8335, #1181 ) ;
#5839 = DIRECTION ( 'NONE',  ( -1.000000000000000000, 0.0000000000000000000, 0.0000000000000000000 ) ) ;
#5840 = EDGE_LOOP ( 'NONE', ( #4903, #2391, #5024, #6945 ) ) ;
#5841 =( LENGTH_UNIT ( ) NAMED_UNIT ( * ) SI_UNIT ( $, .METRE. ) );
#5842 = CARTESIAN_POINT ( 'NONE',  ( 0.1566428374084818387, 0.02122976784918762655, 0.2007874015748031260 ) ) ;
#5843 = CARTESIAN_POINT ( 'NONE',  ( -0.03149606299212597688, -0.09055118110236221041, 0.1968503936985494807 ) ) ;
#5844 = CIRCLE ( 'NONE', #7120, 0.1436392716535433156 ) ;
#5845 = AXIS2_PLACEMENT_3D ( 'NONE', #7212, #3146, #1173 ) ;
#5846 = SURFACE_SIDE_STYLE ('',( #482 ) ) ;
#5847 = FILL_AREA_STYLE ('',( #3064 ) ) ;
#5848 = ORIENTED_EDGE ( 'NONE', *, *, #1613, .T. ) ;
#5849 =( CONVERSION_BASED_UNIT ( 'INCH', #6032 ) LENGTH_UNIT ( ) NAMED_UNIT ( #3897 ) );
#5850 = STYLED_ITEM ( 'NONE', ( #1578 ), #6403 ) ;
#5851 = ORIENTED_EDGE ( 'NONE', *, *, #6411, .T. ) ;
#5852 = DIRECTION ( 'NONE',  ( 0.0000000000000000000, 0.0000000000000000000, 1.000000000000000000 ) ) ;
#5853 = COLOUR_RGB ( '',0.2509803921568627416, 0.2509803921568627416, 0.2509803921568627416 ) ;
#5854 = EDGE_CURVE ( 'NONE', #428, #6047, #1524, .T. ) ;
#5855 = DIMENSIONAL_EXPONENTS ( 1.000000000000000000, 0.0000000000000000000, 0.0000000000000000000, 0.0000000000000000000, 0.0000000000000000000, 0.0000000000000000000, 0.0000000000000000000 ) ;
#5856 = MECHANICAL_DESIGN_GEOMETRIC_PRESENTATION_REPRESENTATION (  '', ( #8144 ), #6281 ) ;
#5857 = CIRCLE ( 'NONE', #4451, 0.1771653543307086798 ) ;
#5858 = DIRECTION ( 'NONE',  ( 0.0000000000000000000, 0.0000000000000000000, 1.000000000000000000 ) ) ;
#5859 = ORIENTED_EDGE ( 'NONE', *, *, #5865, .F. ) ;
#5860 = CARTESIAN_POINT ( 'NONE',  ( -0.09389165368277065105, 0.02952755905511811330, -1.503937007874015741 ) ) ;
#5861 = CARTESIAN_POINT ( 'NONE',  ( -0.01968503937007873295, 0.01968503937007873988, 0.1968503937007874127 ) ) ;
#5862 = EDGE_LOOP ( 'NONE', ( #1562, #4094, #2587, #7092 ) ) ;
#5863 = FILL_AREA_STYLE ('',( #3890 ) ) ;
#5864 = DIRECTION ( 'NONE',  ( -1.000000000000000000, 0.0000000000000000000, 0.0000000000000000000 ) ) ;
#5865 = EDGE_CURVE ( 'NONE', #5315, #6771, #1840, .T. ) ;
#5866 = COLOUR_RGB ( '',0.2509803921568627416, 0.2509803921568627416, 0.2509803921568627416 ) ;
#5867 =( NAMED_UNIT ( * ) SI_UNIT ( $, .STERADIAN. ) SOLID_ANGLE_UNIT ( ) );
#5868 = DIRECTION ( 'NONE',  ( 0.0000000000000000000, 0.0000000000000000000, 1.000000000000000000 ) ) ;
#5869 = STYLED_ITEM ( 'NONE', ( #6606 ), #7159 ) ;
#5870 =( LENGTH_UNIT ( ) NAMED_UNIT ( * ) SI_UNIT ( $, .METRE. ) );
#5871 = CARTESIAN_POINT ( 'NONE',  ( 0.1421013779527558751, 0.0000000000000000000, -1.661417322834645827 ) ) ;
#5872 = ORIENTED_EDGE ( 'NONE', *, *, #4641, .T. ) ;
#5873 = CARTESIAN_POINT ( 'NONE',  ( 0.0000000000000000000, 0.0000000000000000000, -1.267716535433071057 ) ) ;
#5874 = VERTEX_POINT ( 'NONE', #3016 ) ;
#5875 = DIRECTION ( 'NONE',  ( 1.000000000000000000, 0.0000000000000000000, 0.0000000000000000000 ) ) ;
#5876 = FILL_AREA_STYLE ('',( #507 ) ) ;
#5877 = EDGE_CURVE ( 'NONE', #7454, #7463, #2357, .T. ) ;
#5878 = SURFACE_STYLE_USAGE ( .BOTH. , #8612 ) ;
#5879 = ADVANCED_FACE ( 'NONE', ( #7759 ), #8493, .T. ) ;
#5880 = CARTESIAN_POINT ( 'NONE',  ( 0.0000000000000000000, 0.1771653543307086798, 0.2480314960629921572 ) ) ;
#5881 = COLOUR_RGB ( '',0.2509803921568627416, 0.2509803921568627416, 0.2509803921568627416 ) ;
#5882 = CARTESIAN_POINT ( 'NONE',  ( -0.02952755905511811330, -0.1141732283464566844, -1.346456692913385877 ) ) ;
#5883 = DIRECTION ( 'NONE',  ( 0.0000000000000000000, 0.0000000000000000000, 1.000000000000000000 ) ) ;
#5884 = DIRECTION ( 'NONE',  ( 0.0000000000000000000, 0.0000000000000000000, 1.000000000000000000 ) ) ;
#5885 = EDGE_LOOP ( 'NONE', ( #586, #1548, #875, #3088, #6613, #6841, #1268, #8287, #2268, #6795, #2301, #1620, #3257, #7451, #3927, #3390 ) ) ;
#5886 = FILL_AREA_STYLE ('',( #7711 ) ) ;
#5887 = PRESENTATION_LAYER_ASSIGNMENT (  '', '', ( #8466 ) ) ;
#5888 = LINE ( 'NONE', #7931, #5616 ) ;
#5889 = DIRECTION ( 'NONE',  ( 0.0000000000000000000, 0.0000000000000000000, -1.000000000000000000 ) ) ;
#5890 = CARTESIAN_POINT ( 'NONE',  ( 0.02952755905511811330, -0.1141732283464566844, -1.385826771653543510 ) ) ;
#5891 = VECTOR ( 'NONE', #4173, 39.37007874015748143 ) ;
#5892 = LINE ( 'NONE', #6026, #8109 ) ;
#5893 = CIRCLE ( 'NONE', #3062, 0.02952755905511810289 ) ;
#5894 = LINE ( 'NONE', #8376, #4722 ) ;
#5895 = LENGTH_MEASURE_WITH_UNIT ( LENGTH_MEASURE( 0.02539999999999999897 ), #1182 );
#5896 = ORIENTED_EDGE ( 'NONE', *, *, #1997, .T. ) ;
#5897 = DIMENSIONAL_EXPONENTS ( 1.000000000000000000, 0.0000000000000000000, 0.0000000000000000000, 0.0000000000000000000, 0.0000000000000000000, 0.0000000000000000000, 0.0000000000000000000 ) ;
#5898 = COLOUR_RGB ( '',0.2509803921568627416, 0.2509803921568627416, 0.2509803921568627416 ) ;
#5899 = ORIENTED_EDGE ( 'NONE', *, *, #5647, .F. ) ;
#5900 = SURFACE_SIDE_STYLE ('',( #3254 ) ) ;
#5901 = CARTESIAN_POINT ( 'NONE',  ( 0.1614173228346456601, 0.0000000000000000000, 0.2007874015748031260 ) ) ;
#5902 = CIRCLE ( 'NONE', #7174, 0.02952755905511810289 ) ;
#5903 = DIRECTION ( 'NONE',  ( 0.0000000000000000000, -1.000000000000000000, 0.0000000000000000000 ) ) ;
#5904 = ADVANCED_FACE ( 'NONE', ( #5123 ), #2698, .F. ) ;
#5905 = ORIENTED_EDGE ( 'NONE', *, *, #8346, .T. ) ;
#5906 = CARTESIAN_POINT ( 'NONE',  ( 0.02952755905511811330, 0.1141732283464566844, -1.503937007874015741 ) ) ;
#5907 = MECHANICAL_DESIGN_GEOMETRIC_PRESENTATION_REPRESENTATION (  '', ( #7758 ), #1273 ) ;
#5908 = CARTESIAN_POINT ( 'NONE',  ( -0.02952755905511811330, 0.09389165368277065105, -1.661417322834645827 ) ) ;
#5909 = ORIENTED_EDGE ( 'NONE', *, *, #2893, .T. ) ;
#5910 = DIRECTION ( 'NONE',  ( 0.0000000000000000000, 0.0000000000000000000, 1.000000000000000000 ) ) ;
#5911 =( CONVERSION_BASED_UNIT ( 'INCH', #628 ) LENGTH_UNIT ( ) NAMED_UNIT ( #8473 ) );
#5912 = CARTESIAN_POINT ( 'NONE',  ( 0.0000000000000000000, 0.0000000000000000000, -1.181102362204724310 ) ) ;
#5913 = CARTESIAN_POINT ( 'NONE',  ( 0.02952755905511811330, 0.1141732283464566844, -1.700787401574803237 ) ) ;
#5914 =( LENGTH_UNIT ( ) NAMED_UNIT ( * ) SI_UNIT ( $, .METRE. ) );
#5915 = EDGE_CURVE ( 'NONE', #162, #4383, #1429, .T. ) ;
#5916 = EDGE_LOOP ( 'NONE', ( #4868, #5552, #6404, #7909 ) ) ;
#5917 = FACE_OUTER_BOUND ( 'NONE', #2474, .T. ) ;
#5918 = ORIENTED_EDGE ( 'NONE', *, *, #3812, .F. ) ;
#5919 = CARTESIAN_POINT ( 'NONE',  ( 0.02952755905511811330, 0.1141732283464566844, -1.464566929133858109 ) ) ;
#5920 = MECHANICAL_DESIGN_GEOMETRIC_PRESENTATION_REPRESENTATION (  '', ( #3961 ), #6346 ) ;
#5921 = SURFACE_STYLE_USAGE ( .BOTH. , #3234 ) ;
#5922 = DIRECTION ( 'NONE',  ( 0.0000000000000000000, 0.0000000000000000000, -1.000000000000000000 ) ) ;
#5923 =( GEOMETRIC_REPRESENTATION_CONTEXT ( 3 ) GLOBAL_UNCERTAINTY_ASSIGNED_CONTEXT ( ( #7678 ) ) GLOBAL_UNIT_ASSIGNED_CONTEXT ( ( #2046, #5603, #6773 ) ) REPRESENTATION_CONTEXT ( 'NONE', 'WORKASPACE' ) );
#5924 = EDGE_CURVE ( 'NONE', #5580, #6127, #4392, .T. ) ;
#5925 = ORIENTED_EDGE ( 'NONE', *, *, #8057, .T. ) ;
#5926 = EDGE_CURVE ( 'NONE', #8471, #4534, #2962, .T. ) ;
#5927 = APPLICATION_CONTEXT ( 'automotive_design' ) ;
#5928 =( NAMED_UNIT ( * ) PLANE_ANGLE_UNIT ( ) SI_UNIT ( $, .RADIAN. ) );
#5929 = FACE_OUTER_BOUND ( 'NONE', #2993, .T. ) ;
#5930 = CARTESIAN_POINT ( 'NONE',  ( -0.05817145902824114034, 0.1505710246549112064, 0.2007874015748032093 ) ) ;
#5931 = CARTESIAN_POINT ( 'NONE',  ( 0.1377952755905511584, 0.0000000000000000000, -1.771653543307086576 ) ) ;
#5932 = DIRECTION ( 'NONE',  ( 0.0000000000000000000, 0.0000000000000000000, -1.000000000000000000 ) ) ;
#5933 = DIRECTION ( 'NONE',  ( -0.3286249371676880915, 0.9444605077352536959, 0.0000000000000000000 ) ) ;
#5934 = AXIS2_PLACEMENT_3D ( 'NONE', #6754, #2851, #3477 ) ;
#5935 = DIRECTION ( 'NONE',  ( -0.0000000000000000000, -0.0000000000000000000, -1.000000000000000000 ) ) ;
#5936 = AXIS2_PLACEMENT_3D ( 'NONE', #164, #6880, #8128 ) ;
#5937 = CARTESIAN_POINT ( 'NONE',  ( -0.1141732283464566844, 0.02952755905511811330, -1.267716535433071057 ) ) ;
#5938 = ORIENTED_EDGE ( 'NONE', *, *, #8492, .F. ) ;
#5939 = ORIENTED_EDGE ( 'NONE', *, *, #3945, .F. ) ;
#5940 = AXIS2_PLACEMENT_3D ( 'NONE', #3868, #5932, #2493 ) ;
#5941 = STYLED_ITEM ( 'NONE', ( #3850 ), #376 ) ;
#5942 = LINE ( 'NONE', #7867, #7323 ) ;
#5943 = ORIENTED_EDGE ( 'NONE', *, *, #3499, .T. ) ;
#5944 = AXIS2_PLACEMENT_3D ( 'NONE', #1468, #69, #2093 ) ;
#5945 = FACE_OUTER_BOUND ( 'NONE', #5983, .T. ) ;
#5946 = DIRECTION ( 'NONE',  ( 0.0000000000000000000, 0.0000000000000000000, -1.000000000000000000 ) ) ;
#5947 = CIRCLE ( 'NONE', #7377, 0.02952755905511810289 ) ;
#5948 = EDGE_LOOP ( 'NONE', ( #8369, #6325, #6074, #658 ) ) ;
#5949 =( NAMED_UNIT ( * ) PLANE_ANGLE_UNIT ( ) SI_UNIT ( $, .RADIAN. ) );
#5950 = DIRECTION ( 'NONE',  ( -1.000000000000000000, 0.0000000000000000000, 0.0000000000000000000 ) ) ;
#5951 = SURFACE_STYLE_USAGE ( .BOTH. , #7875 ) ;
#5952 = DIMENSIONAL_EXPONENTS ( 1.000000000000000000, 0.0000000000000000000, 0.0000000000000000000, 0.0000000000000000000, 0.0000000000000000000, 0.0000000000000000000, 0.0000000000000000000 ) ;
#5953 = DIRECTION ( 'NONE',  ( 0.0000000000000000000, 0.0000000000000000000, 1.000000000000000000 ) ) ;
#5954 = COLOUR_RGB ( '',0.2509803921568627416, 0.2509803921568627416, 0.2509803921568627416 ) ;
#5955 = CARTESIAN_POINT ( 'NONE',  ( 0.02952755905511811330, -0.09389165368277065105, -1.582677165354331006 ) ) ;
#5956 = DIRECTION ( 'NONE',  ( -1.000000000000000000, 0.0000000000000000000, 0.0000000000000000000 ) ) ;
#5957 = ORIENTED_EDGE ( 'NONE', *, *, #8047, .F. ) ;
#5958 = ORIENTED_EDGE ( 'NONE', *, *, #2956, .F. ) ;
#5959 =( CONVERSION_BASED_UNIT ( 'INCH', #6728 ) LENGTH_UNIT ( ) NAMED_UNIT ( #3376 ) );
#5960 = PRESENTATION_STYLE_ASSIGNMENT (( #3275 ) ) ;
#5961 = CARTESIAN_POINT ( 'NONE',  ( -0.1377952755905511584, 1.687505431895958879E-17, -1.771653543307086576 ) ) ;
#5962 = PLANE ( 'NONE',  #3276 ) ;
#5963 = EDGE_CURVE ( 'NONE', #3753, #6668, #7128, .T. ) ;
#5964 = LINE ( 'NONE', #4559, #3434 ) ;
#5965 = VECTOR ( 'NONE', #8299, 39.37007874015748143 ) ;
#5966 = CARTESIAN_POINT ( 'NONE',  ( 0.03937007874015747283, -0.07874015748031495954, 0.1968503936985494807 ) ) ;
#5967 = CARTESIAN_POINT ( 'NONE',  ( 0.1141732283464566844, 0.02952755905511811330, -1.385826771653543510 ) ) ;
#5968 = ORIENTED_EDGE ( 'NONE', *, *, #5877, .F. ) ;
#5969 = CYLINDRICAL_SURFACE ( 'NONE', #4302, 0.01574803149606299885 ) ;
#5970 = PLANE ( 'NONE',  #562 ) ;
#5971 = DIRECTION ( 'NONE',  ( -1.000000000000000000, 0.0000000000000000000, 0.0000000000000000000 ) ) ;
#5972 = CARTESIAN_POINT ( 'NONE',  ( -0.09448818897637792369, 0.03149606299212599769, 0.0000000000000000000 ) ) ;
#5973 = AXIS2_PLACEMENT_3D ( 'NONE', #4613, #4567, #2537 ) ;
#5974 = CARTESIAN_POINT ( 'NONE',  ( -0.08858267716535508929, -0.1534296975208646885, 0.2007874015748031260 ) ) ;
#5975 = EDGE_CURVE ( 'NONE', #5168, #8774, #8289, .T. ) ;
#5976 = UNCERTAINTY_MEASURE_WITH_UNIT (LENGTH_MEASURE( 1.000000000000000082E-05 ), #4558, 'distance_accuracy_value', 'NONE');
#5977 = AXIS2_PLACEMENT_3D ( 'NONE', #3204, #6562, #2288 ) ;
#5978 = FILL_AREA_STYLE_COLOUR ( '', #5425 ) ;
#5979 = CARTESIAN_POINT ( 'NONE',  ( -0.06334935371447208974, -0.1654521748393905367, 0.4298724771940015676 ) ) ;
#5980 = FILL_AREA_STYLE ('',( #2142 ) ) ;
#5981 = VERTEX_POINT ( 'NONE', #764 ) ;
#5982 = DIRECTION ( 'NONE',  ( 0.0000000000000000000, 0.0000000000000000000, -1.000000000000000000 ) ) ;
#5983 = EDGE_LOOP ( 'NONE', ( #6440, #788, #5386, #7017 ) ) ;
#5984 = LINE ( 'NONE', #4017, #4747 ) ;
#5985 = AXIS2_PLACEMENT_3D ( 'NONE', #6084, #1496, #842 ) ;
#5986 = ADVANCED_FACE ( 'NONE', ( #3489 ), #3968, .T. ) ;
#5987 = AXIS2_PLACEMENT_3D ( 'NONE', #2229, #4224, #7574 ) ;
#5988 = UNCERTAINTY_MEASURE_WITH_UNIT (LENGTH_MEASURE( 1.000000000000000082E-05 ), #5199, 'distance_accuracy_value', 'NONE');
#5989 = DIRECTION ( 'NONE',  ( 0.0000000000000000000, 0.0000000000000000000, 1.000000000000000000 ) ) ;
#5990 = VECTOR ( 'NONE', #1059, 39.37007874015748143 ) ;
#5991 = ORIENTED_EDGE ( 'NONE', *, *, #4980, .T. ) ;
#5992 = AXIS2_PLACEMENT_3D ( 'NONE', #5873, #5209, #7924 ) ;
#5993 = DIRECTION ( 'NONE',  ( 0.0000000000000000000, 1.000000000000000000, 0.0000000000000000000 ) ) ;
#5994 = SURFACE_SIDE_STYLE ('',( #2552 ) ) ;
#5995 =( CONVERSION_BASED_UNIT ( 'INCH', #8547 ) LENGTH_UNIT ( ) NAMED_UNIT ( #8126 ) );
#5996 = ORIENTED_EDGE ( 'NONE', *, *, #3241, .T. ) ;
#5997 = CARTESIAN_POINT ( 'NONE',  ( -0.05707498703981752491, 0.1509900591612205467, 0.4298724771940015676 ) ) ;
#5998 = CARTESIAN_POINT ( 'NONE',  ( 0.0000000000000000000, 0.0000000000000000000, -1.464566929133858109 ) ) ;
#5999 = CARTESIAN_POINT ( 'NONE',  ( -0.09389165368277065105, 0.02952755905511811330, -1.464566929133858109 ) ) ;
#6000 = AXIS2_PLACEMENT_3D ( 'NONE', #406, #8548, #5109 ) ;
#6001 = CIRCLE ( 'NONE', #4865, 0.1771653543307086798 ) ;
#6002 = UNCERTAINTY_MEASURE_WITH_UNIT (LENGTH_MEASURE( 1.000000000000000082E-05 ), #4438, 'distance_accuracy_value', 'NONE');
#6003 = DIRECTION ( 'NONE',  ( 0.0000000000000000000, 0.0000000000000000000, 1.000000000000000000 ) ) ;
#6004 = CARTESIAN_POINT ( 'NONE',  ( -0.1141732283464566844, 0.02952755905511811330, -1.464566929133858109 ) ) ;
#6005 = SURFACE_STYLE_USAGE ( .BOTH. , #3315 ) ;
#6006 = EDGE_LOOP ( 'NONE', ( #1772, #1897 ) ) ;
#6007 = MECHANICAL_DESIGN_GEOMETRIC_PRESENTATION_REPRESENTATION (  '', ( #1501 ), #5588 ) ;
#6008 = SURFACE_STYLE_USAGE ( .BOTH. , #5344 ) ;
#6009 = ORIENTED_EDGE ( 'NONE', *, *, #3001, .F. ) ;
#6010 = VECTOR ( 'NONE', #5673, 39.37007874015748143 ) ;
#6011 = CARTESIAN_POINT ( 'NONE',  ( 0.0000000000000000000, 0.0000000000000000000, 0.0000000000000000000 ) ) ;
#6012 = MECHANICAL_DESIGN_GEOMETRIC_PRESENTATION_REPRESENTATION (  '', ( #8455 ), #2485 ) ;
#6013 =( LENGTH_UNIT ( ) NAMED_UNIT ( * ) SI_UNIT ( $, .METRE. ) );
#6014 = SURFACE_SIDE_STYLE ('',( #3325 ) ) ;
#6015 =( GEOMETRIC_REPRESENTATION_CONTEXT ( 3 ) GLOBAL_UNCERTAINTY_ASSIGNED_CONTEXT ( ( #7335 ) ) GLOBAL_UNIT_ASSIGNED_CONTEXT ( ( #708, #4415, #3301 ) ) REPRESENTATION_CONTEXT ( 'NONE', 'WORKASPACE' ) );
#6016 = DIMENSIONAL_EXPONENTS ( 1.000000000000000000, 0.0000000000000000000, 0.0000000000000000000, 0.0000000000000000000, 0.0000000000000000000, 0.0000000000000000000, 0.0000000000000000000 ) ;
#6017 = DIRECTION ( 'NONE',  ( 1.000000000000000000, 0.0000000000000000000, 0.0000000000000000000 ) ) ;
#6018 = VERTEX_POINT ( 'NONE', #4206 ) ;
#6019 = PLANE ( 'NONE',  #7040 ) ;
#6020 = EDGE_CURVE ( 'NONE', #5639, #5615, #1425, .T. ) ;
#6021 = VECTOR ( 'NONE', #739, 39.37007874015748143 ) ;
#6022 = FILL_AREA_STYLE_COLOUR ( '', #3691 ) ;
#6023 = CARTESIAN_POINT ( 'NONE',  ( -0.06334935371447210362, -0.1654521748393905367, 0.2007874015748032093 ) ) ;
#6024 = DIRECTION ( 'NONE',  ( 0.03903273174035342546, 0.0000000000000000000, 0.9992379325530460488 ) ) ;
#6025 = LENGTH_MEASURE_WITH_UNIT ( LENGTH_MEASURE( 0.02539999999999999897 ), #3154 );
#6026 = CARTESIAN_POINT ( 'NONE',  ( 0.02952755905511811330, -0.1141732283464566844, -1.425196850393700698 ) ) ;
#6027 =( CONVERSION_BASED_UNIT ( 'INCH', #3388 ) LENGTH_UNIT ( ) NAMED_UNIT ( #5541 ) );
#6028 = DIRECTION ( 'NONE',  ( 0.0000000000000000000, 0.0000000000000000000, 1.000000000000000000 ) ) ;
#6029 = EDGE_CURVE ( 'NONE', #1651, #5463, #445, .T. ) ;
#6030 = SURFACE_STYLE_USAGE ( .BOTH. , #40 ) ;
#6031 = ORIENTED_EDGE ( 'NONE', *, *, #7882, .F. ) ;
#6032 = LENGTH_MEASURE_WITH_UNIT ( LENGTH_MEASURE( 0.02539999999999999897 ), #5233 );
#6033 = MECHANICAL_DESIGN_GEOMETRIC_PRESENTATION_REPRESENTATION (  '', ( #3757 ), #2649 ) ;
#6034 = ORIENTED_EDGE ( 'NONE', *, *, #6560, .T. ) ;
#6035 =( NAMED_UNIT ( * ) PLANE_ANGLE_UNIT ( ) SI_UNIT ( $, .RADIAN. ) );
#6036 = PRESENTATION_STYLE_ASSIGNMENT (( #8088 ) ) ;
#6037 = AXIS2_PLACEMENT_3D ( 'NONE', #7099, #7861, #1144 ) ;
#6038 = CYLINDRICAL_SURFACE ( 'NONE', #458, 0.003937007874015741038 ) ;
#6039 = PRESENTATION_LAYER_ASSIGNMENT (  '', '', ( #688 ) ) ;
#6040 =( GEOMETRIC_REPRESENTATION_CONTEXT ( 3 ) GLOBAL_UNCERTAINTY_ASSIGNED_CONTEXT ( ( #3350 ) ) GLOBAL_UNIT_ASSIGNED_CONTEXT ( ( #3380, #736, #2058 ) ) REPRESENTATION_CONTEXT ( 'NONE', 'WORKASPACE' ) );
#6041 = ADVANCED_FACE ( 'NONE', ( #4124 ), #7919, .T. ) ;
#6042 = VERTEX_POINT ( 'NONE', #2336 ) ;
#6043 = EDGE_CURVE ( 'NONE', #656, #2895, #1147, .T. ) ;
#6044 =( LENGTH_UNIT ( ) NAMED_UNIT ( * ) SI_UNIT ( $, .METRE. ) );
#6045 = CARTESIAN_POINT ( 'NONE',  ( 0.0000000000000000000, 0.0000000000000000000, 0.2007874015748031260 ) ) ;
#6046 = CARTESIAN_POINT ( 'NONE',  ( 0.0000000000000000000, 0.0000000000000000000, -1.543307086614173151 ) ) ;
#6047 = VERTEX_POINT ( 'NONE', #3665 ) ;
#6048 = PRESENTATION_LAYER_ASSIGNMENT (  '', '', ( #1122 ) ) ;
#6049 =( GEOMETRIC_REPRESENTATION_CONTEXT ( 3 ) GLOBAL_UNCERTAINTY_ASSIGNED_CONTEXT ( ( #1238 ) ) GLOBAL_UNIT_ASSIGNED_CONTEXT ( ( #7445, #2866, #4972 ) ) REPRESENTATION_CONTEXT ( 'NONE', 'WORKASPACE' ) );
#6050 = VERTEX_POINT ( 'NONE', #1630 ) ;
#6051 = CARTESIAN_POINT ( 'NONE',  ( -0.02952755905511811330, 0.1141732283464566844, -1.700787401574803237 ) ) ;
#6052 = CARTESIAN_POINT ( 'NONE',  ( 0.0000000000000000000, 0.0000000000000000000, 0.03937007874015747977 ) ) ;
#6053 = ORIENTED_EDGE ( 'NONE', *, *, #6368, .F. ) ;
#6054 = DIRECTION ( 'NONE',  ( -1.000000000000000000, 0.0000000000000000000, 0.0000000000000000000 ) ) ;
#6055 =( LENGTH_UNIT ( ) NAMED_UNIT ( * ) SI_UNIT ( $, .METRE. ) );
#6056 = MECHANICAL_DESIGN_GEOMETRIC_PRESENTATION_REPRESENTATION (  '', ( #4371 ), #7912 ) ;
#6057 = CARTESIAN_POINT ( 'NONE',  ( 0.0000000000000000000, 0.0000000000000000000, -1.425196850393700698 ) ) ;
#6058 = ORIENTED_EDGE ( 'NONE', *, *, #481, .F. ) ;
#6059 = AXIS2_PLACEMENT_3D ( 'NONE', #3479, #8137, #4833 ) ;
#6060 = DIRECTION ( 'NONE',  ( 0.0000000000000000000, 0.0000000000000000000, 1.000000000000000000 ) ) ;
#6061 = FILL_AREA_STYLE_COLOUR ( '', #5439 ) ;
#6062 = DIRECTION ( 'NONE',  ( -1.000000000000000000, 0.0000000000000000000, 0.0000000000000000000 ) ) ;
#6063 = SURFACE_SIDE_STYLE ('',( #4783 ) ) ;
#6064 = SURFACE_SIDE_STYLE ('',( #2797 ) ) ;
#6065 = AXIS2_PLACEMENT_3D ( 'NONE', #8449, #7576, #4997 ) ;
#6066 = EDGE_CURVE ( 'NONE', #5981, #115, #5645, .T. ) ;
#6067 = UNCERTAINTY_MEASURE_WITH_UNIT (LENGTH_MEASURE( 1.000000000000000082E-05 ), #6190, 'distance_accuracy_value', 'NONE');
#6068 = PLANE ( 'NONE',  #5987 ) ;
#6069 =( CONVERSION_BASED_UNIT ( 'INCH', #8175 ) LENGTH_UNIT ( ) NAMED_UNIT ( #1340 ) );
#6070 = ORIENTED_EDGE ( 'NONE', *, *, #8261, .T. ) ;
#6071 = DIMENSIONAL_EXPONENTS ( 1.000000000000000000, 0.0000000000000000000, 0.0000000000000000000, 0.0000000000000000000, 0.0000000000000000000, 0.0000000000000000000, 0.0000000000000000000 ) ;
#6072 = PRESENTATION_STYLE_ASSIGNMENT (( #241 ) ) ;
#6073 = PRESENTATION_STYLE_ASSIGNMENT (( #6165 ) ) ;
#6074 = ORIENTED_EDGE ( 'NONE', *, *, #2153, .T. ) ;
#6075 = DIRECTION ( 'NONE',  ( -1.000000000000000000, 0.0000000000000000000, 0.0000000000000000000 ) ) ;
#6076 = PLANE ( 'NONE',  #6161 ) ;
#6077 = EDGE_CURVE ( 'NONE', #5144, #5639, #5786, .T. ) ;
#6078 = COLOUR_RGB ( '',0.2509803921568627416, 0.2509803921568627416, 0.2509803921568627416 ) ;
#6079 = PRESENTATION_STYLE_ASSIGNMENT (( #4951 ) ) ;
#6080 = CARTESIAN_POINT ( 'NONE',  ( 0.1141732283464566844, -0.02952755905511811330, -1.307086614173228467 ) ) ;
#6081 = EDGE_LOOP ( 'NONE', ( #7339, #3662, #5522, #7868 ) ) ;
#6082 = CARTESIAN_POINT ( 'NONE',  ( -0.02952755905511811330, 0.1141732283464566844, -1.267716535433071057 ) ) ;
#6083 = DIRECTION ( 'NONE',  ( 0.0000000000000000000, 0.0000000000000000000, 1.000000000000000000 ) ) ;
#6084 = CARTESIAN_POINT ( 'NONE',  ( 0.0000000000000000000, 0.0000000000000000000, -1.582677165354331006 ) ) ;
#6085 = EDGE_LOOP ( 'NONE', ( #5092, #7279, #7969, #7424 ) ) ;
#6086 =( CONVERSION_BASED_UNIT ( 'INCH', #1498 ) LENGTH_UNIT ( ) NAMED_UNIT ( #4605 ) );
#6087 = MECHANICAL_DESIGN_GEOMETRIC_PRESENTATION_REPRESENTATION (  '', ( #35 ), #179 ) ;
#6088 = CARTESIAN_POINT ( 'NONE',  ( 0.0000000000000000000, 0.0000000000000000000, -1.771653543307086576 ) ) ;
#6089 = VECTOR ( 'NONE', #2973, 39.37007874015748143 ) ;
#6090 =( LENGTH_UNIT ( ) NAMED_UNIT ( * ) SI_UNIT ( $, .METRE. ) );
#6091 = EDGE_CURVE ( 'NONE', #10, #1423, #5641, .T. ) ;
#6092 = ADVANCED_FACE ( 'NONE', ( #4413 ), #5107, .T. ) ;
#6093 = UNCERTAINTY_MEASURE_WITH_UNIT (LENGTH_MEASURE( 1.000000000000000082E-05 ), #1054, 'distance_accuracy_value', 'NONE');
#6094 = VECTOR ( 'NONE', #5255, 39.37007874015748143 ) ;
#6095 = PRESENTATION_STYLE_ASSIGNMENT (( #2120 ) ) ;
#6096 = COLOUR_RGB ( '',0.2509803921568627416, 0.2509803921568627416, 0.2509803921568627416 ) ;
#6097 = EDGE_LOOP ( 'NONE', ( #3316, #3472 ) ) ;
#6098 = LENGTH_MEASURE_WITH_UNIT ( LENGTH_MEASURE( 0.02539999999999999897 ), #2739 );
#6099 = VERTEX_POINT ( 'NONE', #1762 ) ;
#6100 = CARTESIAN_POINT ( 'NONE',  ( 0.1771653543307086798, 0.0000000000000000000, 0.0000000000000000000 ) ) ;
#6101 = CARTESIAN_POINT ( 'NONE',  ( 0.1723862642169728676, -0.01705977506991366785, 0.2007874015748031260 ) ) ;
#6102 = VECTOR ( 'NONE', #2604, 39.37007874015748143 ) ;
#6103 = FACE_OUTER_BOUND ( 'NONE', #1277, .T. ) ;
#6104 = EDGE_CURVE ( 'NONE', #7748, #6395, #404, .T. ) ;
#6105 = FILL_AREA_STYLE_COLOUR ( '', #710 ) ;
#6106 = VERTEX_POINT ( 'NONE', #359 ) ;
#6107 = COLOUR_RGB ( '',0.7450980392156862919, 0.7450980392156862919, 0.7450980392156862919 ) ;
#6108 = PRESENTATION_STYLE_ASSIGNMENT (( #1473 ) ) ;
#6109 = SURFACE_SIDE_STYLE ('',( #6824 ) ) ;
#6110 = FACE_OUTER_BOUND ( 'NONE', #5815, .T. ) ;
#6111 =( LENGTH_UNIT ( ) NAMED_UNIT ( * ) SI_UNIT ( $, .METRE. ) );
#6112 = SURFACE_SIDE_STYLE ('',( #6740 ) ) ;
#6113 = VECTOR ( 'NONE', #3289, 39.37007874015748143 ) ;
#6114 = FACE_OUTER_BOUND ( 'NONE', #5804, .T. ) ;
#6115 =( NAMED_UNIT ( * ) SI_UNIT ( $, .STERADIAN. ) SOLID_ANGLE_UNIT ( ) );
#6116 = VERTEX_POINT ( 'NONE', #941 ) ;
#6117 = CIRCLE ( 'NONE', #2167, 0.01377952755905510404 ) ;
#6118 = LINE ( 'NONE', #8177, #811 ) ;
#6119 = CARTESIAN_POINT ( 'NONE',  ( 0.1771653543307086798, 0.0000000000000000000, 0.2007874015748031260 ) ) ;
#6120 = ORIENTED_EDGE ( 'NONE', *, *, #5134, .F. ) ;
#6121 = PRODUCT_RELATED_PRODUCT_CATEGORY ( 'part', '', ( #1839 ) ) ;
#6122 = DIRECTION ( 'NONE',  ( 1.000000000000000000, 0.0000000000000000000, 0.0000000000000000000 ) ) ;
#6123 = ORIENTED_EDGE ( 'NONE', *, *, #2963, .F. ) ;
#6124 = DIRECTION ( 'NONE',  ( 0.0000000000000000000, 0.0000000000000000000, -1.000000000000000000 ) ) ;
#6125 = VECTOR ( 'NONE', #4931, 39.37007874015748143 ) ;
#6126 = SURFACE_STYLE_USAGE ( .BOTH. , #1369 ) ;
#6127 = VERTEX_POINT ( 'NONE', #8428 ) ;
#6128 = EDGE_CURVE ( 'NONE', #8644, #2923, #5844, .T. ) ;
#6129 = CIRCLE ( 'NONE', #8271, 0.003937007874015758385 ) ;
#6130 =( CONVERSION_BASED_UNIT ( 'INCH', #8237 ) LENGTH_UNIT ( ) NAMED_UNIT ( #4979 ) );
#6131 = STYLED_ITEM ( 'NONE', ( #6073 ), #6476 ) ;
#6132 = MECHANICAL_DESIGN_GEOMETRIC_PRESENTATION_REPRESENTATION (  '', ( #4727 ), #1761 ) ;
#6133 = DIRECTION ( 'NONE',  ( 0.9444605077352536959, 0.3286249371676880915, 0.0000000000000000000 ) ) ;
#6134 = CARTESIAN_POINT ( 'NONE',  ( 0.1141732283464566844, 0.02952755905511811330, -1.543307086614173151 ) ) ;
#6135 = EDGE_LOOP ( 'NONE', ( #5297, #4790, #8181, #7192, #6647, #3184, #23, #8221 ) ) ;
#6136 = FACE_OUTER_BOUND ( 'NONE', #7064, .T. ) ;
#6137 = ORIENTED_EDGE ( 'NONE', *, *, #5312, .T. ) ;
#6138 = EDGE_CURVE ( 'NONE', #5580, #1000, #3040, .T. ) ;
#6139 = DIRECTION ( 'NONE',  ( -0.0000000000000000000, -0.0000000000000000000, -1.000000000000000000 ) ) ;
#6140 = COLOUR_RGB ( '',0.4117647058823529216, 0.4117647058823529216, 0.4117647058823529216 ) ;
#6141 = SURFACE_STYLE_USAGE ( .BOTH. , #7519 ) ;
#6142 = COLOUR_RGB ( '',0.2509803921568627416, 0.2509803921568627416, 0.2509803921568627416 ) ;
#6143 =( NAMED_UNIT ( * ) SI_UNIT ( $, .STERADIAN. ) SOLID_ANGLE_UNIT ( ) );
#6144 =( CONVERSION_BASED_UNIT ( 'INCH', #8159 ) LENGTH_UNIT ( ) NAMED_UNIT ( #2396 ) );
#6145 = AXIS2_PLACEMENT_3D ( 'NONE', #7079, #3007, #3678 ) ;
#6146 = VECTOR ( 'NONE', #215, 39.37007874015748143 ) ;
#6147 = DIRECTION ( 'NONE',  ( 0.0000000000000000000, 0.0000000000000000000, 1.000000000000000000 ) ) ;
#6148 = ORIENTED_EDGE ( 'NONE', *, *, #4321, .F. ) ;
#6149 = STYLED_ITEM ( 'NONE', ( #7024 ), #3345 ) ;
#6150 = FILL_AREA_STYLE_COLOUR ( '', #3586 ) ;
#6151 = ADVANCED_FACE ( 'NONE', ( #3803 ), #6314, .F. ) ;
#6152 = EDGE_CURVE ( 'NONE', #8480, #1579, #1855, .T. ) ;
#6153 = FACE_OUTER_BOUND ( 'NONE', #2937, .T. ) ;
#6154 =( LENGTH_UNIT ( ) NAMED_UNIT ( * ) SI_UNIT ( $, .METRE. ) );
#6155 =( NAMED_UNIT ( * ) PLANE_ANGLE_UNIT ( ) SI_UNIT ( $, .RADIAN. ) );
#6156 = CARTESIAN_POINT ( 'NONE',  ( 0.1141732283464566844, -0.02952755905511811330, -1.385826771653543510 ) ) ;
#6157 = DIRECTION ( 'NONE',  ( -1.000000000000000000, 0.0000000000000000000, 0.0000000000000000000 ) ) ;
#6158 = COLOUR_RGB ( '',0.2509803921568627416, 0.2509803921568627416, 0.2509803921568627416 ) ;
#6159 = ORIENTED_EDGE ( 'NONE', *, *, #651, .T. ) ;
#6160 = FILL_AREA_STYLE ('',( #2181 ) ) ;
#6161 = AXIS2_PLACEMENT_3D ( 'NONE', #46, #3347, #7367 ) ;
#6162 = DIRECTION ( 'NONE',  ( 1.000000000000000000, 0.0000000000000000000, 0.0000000000000000000 ) ) ;
#6163 = CARTESIAN_POINT ( 'NONE',  ( -0.07141893351509352728, 0.1578207716103513236, 0.4298724771940015676 ) ) ;
#6164 = ORIENTED_EDGE ( 'NONE', *, *, #5324, .F. ) ;
#6165 = SURFACE_STYLE_USAGE ( .BOTH. , #3391 ) ;
#6166 = ORIENTED_EDGE ( 'NONE', *, *, #5706, .T. ) ;
#6167 =( NAMED_UNIT ( * ) SI_UNIT ( $, .STERADIAN. ) SOLID_ANGLE_UNIT ( ) );
#6168 = SURFACE_STYLE_FILL_AREA ( #8227 ) ;
#6169 = CIRCLE ( 'NONE', #2355, 0.2755905511811023723 ) ;
#6170 = EDGE_LOOP ( 'NONE', ( #6053, #6624, #4825, #4672 ) ) ;
#6171 = FACE_OUTER_BOUND ( 'NONE', #4301, .T. ) ;
#6172 =( LENGTH_UNIT ( ) NAMED_UNIT ( * ) SI_UNIT ( $, .METRE. ) );
#6173 = CARTESIAN_POINT ( 'NONE',  ( 0.05511811023622047168, -0.07874015748031495954, 0.0000000000000000000 ) ) ;
#6174 = EDGE_LOOP ( 'NONE', ( #495, #1311, #5014, #6512 ) ) ;
#6175 = PRESENTATION_STYLE_ASSIGNMENT (( #7547 ) ) ;
#6176 = VECTOR ( 'NONE', #8351, 39.37007874015748143 ) ;
#6177 = VECTOR ( 'NONE', #8102, 39.37007874015748143 ) ;
#6178 = EDGE_CURVE ( 'NONE', #4280, #3037, #1947, .T. ) ;
#6179 = UNCERTAINTY_MEASURE_WITH_UNIT (LENGTH_MEASURE( 1.000000000000000082E-05 ), #7138, 'distance_accuracy_value', 'NONE');
#6180 =( LENGTH_UNIT ( ) NAMED_UNIT ( * ) SI_UNIT ( $, .METRE. ) );
#6181 = CARTESIAN_POINT ( 'NONE',  ( 0.1141732283464566844, -0.02952755905511811330, -1.267716535433071057 ) ) ;
#6182 = ORIENTED_EDGE ( 'NONE', *, *, #2529, .T. ) ;
#6183 =( LENGTH_UNIT ( ) NAMED_UNIT ( * ) SI_UNIT ( $, .METRE. ) );
#6184 = AXIS2_PLACEMENT_3D ( 'NONE', #6809, #4802, #804 ) ;
#6185 = DIRECTION ( 'NONE',  ( 0.0000000000000000000, 0.0000000000000000000, 1.000000000000000000 ) ) ;
#6186 = ORIENTED_EDGE ( 'NONE', *, *, #3387, .F. ) ;
#6187 = PRESENTATION_STYLE_ASSIGNMENT (( #3370 ) ) ;
#6188 = PRESENTATION_LAYER_ASSIGNMENT (  '', '', ( #1673 ) ) ;
#6189 =( NAMED_UNIT ( * ) PLANE_ANGLE_UNIT ( ) SI_UNIT ( $, .RADIAN. ) );
#6190 =( CONVERSION_BASED_UNIT ( 'INCH', #7889 ) LENGTH_UNIT ( ) NAMED_UNIT ( #7030 ) );
#6191 = DIRECTION ( 'NONE',  ( 1.000000000000000000, 0.0000000000000000000, 0.0000000000000000000 ) ) ;
#6192 =( GEOMETRIC_REPRESENTATION_CONTEXT ( 3 ) GLOBAL_UNCERTAINTY_ASSIGNED_CONTEXT ( ( #6807 ) ) GLOBAL_UNIT_ASSIGNED_CONTEXT ( ( #86, #3351, #1319 ) ) REPRESENTATION_CONTEXT ( 'NONE', 'WORKASPACE' ) );
#6193 = EDGE_CURVE ( 'NONE', #6524, #2280, #6980, .T. ) ;
#6194 = DIMENSIONAL_EXPONENTS ( 1.000000000000000000, 0.0000000000000000000, 0.0000000000000000000, 0.0000000000000000000, 0.0000000000000000000, 0.0000000000000000000, 0.0000000000000000000 ) ;
#6195 = DIRECTION ( 'NONE',  ( 0.0000000000000000000, -1.000000000000000000, 0.0000000000000000000 ) ) ;
#6196 = AXIS2_PLACEMENT_3D ( 'NONE', #3929, #584, #7236 ) ;
#6197 =( CONVERSION_BASED_UNIT ( 'INCH', #8210 ) LENGTH_UNIT ( ) NAMED_UNIT ( #6071 ) );
#6198 = ORIENTED_EDGE ( 'NONE', *, *, #3405, .T. ) ;
#6199 = DIRECTION ( 'NONE',  ( 0.0000000000000000000, 0.0000000000000000000, 1.000000000000000000 ) ) ;
#6200 = SURFACE_STYLE_FILL_AREA ( #4096 ) ;
#6201 = CIRCLE ( 'NONE', #3086, 0.09842519685039370636 ) ;
#6202 = FACE_BOUND ( 'NONE', #687, .T. ) ;
#6203 = LINE ( 'NONE', #2134, #962 ) ;
#6204 = FILL_AREA_STYLE ('',( #1441 ) ) ;
#6205 = DIRECTION ( 'NONE',  ( 0.0000000000000000000, 0.0000000000000000000, -1.000000000000000000 ) ) ;
#6206 = ADVANCED_FACE ( 'NONE', ( #6535 ), #7957, .F. ) ;
#6207 = EDGE_CURVE ( 'NONE', #4721, #7833, #3888, .T. ) ;
#6208 = ORIENTED_EDGE ( 'NONE', *, *, #7000, .T. ) ;
#6209 = PLANE ( 'NONE',  #2377 ) ;
#6210 = FACE_OUTER_BOUND ( 'NONE', #3952, .T. ) ;
#6211 = ORIENTED_EDGE ( 'NONE', *, *, #6411, .F. ) ;
#6212 = ORIENTED_EDGE ( 'NONE', *, *, #5764, .T. ) ;
#6213 = CARTESIAN_POINT ( 'NONE',  ( 0.0000000000000000000, 0.0000000000000000000, -1.700787401574803237 ) ) ;
#6214 =( NAMED_UNIT ( * ) PLANE_ANGLE_UNIT ( ) SI_UNIT ( $, .RADIAN. ) );
#6215 =( NAMED_UNIT ( * ) SI_UNIT ( $, .STERADIAN. ) SOLID_ANGLE_UNIT ( ) );
#6216 = PRESENTATION_LAYER_ASSIGNMENT (  '', '', ( #723 ) ) ;
#6217 = ORIENTED_EDGE ( 'NONE', *, *, #47, .F. ) ;
#6218 = DIRECTION ( 'NONE',  ( 0.0000000000000000000, 0.0000000000000000000, -1.000000000000000000 ) ) ;
#6219 = ORIENTED_EDGE ( 'NONE', *, *, #3987, .F. ) ;
#6220 = CARTESIAN_POINT ( 'NONE',  ( -0.01574803149606299191, 0.09055118110236221041, 0.0000000000000000000 ) ) ;
#6221 = DIRECTION ( 'NONE',  ( 0.0000000000000000000, 0.0000000000000000000, 1.000000000000000000 ) ) ;
#6222 =( NAMED_UNIT ( * ) PLANE_ANGLE_UNIT ( ) SI_UNIT ( $, .RADIAN. ) );
#6223 = ORIENTED_EDGE ( 'NONE', *, *, #5915, .T. ) ;
#6224 = PRESENTATION_LAYER_ASSIGNMENT (  '', '', ( #7209 ) ) ;
#6225 = DIRECTION ( 'NONE',  ( 0.0000000000000000000, 0.0000000000000000000, 1.000000000000000000 ) ) ;
#6226 =( LENGTH_UNIT ( ) NAMED_UNIT ( * ) SI_UNIT ( $, .METRE. ) );
#6227 =( GEOMETRIC_REPRESENTATION_CONTEXT ( 3 ) GLOBAL_UNCERTAINTY_ASSIGNED_CONTEXT ( ( #973 ) ) GLOBAL_UNIT_ASSIGNED_CONTEXT ( ( #8179, #7492, #2025 ) ) REPRESENTATION_CONTEXT ( 'NONE', 'WORKASPACE' ) );
#6228 = FILL_AREA_STYLE_COLOUR ( '', #158 ) ;
#6229 = VERTEX_POINT ( 'NONE', #5908 ) ;
#6230 =( LENGTH_UNIT ( ) NAMED_UNIT ( * ) SI_UNIT ( $, .METRE. ) );
#6231 =( CONVERSION_BASED_UNIT ( 'INCH', #67 ) LENGTH_UNIT ( ) NAMED_UNIT ( #1566 ) );
#6232 = DIMENSIONAL_EXPONENTS ( 1.000000000000000000, 0.0000000000000000000, 0.0000000000000000000, 0.0000000000000000000, 0.0000000000000000000, 0.0000000000000000000, 0.0000000000000000000 ) ;
#6233 = CARTESIAN_POINT ( 'NONE',  ( 0.1141732283464566844, 0.02952755905511811330, -1.385826771653543510 ) ) ;
#6234 = CARTESIAN_POINT ( 'NONE',  ( -0.04429133858267754464, -0.07671484876043234424, 0.03937007874015747977 ) ) ;
#6235 = VERTEX_POINT ( 'NONE', #3260 ) ;
#6236 = CARTESIAN_POINT ( 'NONE',  ( 0.05511811023622047168, -0.07874015748031495954, 0.1968503936985494807 ) ) ;
#6237 = VECTOR ( 'NONE', #2253, 39.37007874015748143 ) ;
#6238 = DIRECTION ( 'NONE',  ( 1.000000000000000000, 0.0000000000000000000, 0.0000000000000000000 ) ) ;
#6239 = VECTOR ( 'NONE', #5378, 39.37007874015748143 ) ;
#6240 = DIRECTION ( 'NONE',  ( 0.0000000000000000000, 0.0000000000000000000, -1.000000000000000000 ) ) ;
#6241 = ADVANCED_FACE ( 'NONE', ( #8643 ), #2553, .T. ) ;
#6242 = DIRECTION ( 'NONE',  ( 0.0000000000000000000, 0.0000000000000000000, 1.000000000000000000 ) ) ;
#6243 = PRESENTATION_LAYER_ASSIGNMENT (  '', '', ( #2576 ) ) ;
#6244 = ORIENTED_EDGE ( 'NONE', *, *, #6518, .F. ) ;
#6245 = CYLINDRICAL_SURFACE ( 'NONE', #1911, 0.2755905511811023723 ) ;
#6246 = VERTEX_POINT ( 'NONE', #3355 ) ;
#6247 = LINE ( 'NONE', #1568, #5795 ) ;
#6248 = ORIENTED_EDGE ( 'NONE', *, *, #123, .F. ) ;
#6249 = EDGE_CURVE ( 'NONE', #7516, #1111, #2687, .T. ) ;
#6250 =( LENGTH_UNIT ( ) NAMED_UNIT ( * ) SI_UNIT ( $, .METRE. ) );
#6251 =( LENGTH_UNIT ( ) NAMED_UNIT ( * ) SI_UNIT ( $, .METRE. ) );
#6252 = DIRECTION ( 'NONE',  ( 0.0000000000000000000, 1.000000000000000000, 0.0000000000000000000 ) ) ;
#6253 = AXIS2_PLACEMENT_3D ( 'NONE', #3497, #4090, #2833 ) ;
#6254 = PRESENTATION_STYLE_ASSIGNMENT (( #2321 ) ) ;
#6255 = ORIENTED_EDGE ( 'NONE', *, *, #6808, .F. ) ;
#6256 =( NAMED_UNIT ( * ) SI_UNIT ( $, .STERADIAN. ) SOLID_ANGLE_UNIT ( ) );
#6257 = DIRECTION ( 'NONE',  ( 1.000000000000000000, 0.0000000000000000000, 0.0000000000000000000 ) ) ;
#6258 = ORIENTED_EDGE ( 'NONE', *, *, #700, .T. ) ;
#6259 = EDGE_CURVE ( 'NONE', #6246, #1797, #779, .T. ) ;
#6260 = CARTESIAN_POINT ( 'NONE',  ( -0.02952755905511811330, -0.1141732283464566844, -1.543307086614173151 ) ) ;
#6261 = MECHANICAL_DESIGN_GEOMETRIC_PRESENTATION_REPRESENTATION (  '', ( #2172 ), #6831 ) ;
#6262 = UNCERTAINTY_MEASURE_WITH_UNIT (LENGTH_MEASURE( 1.000000000000000082E-05 ), #73, 'distance_accuracy_value', 'NONE');
#6263 = EDGE_LOOP ( 'NONE', ( #4023, #461, #1586, #3012 ) ) ;
#6264 = PRESENTATION_STYLE_ASSIGNMENT (( #2248 ) ) ;
#6265 = ORIENTED_EDGE ( 'NONE', *, *, #848, .F. ) ;
#6266 = FILL_AREA_STYLE ('',( #7067 ) ) ;
#6267 = CARTESIAN_POINT ( 'NONE',  ( -0.02952755905511811330, 0.1141732283464566844, -1.622047244094488194 ) ) ;
#6268 = CIRCLE ( 'NONE', #5985, 0.1451771653543307283 ) ;
#6269 = PRESENTATION_STYLE_ASSIGNMENT (( #2215 ) ) ;
#6270 = UNCERTAINTY_MEASURE_WITH_UNIT (LENGTH_MEASURE( 1.000000000000000082E-05 ), #8481, 'distance_accuracy_value', 'NONE');
#6271 = DIRECTION ( 'NONE',  ( 0.0000000000000000000, 0.0000000000000000000, 1.000000000000000000 ) ) ;
#6272 = ORIENTED_EDGE ( 'NONE', *, *, #3672, .T. ) ;
#6273 =( NAMED_UNIT ( * ) PLANE_ANGLE_UNIT ( ) SI_UNIT ( $, .RADIAN. ) );
#6274 = VECTOR ( 'NONE', #5659, 39.37007874015748143 ) ;
#6275 = CARTESIAN_POINT ( 'NONE',  ( -0.09821518547154173273, 0.1435762634249768688, 0.2007874015748031260 ) ) ;
#6276 = AXIS2_PLACEMENT_3D ( 'NONE', #6590, #7968, #594 ) ;
#6277 = CARTESIAN_POINT ( 'NONE',  ( -0.02952755905511805085, -0.09389165368277066492, -1.385826771653543510 ) ) ;
#6278 =( LENGTH_UNIT ( ) NAMED_UNIT ( * ) SI_UNIT ( $, .METRE. ) );
#6279 =( LENGTH_UNIT ( ) NAMED_UNIT ( * ) SI_UNIT ( $, .METRE. ) );
#6280 = FILL_AREA_STYLE_COLOUR ( '', #6942 ) ;
#6281 =( GEOMETRIC_REPRESENTATION_CONTEXT ( 3 ) GLOBAL_UNCERTAINTY_ASSIGNED_CONTEXT ( ( #5018 ) ) GLOBAL_UNIT_ASSIGNED_CONTEXT ( ( #4002, #5928, #8117 ) ) REPRESENTATION_CONTEXT ( 'NONE', 'WORKASPACE' ) );
#6282 = MECHANICAL_DESIGN_GEOMETRIC_PRESENTATION_REPRESENTATION (  '', ( #5717 ), #2766 ) ;
#6283 = DIMENSIONAL_EXPONENTS ( 1.000000000000000000, 0.0000000000000000000, 0.0000000000000000000, 0.0000000000000000000, 0.0000000000000000000, 0.0000000000000000000, 0.0000000000000000000 ) ;
#6284 = CIRCLE ( 'NONE', #524, 0.1614173228346456601 ) ;
#6285 = EDGE_CURVE ( 'NONE', #6866, #1060, #4236, .T. ) ;
#6286 = LINE ( 'NONE', #623, #6479 ) ;
#6287 = ORIENTED_EDGE ( 'NONE', *, *, #4627, .F. ) ;
#6288 = DIRECTION ( 'NONE',  ( -0.0000000000000000000, -0.0000000000000000000, -1.000000000000000000 ) ) ;
#6289 =( LENGTH_UNIT ( ) NAMED_UNIT ( * ) SI_UNIT ( $, .METRE. ) );
#6290 = EDGE_LOOP ( 'NONE', ( #7350, #1153 ) ) ;
#6291 = AXIS2_PLACEMENT_3D ( 'NONE', #1826, #4556, #7971 ) ;
#6292 = SURFACE_SIDE_STYLE ('',( #81 ) ) ;
#6293 = ORIENTED_EDGE ( 'NONE', *, *, #2191, .T. ) ;
#6294 = CARTESIAN_POINT ( 'NONE',  ( -0.1009673307018807836, -0.1407609965404374996, 0.2007874015748031260 ) ) ;
#6295 = PLANE ( 'NONE',  #7292 ) ;
#6296 = STYLED_ITEM ( 'NONE', ( #1232 ), #3600 ) ;
#6297 = LINE ( 'NONE', #5715, #6932 ) ;
#6298 = FILL_AREA_STYLE ('',( #8412 ) ) ;
#6299 = EDGE_CURVE ( 'NONE', #7414, #2117, #2605, .T. ) ;
#6300 = DIRECTION ( 'NONE',  ( -0.0000000000000000000, -0.0000000000000000000, -1.000000000000000000 ) ) ;
#6301 = VERTEX_POINT ( 'NONE', #2080 ) ;
#6302 = LENGTH_MEASURE_WITH_UNIT ( LENGTH_MEASURE( 0.02539999999999999897 ), #3605 );
#6303 =( NAMED_UNIT ( * ) SI_UNIT ( $, .STERADIAN. ) SOLID_ANGLE_UNIT ( ) );
#6304 = VERTEX_POINT ( 'NONE', #8192 ) ;
#6305 =( LENGTH_UNIT ( ) NAMED_UNIT ( * ) SI_UNIT ( $, .METRE. ) );
#6306 = VECTOR ( 'NONE', #373, 39.37007874015748143 ) ;
#6307 = DIMENSIONAL_EXPONENTS ( 1.000000000000000000, 0.0000000000000000000, 0.0000000000000000000, 0.0000000000000000000, 0.0000000000000000000, 0.0000000000000000000, 0.0000000000000000000 ) ;
#6308 = EDGE_CURVE ( 'NONE', #71, #7139, #2156, .T. ) ;
#6309 = EDGE_CURVE ( 'NONE', #4227, #2258, #4836, .T. ) ;
#6310 = STYLED_ITEM ( 'NONE', ( #4603 ), #7459 ) ;
#6311 = VERTEX_POINT ( 'NONE', #7465 ) ;
#6312 = PLANE ( 'NONE',  #7853 ) ;
#6313 = CARTESIAN_POINT ( 'NONE',  ( 0.02952755905511811330, -0.1141732283464566844, -1.622047244094488194 ) ) ;
#6314 = PLANE ( 'NONE',  #2318 ) ;
#6315 = ORIENTED_EDGE ( 'NONE', *, *, #931, .F. ) ;
#6316 = SURFACE_STYLE_FILL_AREA ( #6266 ) ;
#6317 = CIRCLE ( 'NONE', #2225, 0.09842519685039410882 ) ;
#6318 = DIRECTION ( 'NONE',  ( 1.000000000000000000, 0.0000000000000000000, 0.0000000000000000000 ) ) ;
#6319 = CARTESIAN_POINT ( 'NONE',  ( -0.08858267716535508929, 0.1534296975208646885, 0.2007874015748031260 ) ) ;
#6320 = VECTOR ( 'NONE', #3068, 39.37007874015748143 ) ;
#6321 = DIRECTION ( 'NONE',  ( 0.0000000000000000000, 0.0000000000000000000, -1.000000000000000000 ) ) ;
#6322 = CARTESIAN_POINT ( 'NONE',  ( -0.05229675996774407754, -0.1443627238866406759, 0.2007874015748031260 ) ) ;
#6323 = COLOUR_RGB ( '',0.7450980392156862919, 0.7450980392156862919, 0.7450980392156862919 ) ;
#6324 = PLANE ( 'NONE',  #425 ) ;
#6325 = ORIENTED_EDGE ( 'NONE', *, *, #4321, .T. ) ;
#6326 =( LENGTH_UNIT ( ) NAMED_UNIT ( * ) SI_UNIT ( $, .METRE. ) );
#6327 =( GEOMETRIC_REPRESENTATION_CONTEXT ( 3 ) GLOBAL_UNCERTAINTY_ASSIGNED_CONTEXT ( ( #711 ) ) GLOBAL_UNIT_ASSIGNED_CONTEXT ( ( #4867, #867, #6743 ) ) REPRESENTATION_CONTEXT ( 'NONE', 'WORKASPACE' ) );
#6328 =( LENGTH_UNIT ( ) NAMED_UNIT ( * ) SI_UNIT ( $, .METRE. ) );
#6329 = PRESENTATION_STYLE_ASSIGNMENT (( #3631 ) ) ;
#6330 = PRESENTATION_LAYER_ASSIGNMENT (  '', '', ( #1970 ) ) ;
#6331 = CARTESIAN_POINT ( 'NONE',  ( 0.1141732283464566844, -0.02952755905511811330, -1.267716535433071057 ) ) ;
#6332 = VECTOR ( 'NONE', #6761, 39.37007874015748143 ) ;
#6333 = CARTESIAN_POINT ( 'NONE',  ( 0.0000000000000000000, 0.0000000000000000000, -1.425196850393700698 ) ) ;
#6334 = EDGE_LOOP ( 'NONE', ( #2353, #8438, #6182, #7955 ) ) ;
#6335 = SURFACE_STYLE_FILL_AREA ( #6827 ) ;
#6336 = ORIENTED_EDGE ( 'NONE', *, *, #1997, .F. ) ;
#6337 = VERTEX_POINT ( 'NONE', #5374 ) ;
#6338 = DIRECTION ( 'NONE',  ( -1.000000000000000000, 0.0000000000000000000, 0.0000000000000000000 ) ) ;
#6339 = PLANE ( 'NONE',  #4067 ) ;
#6340 = CARTESIAN_POINT ( 'NONE',  ( 0.09389165368277065105, 0.02952755905511811330, -1.503937007874015741 ) ) ;
#6341 = DIRECTION ( 'NONE',  ( 1.000000000000000000, 0.0000000000000000000, 0.0000000000000000000 ) ) ;
#6342 = SURFACE_STYLE_USAGE ( .BOTH. , #5590 ) ;
#6343 = ORIENTED_EDGE ( 'NONE', *, *, #1092, .F. ) ;
#6344 = DIMENSIONAL_EXPONENTS ( 1.000000000000000000, 0.0000000000000000000, 0.0000000000000000000, 0.0000000000000000000, 0.0000000000000000000, 0.0000000000000000000, 0.0000000000000000000 ) ;
#6345 = LINE ( 'NONE', #2279, #3061 ) ;
#6346 =( GEOMETRIC_REPRESENTATION_CONTEXT ( 3 ) GLOBAL_UNCERTAINTY_ASSIGNED_CONTEXT ( ( #3362 ) ) GLOBAL_UNIT_ASSIGNED_CONTEXT ( ( #4264, #250, #7001 ) ) REPRESENTATION_CONTEXT ( 'NONE', 'WORKASPACE' ) );
#6347 = DIRECTION ( 'NONE',  ( 0.0000000000000000000, 0.0000000000000000000, -1.000000000000000000 ) ) ;
#6348 = VERTEX_POINT ( 'NONE', #6802 ) ;
#6349 = DIRECTION ( 'NONE',  ( 0.0000000000000000000, 0.0000000000000000000, -1.000000000000000000 ) ) ;
#6350 = EDGE_CURVE ( 'NONE', #5756, #1015, #4851, .T. ) ;
#6351 = AXIS2_PLACEMENT_3D ( 'NONE', #6812, #6185, #5068 ) ;
#6352 = FILL_AREA_STYLE ('',( #5686 ) ) ;
#6353 = VERTEX_POINT ( 'NONE', #3442 ) ;
#6354 = CARTESIAN_POINT ( 'NONE',  ( -0.1482529527559054983, 1.824991923557125381E-17, -1.503937007874015741 ) ) ;
#6355 = FILL_AREA_STYLE ('',( #1681 ) ) ;
#6356 = ORIENTED_EDGE ( 'NONE', *, *, #1889, .F. ) ;
#6357 = EDGE_CURVE ( 'NONE', #1477, #952, #6268, .T. ) ;
#6358 = ADVANCED_FACE ( 'NONE', ( #9 ), #790, .T. ) ;
#6359 = DIMENSIONAL_EXPONENTS ( 1.000000000000000000, 0.0000000000000000000, 0.0000000000000000000, 0.0000000000000000000, 0.0000000000000000000, 0.0000000000000000000, 0.0000000000000000000 ) ;
#6360 = UNCERTAINTY_MEASURE_WITH_UNIT (LENGTH_MEASURE( 1.000000000000000082E-05 ), #6086, 'distance_accuracy_value', 'NONE');
#6361 = AXIS2_PLACEMENT_3D ( 'NONE', #8365, #389, #7764 ) ;
#6362 = DIRECTION ( 'NONE',  ( 0.0000000000000000000, 1.000000000000000000, 0.0000000000000000000 ) ) ;
#6363 = AXIS2_PLACEMENT_3D ( 'NONE', #8666, #1096, #5971 ) ;
#6364 = PRESENTATION_STYLE_ASSIGNMENT (( #5655 ) ) ;
#6365 = ORIENTED_EDGE ( 'NONE', *, *, #1175, .F. ) ;
#6366 = CARTESIAN_POINT ( 'NONE',  ( 0.0000000000000000000, 0.0000000000000000000, -1.661417322834645827 ) ) ;
#6367 = DIRECTION ( 'NONE',  ( 0.0000000000000000000, 0.0000000000000000000, 1.000000000000000000 ) ) ;
#6368 = EDGE_CURVE ( 'NONE', #831, #1745, #4403, .T. ) ;
#6369 = FACE_BOUND ( 'NONE', #401, .T. ) ;
#6370 = AXIS2_PLACEMENT_3D ( 'NONE', #2463, #5150, #8740 ) ;
#6371 = DIRECTION ( 'NONE',  ( -1.000000000000000000, 0.0000000000000000000, 0.0000000000000000000 ) ) ;
#6372 = ORIENTED_EDGE ( 'NONE', *, *, #1224, .F. ) ;
#6373 = CIRCLE ( 'NONE', #4272, 0.09842519685039410882 ) ;
#6374 =( NAMED_UNIT ( * ) SI_UNIT ( $, .STERADIAN. ) SOLID_ANGLE_UNIT ( ) );
#6375 = CONICAL_SURFACE ( 'NONE', #611, 0.1377952755905511584, 0.03904264995516706221 ) ;
#6376 = DIRECTION ( 'NONE',  ( 1.000000000000000000, 0.0000000000000000000, 0.0000000000000000000 ) ) ;
#6377 = ORIENTED_EDGE ( 'NONE', *, *, #6357, .T. ) ;
#6378 = DIRECTION ( 'NONE',  ( 1.000000000000000000, 0.0000000000000000000, 0.0000000000000000000 ) ) ;
#6379 = EDGE_LOOP ( 'NONE', ( #1341, #2163, #1457, #2123 ) ) ;
#6380 = PRESENTATION_STYLE_ASSIGNMENT (( #4485 ) ) ;
#6381 = PRESENTATION_STYLE_ASSIGNMENT (( #3595 ) ) ;
#6382 = VECTOR ( 'NONE', #3553, 39.37007874015748143 ) ;
#6383 = FILL_AREA_STYLE_COLOUR ( '', #438 ) ;
#6384 = EDGE_LOOP ( 'NONE', ( #917, #1528, #4575, #2719 ) ) ;
#6385 = STYLED_ITEM ( 'NONE', ( #825 ), #1890 ) ;
#6386 = FACE_OUTER_BOUND ( 'NONE', #6887, .T. ) ;
#6387 = LENGTH_MEASURE_WITH_UNIT ( LENGTH_MEASURE( 0.02539999999999999897 ), #262 );
#6388 = ORIENTED_EDGE ( 'NONE', *, *, #4990, .T. ) ;
#6389 = COLOUR_RGB ( '',0.2509803921568627416, 0.2509803921568627416, 0.2509803921568627416 ) ;
#6390 = DIRECTION ( 'NONE',  ( 0.0000000000000000000, 0.0000000000000000000, -1.000000000000000000 ) ) ;
#6391 = EDGE_CURVE ( 'NONE', #6047, #8266, #1349, .T. ) ;
#6392 = ORIENTED_EDGE ( 'NONE', *, *, #4831, .F. ) ;
#6393 = FILL_AREA_STYLE_COLOUR ( '', #2195 ) ;
#6394 = SURFACE_SIDE_STYLE ('',( #2381 ) ) ;
#6395 = VERTEX_POINT ( 'NONE', #4446 ) ;
#6396 = AXIS2_PLACEMENT_3D ( 'NONE', #3866, #3957, #8625 ) ;
#6397 = FACE_OUTER_BOUND ( 'NONE', #3999, .T. ) ;
#6398 = PRESENTATION_STYLE_ASSIGNMENT (( #4896 ) ) ;
#6399 = DIMENSIONAL_EXPONENTS ( 1.000000000000000000, 0.0000000000000000000, 0.0000000000000000000, 0.0000000000000000000, 0.0000000000000000000, 0.0000000000000000000, 0.0000000000000000000 ) ;
#6400 = CARTESIAN_POINT ( 'NONE',  ( 0.05511811023622045780, 0.07874015748031495954, 0.1968503936985494807 ) ) ;
#6401 = MECHANICAL_DESIGN_GEOMETRIC_PRESENTATION_REPRESENTATION (  '', ( #6839 ), #4162 ) ;
#6402 = CARTESIAN_POINT ( 'NONE',  ( 1.280553747030123384E-17, 0.09055118110236221041, 0.1968503937007874127 ) ) ;
#6403 = ADVANCED_FACE ( 'NONE', ( #4923, #3695 ), #4367, .F. ) ;
#6404 = ORIENTED_EDGE ( 'NONE', *, *, #4507, .F. ) ;
#6405 = FILL_AREA_STYLE ('',( #1599 ) ) ;
#6406 = SURFACE_SIDE_STYLE ('',( #5704 ) ) ;
#6407 = VECTOR ( 'NONE', #3729, 39.37007874015748143 ) ;
#6408 = FACE_BOUND ( 'NONE', #579, .T. ) ;
#6409 = DIRECTION ( 'NONE',  ( 1.000000000000000000, 1.776356839400250465E-15, 0.0000000000000000000 ) ) ;
#6410 = AXIS2_PLACEMENT_3D ( 'NONE', #3467, #6157, #2800 ) ;
#6411 = EDGE_CURVE ( 'NONE', #6301, #4011, #6707, .T. ) ;
#6412 =( GEOMETRIC_REPRESENTATION_CONTEXT ( 3 ) GLOBAL_UNCERTAINTY_ASSIGNED_CONTEXT ( ( #4594 ) ) GLOBAL_UNIT_ASSIGNED_CONTEXT ( ( #5959, #4037, #4085 ) ) REPRESENTATION_CONTEXT ( 'NONE', 'WORKASPACE' ) );
#6413 = VERTEX_POINT ( 'NONE', #224 ) ;
#6414 = EDGE_CURVE ( 'NONE', #7265, #3549, #7016, .T. ) ;
#6415 = VECTOR ( 'NONE', #2164, 39.37007874015748143 ) ;
#6416 = LINE ( 'NONE', #7086, #7122 ) ;
#6417 =( NAMED_UNIT ( * ) PLANE_ANGLE_UNIT ( ) SI_UNIT ( $, .RADIAN. ) );
#6418 = VERTEX_POINT ( 'NONE', #2241 ) ;
#6419 = SURFACE_STYLE_USAGE ( .BOTH. , #6292 ) ;
#6420 = ORIENTED_EDGE ( 'NONE', *, *, #7991, .F. ) ;
#6421 = CARTESIAN_POINT ( 'NONE',  ( 0.1141732283464566844, 0.02952755905511811330, -1.503937007874015741 ) ) ;
#6422 = CARTESIAN_POINT ( 'NONE',  ( 0.02952755905511810289, 0.09389165368277065105, -1.661417322834645827 ) ) ;
#6423 =( NAMED_UNIT ( * ) PLANE_ANGLE_UNIT ( ) SI_UNIT ( $, .RADIAN. ) );
#6424 =( GEOMETRIC_REPRESENTATION_CONTEXT ( 3 ) GLOBAL_UNCERTAINTY_ASSIGNED_CONTEXT ( ( #6262 ) ) GLOBAL_UNIT_ASSIGNED_CONTEXT ( ( #73, #4781, #7484 ) ) REPRESENTATION_CONTEXT ( 'NONE', 'WORKASPACE' ) );
#6425 =( NAMED_UNIT ( * ) PLANE_ANGLE_UNIT ( ) SI_UNIT ( $, .RADIAN. ) );
#6426 = AXIS2_PLACEMENT_3D ( 'NONE', #5066, #7065, #7149 ) ;
#6427 = PRESENTATION_LAYER_ASSIGNMENT (  '', '', ( #1501 ) ) ;
#6428 = AXIS2_PLACEMENT_3D ( 'NONE', #6751, #835, #707 ) ;
#6429 =( NAMED_UNIT ( * ) PLANE_ANGLE_UNIT ( ) SI_UNIT ( $, .RADIAN. ) );
#6430 = ORIENTED_EDGE ( 'NONE', *, *, #640, .F. ) ;
#6431 =( CONVERSION_BASED_UNIT ( 'INCH', #1616 ) LENGTH_UNIT ( ) NAMED_UNIT ( #499 ) );
#6432 = DIRECTION ( 'NONE',  ( 0.0000000000000000000, 0.0000000000000000000, 1.000000000000000000 ) ) ;
#6433 = FILL_AREA_STYLE_COLOUR ( '', #4311 ) ;
#6434 = EDGE_LOOP ( 'NONE', ( #6293, #2740, #668, #4404 ) ) ;
#6435 = DIRECTION ( 'NONE',  ( 1.000000000000000000, 0.0000000000000000000, 0.0000000000000000000 ) ) ;
#6436 = DIRECTION ( 'NONE',  ( 0.0000000000000000000, 0.0000000000000000000, 1.000000000000000000 ) ) ;
#6437 = VECTOR ( 'NONE', #7455, 39.37007874015748143 ) ;
#6438 = UNCERTAINTY_MEASURE_WITH_UNIT (LENGTH_MEASURE( 1.000000000000000082E-05 ), #2884, 'distance_accuracy_value', 'NONE');
#6439 = CARTESIAN_POINT ( 'NONE',  ( -0.1141732283464566844, 0.02952755905511811330, -1.700787401574803237 ) ) ;
#6440 = ORIENTED_EDGE ( 'NONE', *, *, #604, .F. ) ;
#6441 = LINE ( 'NONE', #5772, #1271 ) ;
#6442 =( NAMED_UNIT ( * ) PLANE_ANGLE_UNIT ( ) SI_UNIT ( $, .RADIAN. ) );
#6443 = ORIENTED_EDGE ( 'NONE', *, *, #1140, .T. ) ;
#6444 = FACE_OUTER_BOUND ( 'NONE', #4834, .T. ) ;
#6445 = DIRECTION ( 'NONE',  ( -1.000000000000000000, 0.0000000000000000000, 0.0000000000000000000 ) ) ;
#6446 = PLANE ( 'NONE',  #6665 ) ;
#6447 = CYLINDRICAL_SURFACE ( 'NONE', #837, 0.09842519685039370636 ) ;
#6448 = FACE_OUTER_BOUND ( 'NONE', #2144, .T. ) ;
#6449 = ADVANCED_FACE ( 'NONE', ( #929, #7673 ), #1619, .F. ) ;
#6450 = PRESENTATION_STYLE_ASSIGNMENT (( #3177 ) ) ;
#6451 = MECHANICAL_DESIGN_GEOMETRIC_PRESENTATION_REPRESENTATION (  '', ( #3209 ), #8749 ) ;
#6452 = UNCERTAINTY_MEASURE_WITH_UNIT (LENGTH_MEASURE( 1.000000000000000082E-05 ), #1169, 'distance_accuracy_value', 'NONE');
#6453 = CARTESIAN_POINT ( 'NONE',  ( 0.0000000000000000000, 0.0000000000000000000, 0.0000000000000000000 ) ) ;
#6454 = FILL_AREA_STYLE ('',( #5614 ) ) ;
#6455 = ORIENTED_EDGE ( 'NONE', *, *, #2943, .F. ) ;
#6456 = FACE_OUTER_BOUND ( 'NONE', #7658, .T. ) ;
#6457 =( CONVERSION_BASED_UNIT ( 'INCH', #8484 ) LENGTH_UNIT ( ) NAMED_UNIT ( #2573 ) );
#6458 = MECHANICAL_DESIGN_GEOMETRIC_PRESENTATION_REPRESENTATION (  '', ( #7887 ), #827 ) ;
#6459 = DIRECTION ( 'NONE',  ( 0.0000000000000000000, 1.000000000000000000, 0.0000000000000000000 ) ) ;
#6460 = MECHANICAL_DESIGN_GEOMETRIC_PRESENTATION_REPRESENTATION (  '', ( #1521 ), #6615 ) ;
#6461 = DIRECTION ( 'NONE',  ( -1.000000000000000000, 0.0000000000000000000, 0.0000000000000000000 ) ) ;
#6462 = ADVANCED_FACE ( 'NONE', ( #4622 ), #7948, .T. ) ;
#6463 = AXIS2_PLACEMENT_3D ( 'NONE', #772, #8390, #4253 ) ;
#6464 = DIMENSIONAL_EXPONENTS ( 1.000000000000000000, 0.0000000000000000000, 0.0000000000000000000, 0.0000000000000000000, 0.0000000000000000000, 0.0000000000000000000, 0.0000000000000000000 ) ;
#6465 = COLOUR_RGB ( '',0.2509803921568627416, 0.2509803921568627416, 0.2509803921568627416 ) ;
#6466 = PRESENTATION_STYLE_ASSIGNMENT (( #2967 ) ) ;
#6467 = VERTEX_POINT ( 'NONE', #6834 ) ;
#6468 = LENGTH_MEASURE_WITH_UNIT ( LENGTH_MEASURE( 0.02539999999999999897 ), #381 );
#6469 = CARTESIAN_POINT ( 'NONE',  ( 0.02952755905511810289, 0.09389165368277065105, -1.385826771653543510 ) ) ;
#6470 =( LENGTH_UNIT ( ) NAMED_UNIT ( * ) SI_UNIT ( $, .METRE. ) );
#6471 = CIRCLE ( 'NONE', #3221, 0.007874015748031482076 ) ;
#6472 = EDGE_LOOP ( 'NONE', ( #8232, #6315 ) ) ;
#6473 = DIRECTION ( 'NONE',  ( 0.0000000000000000000, 0.0000000000000000000, -1.000000000000000000 ) ) ;
#6474 = CARTESIAN_POINT ( 'NONE',  ( -0.09389165368277065105, -0.02952755905511811330, -1.385826771653543510 ) ) ;
#6475 = AXIS2_PLACEMENT_3D ( 'NONE', #8427, #8511, #5817 ) ;
#6476 = ADVANCED_FACE ( 'NONE', ( #4060 ), #3431, .T. ) ;
#6477 = PLANE ( 'NONE',  #1039 ) ;
#6478 = ADVANCED_FACE ( 'NONE', ( #3474 ), #4992, .F. ) ;
#6479 = VECTOR ( 'NONE', #8357, 39.37007874015748143 ) ;
#6480 = EDGE_LOOP ( 'NONE', ( #3512, #6123 ) ) ;
#6481 =( NAMED_UNIT ( * ) SI_UNIT ( $, .STERADIAN. ) SOLID_ANGLE_UNIT ( ) );
#6482 = EDGE_LOOP ( 'NONE', ( #1378, #8696, #8539, #2292 ) ) ;
#6483 =( NAMED_UNIT ( * ) SI_UNIT ( $, .STERADIAN. ) SOLID_ANGLE_UNIT ( ) );
#6484 = VECTOR ( 'NONE', #504, 39.37007874015748143 ) ;
#6485 = DIRECTION ( 'NONE',  ( 0.0000000000000000000, 0.0000000000000000000, 1.000000000000000000 ) ) ;
#6486 = VERTEX_POINT ( 'NONE', #2879 ) ;
#6487 = VERTEX_POINT ( 'NONE', #6119 ) ;
#6488 = PRESENTATION_STYLE_ASSIGNMENT (( #8380 ) ) ;
#6489 = LINE ( 'NONE', #358, #8197 ) ;
#6490 = DIRECTION ( 'NONE',  ( -0.0000000000000000000, -0.0000000000000000000, -1.000000000000000000 ) ) ;
#6491 = ORIENTED_EDGE ( 'NONE', *, *, #2214, .T. ) ;
#6492 =( NAMED_UNIT ( * ) SI_UNIT ( $, .STERADIAN. ) SOLID_ANGLE_UNIT ( ) );
#6493 = SURFACE_STYLE_FILL_AREA ( #3807 ) ;
#6494 = FACE_OUTER_BOUND ( 'NONE', #6701, .T. ) ;
#6495 = DIRECTION ( 'NONE',  ( 0.0000000000000000000, 0.0000000000000000000, 1.000000000000000000 ) ) ;
#6496 = ORIENTED_EDGE ( 'NONE', *, *, #2361, .T. ) ;
#6497 = FILL_AREA_STYLE_COLOUR ( '', #3469 ) ;
#6498 = EDGE_CURVE ( 'NONE', #5604, #3657, #2611, .T. ) ;
#6499 = DIRECTION ( 'NONE',  ( 0.0000000000000000000, 0.0000000000000000000, 1.000000000000000000 ) ) ;
#6500 =( CONVERSION_BASED_UNIT ( 'INCH', #5300 ) LENGTH_UNIT ( ) NAMED_UNIT ( #4278 ) );
#6501 = DIRECTION ( 'NONE',  ( 0.0000000000000000000, 0.0000000000000000000, -1.000000000000000000 ) ) ;
#6502 = CARTESIAN_POINT ( 'NONE',  ( -0.1377952755905511584, 1.687505431895958879E-17, -1.771653543307086576 ) ) ;
#6503 = LINE ( 'NONE', #3051, #991 ) ;
#6504 = ORIENTED_EDGE ( 'NONE', *, *, #6104, .F. ) ;
#6505 = DIRECTION ( 'NONE',  ( 0.0000000000000000000, 0.0000000000000000000, 1.000000000000000000 ) ) ;
#6506 = LENGTH_MEASURE_WITH_UNIT ( LENGTH_MEASURE( 0.02539999999999999897 ), #3953 );
#6507 = EDGE_CURVE ( 'NONE', #7171, #5315, #3743, .T. ) ;
#6508 =( CONVERSION_BASED_UNIT ( 'INCH', #7845 ) LENGTH_UNIT ( ) NAMED_UNIT ( #5952 ) );
#6509 = PLANE ( 'NONE',  #3901 ) ;
#6510 = STYLED_ITEM ( 'NONE', ( #7761 ), #113 ) ;
#6511 = CARTESIAN_POINT ( 'NONE',  ( 0.1141732283464566844, 0.02952755905511811330, -1.346456692913385877 ) ) ;
#6512 = ORIENTED_EDGE ( 'NONE', *, *, #6988, .T. ) ;
#6513 = CARTESIAN_POINT ( 'NONE',  ( -0.1032620427632870014, 0.1439601100981748871, 0.03937007874015751446 ) ) ;
#6514 = STYLED_ITEM ( 'NONE', ( #6787 ), #1251 ) ;
#6515 = UNCERTAINTY_MEASURE_WITH_UNIT (LENGTH_MEASURE( 1.000000000000000082E-05 ), #7900, 'distance_accuracy_value', 'NONE');
#6516 = AXIS2_PLACEMENT_3D ( 'NONE', #8532, #2667, #33 ) ;
#6517 = LINE ( 'NONE', #5979, #4350 ) ;
#6518 = EDGE_CURVE ( 'NONE', #5443, #2408, #5305, .T. ) ;
#6519 = VERTEX_POINT ( 'NONE', #606 ) ;
#6520 = DIMENSIONAL_EXPONENTS ( 1.000000000000000000, 0.0000000000000000000, 0.0000000000000000000, 0.0000000000000000000, 0.0000000000000000000, 0.0000000000000000000, 0.0000000000000000000 ) ;
#6521 = CARTESIAN_POINT ( 'NONE',  ( 0.1528666338582677087, 0.0000000000000000000, -1.385826771653543510 ) ) ;
#6522 = CARTESIAN_POINT ( 'NONE',  ( 0.1141732283464566844, -0.02952755905511811330, -1.307086614173228467 ) ) ;
#6523 =( NAMED_UNIT ( * ) SI_UNIT ( $, .STERADIAN. ) SOLID_ANGLE_UNIT ( ) );
#6524 = VERTEX_POINT ( 'NONE', #8622 ) ;
#6525 = SURFACE_STYLE_USAGE ( .BOTH. , #3839 ) ;
#6526 = CIRCLE ( 'NONE', #3278, 0.01377952755905510404 ) ;
#6527 = UNCERTAINTY_MEASURE_WITH_UNIT (LENGTH_MEASURE( 1.000000000000000082E-05 ), #1577, 'distance_accuracy_value', 'NONE');
#6528 = STYLED_ITEM ( 'NONE', ( #3084 ), #1545 ) ;
#6529 = DIRECTION ( 'NONE',  ( 0.0000000000000000000, 1.000000000000000000, 0.0000000000000000000 ) ) ;
#6530 = VERTEX_POINT ( 'NONE', #7216 ) ;
#6531 = ADVANCED_FACE ( 'NONE', ( #8665 ), #6509, .F. ) ;
#6532 = ORIENTED_EDGE ( 'NONE', *, *, #1459, .F. ) ;
#6533 = EDGE_CURVE ( 'NONE', #5688, #5454, #1266, .T. ) ;
#6534 = CARTESIAN_POINT ( 'NONE',  ( 0.02952755905511811330, 0.1141732283464566844, -1.464566929133858109 ) ) ;
#6535 = FACE_OUTER_BOUND ( 'NONE', #8129, .T. ) ;
#6536 = EDGE_LOOP ( 'NONE', ( #4499, #6009, #2504, #3818 ) ) ;
#6537 = DIRECTION ( 'NONE',  ( 0.0000000000000000000, -1.000000000000000000, 0.0000000000000000000 ) ) ;
#6538 = PLANE ( 'NONE',  #3281 ) ;
#6539 = UNCERTAINTY_MEASURE_WITH_UNIT (LENGTH_MEASURE( 1.000000000000000082E-05 ), #7613, 'distance_accuracy_value', 'NONE');
#6540 = CARTESIAN_POINT ( 'NONE',  ( 0.1589224824461044627, 0.02827006693079855970, 0.03937007874015751446 ) ) ;
#6541 = ORIENTED_EDGE ( 'NONE', *, *, #101, .T. ) ;
#6542 = CIRCLE ( 'NONE', #1746, 0.01377952755905510404 ) ;
#6543 = SURFACE_SIDE_STYLE ('',( #3856 ) ) ;
#6544 = FACE_OUTER_BOUND ( 'NONE', #5761, .T. ) ;
#6545 =( NAMED_UNIT ( * ) PLANE_ANGLE_UNIT ( ) SI_UNIT ( $, .RADIAN. ) );
#6546 = LENGTH_MEASURE_WITH_UNIT ( LENGTH_MEASURE( 0.02539999999999999897 ), #8613 );
#6547 = DIRECTION ( 'NONE',  ( 0.0000000000000000000, 0.0000000000000000000, -1.000000000000000000 ) ) ;
#6548 = STYLED_ITEM ( 'NONE', ( #3314 ), #2519 ) ;
#6549 = CYLINDRICAL_SURFACE ( 'NONE', #1828, 0.003937007874015749712 ) ;
#6550 = VERTEX_POINT ( 'NONE', #4482 ) ;
#6551 = CARTESIAN_POINT ( 'NONE',  ( 0.1141732283464566844, 0.02952755905511811330, -1.700787401574803237 ) ) ;
#6552 = LINE ( 'NONE', #518, #839 ) ;
#6553 = AXIS2_PLACEMENT_3D ( 'NONE', #3526, #8241, #2206 ) ;
#6554 = CARTESIAN_POINT ( 'NONE',  ( -0.02952755905511811330, 0.1141732283464566844, -1.700787401574803237 ) ) ;
#6555 = FILL_AREA_STYLE_COLOUR ( '', #2557 ) ;
#6556 = FILL_AREA_STYLE ('',( #8626 ) ) ;
#6557 = DIRECTION ( 'NONE',  ( -0.03903273174035342546, 4.780130998780112097E-18, 0.9992379325530460488 ) ) ;
#6558 = DIRECTION ( 'NONE',  ( -0.0000000000000000000, -0.0000000000000000000, -1.000000000000000000 ) ) ;
#6559 =( GEOMETRIC_REPRESENTATION_CONTEXT ( 3 ) GLOBAL_UNCERTAINTY_ASSIGNED_CONTEXT ( ( #181 ) ) GLOBAL_UNIT_ASSIGNED_CONTEXT ( ( #5995, #585, #3168 ) ) REPRESENTATION_CONTEXT ( 'NONE', 'WORKASPACE' ) );
#6560 = EDGE_CURVE ( 'NONE', #295, #4540, #6651, .T. ) ;
#6561 = AXIS2_PLACEMENT_3D ( 'NONE', #8263, #6288, #2883 ) ;
#6562 = DIRECTION ( 'NONE',  ( 0.0000000000000000000, 1.000000000000000000, 0.0000000000000000000 ) ) ;
#6563 = PRESENTATION_STYLE_ASSIGNMENT (( #8578 ) ) ;
#6564 = ORIENTED_EDGE ( 'NONE', *, *, #7688, .T. ) ;
#6565 =( NAMED_UNIT ( * ) SI_UNIT ( $, .STERADIAN. ) SOLID_ANGLE_UNIT ( ) );
#6566 = FILL_AREA_STYLE_COLOUR ( '', #6850 ) ;
#6567 = ORIENTED_EDGE ( 'NONE', *, *, #4564, .T. ) ;
#6568 =( GEOMETRIC_REPRESENTATION_CONTEXT ( 3 ) GLOBAL_UNCERTAINTY_ASSIGNED_CONTEXT ( ( #6907 ) ) GLOBAL_UNIT_ASSIGNED_CONTEXT ( ( #6457, #4425, #1126 ) ) REPRESENTATION_CONTEXT ( 'NONE', 'WORKASPACE' ) );
#6569 = MECHANICAL_DESIGN_GEOMETRIC_PRESENTATION_REPRESENTATION (  '', ( #8284 ), #2758 ) ;
#6570 = SURFACE_SIDE_STYLE ('',( #6618 ) ) ;
#6571 = PRESENTATION_LAYER_ASSIGNMENT (  '', '', ( #5717 ) ) ;
#6572 = CARTESIAN_POINT ( 'NONE',  ( 0.02952755905511811330, -0.1141732283464566844, -1.464566929133858109 ) ) ;
#6573 = ORIENTED_EDGE ( 'NONE', *, *, #2953, .T. ) ;
#6574 = VERTEX_POINT ( 'NONE', #8710 ) ;
#6575 = FILL_AREA_STYLE ('',( #2598 ) ) ;
#6576 = PLANE ( 'NONE',  #8343 ) ;
#6577 = DIRECTION ( 'NONE',  ( 1.000000000000000000, 0.0000000000000000000, 0.0000000000000000000 ) ) ;
#6578 = VERTEX_POINT ( 'NONE', #3284 ) ;
#6579 = FACE_BOUND ( 'NONE', #744, .T. ) ;
#6580 = SURFACE_STYLE_FILL_AREA ( #8055 ) ;
#6581 = AXIS2_PLACEMENT_3D ( 'NONE', #5434, #8156, #2829 ) ;
#6582 = DIMENSIONAL_EXPONENTS ( 1.000000000000000000, 0.0000000000000000000, 0.0000000000000000000, 0.0000000000000000000, 0.0000000000000000000, 0.0000000000000000000, 0.0000000000000000000 ) ;
#6583 = SURFACE_STYLE_USAGE ( .BOTH. , #7876 ) ;
#6584 = ADVANCED_FACE ( 'NONE', ( #1921 ), #8030, .T. ) ;
#6585 = EDGE_CURVE ( 'NONE', #1525, #6771, #7400, .T. ) ;
#6586 = SURFACE_SIDE_STYLE ('',( #1121 ) ) ;
#6587 = COLOUR_RGB ( '',0.2509803921568627416, 0.2509803921568627416, 0.2509803921568627416 ) ;
#6588 = DIRECTION ( 'NONE',  ( 0.0000000000000000000, 0.0000000000000000000, 1.000000000000000000 ) ) ;
#6589 = ORIENTED_EDGE ( 'NONE', *, *, #2464, .T. ) ;
#6590 = CARTESIAN_POINT ( 'NONE',  ( 0.1771653543307086798, 0.0000000000000000000, 0.03937007874015747977 ) ) ;
#6591 = VERTEX_POINT ( 'NONE', #8075 ) ;
#6592 =( LENGTH_UNIT ( ) NAMED_UNIT ( * ) SI_UNIT ( $, .METRE. ) );
#6593 = DIRECTION ( 'NONE',  ( 1.000000000000000000, 0.0000000000000000000, 0.0000000000000000000 ) ) ;
#6594 = FACE_OUTER_BOUND ( 'NONE', #6170, .T. ) ;
#6595 = PRESENTATION_STYLE_ASSIGNMENT (( #510 ) ) ;
#6596 = AXIS2_PLACEMENT_3D ( 'NONE', #6690, #3287, #3958 ) ;
#6597 = CARTESIAN_POINT ( 'NONE',  ( 0.02952755905511810289, 0.09389165368277065105, -1.543307086614173151 ) ) ;
#6598 = DIRECTION ( 'NONE',  ( 0.0000000000000000000, 0.0000000000000000000, -1.000000000000000000 ) ) ;
#6599 = CARTESIAN_POINT ( 'NONE',  ( -0.02952755905511811330, 0.1141732283464566844, -1.661417322834645827 ) ) ;
#6600 = ORIENTED_EDGE ( 'NONE', *, *, #1090, .T. ) ;
#6601 = SURFACE_STYLE_FILL_AREA ( #8027 ) ;
#6602 = CARTESIAN_POINT ( 'NONE',  ( 0.0000000000000000000, 0.0000000000000000000, -1.425196850393700698 ) ) ;
#6603 =( LENGTH_UNIT ( ) NAMED_UNIT ( * ) SI_UNIT ( $, .METRE. ) );
#6604 = CARTESIAN_POINT ( 'NONE',  ( -0.05497864509429506441, -0.1517659404962120318, 0.4298724771940015676 ) ) ;
#6605 = SURFACE_SIDE_STYLE ('',( #5266 ) ) ;
#6606 = PRESENTATION_STYLE_ASSIGNMENT (( #4050 ) ) ;
#6607 = CARTESIAN_POINT ( 'NONE',  ( 0.02952755905511811330, -0.09389165368277023471, -1.464566929133858109 ) ) ;
#6608 = DIRECTION ( 'NONE',  ( 0.3286249371676925879, 0.9444605077352520306, 0.0000000000000000000 ) ) ;
#6609 = VECTOR ( 'NONE', #1310, 39.37007874015748143 ) ;
#6610 = CIRCLE ( 'NONE', #7596, 0.1614173228346456601 ) ;
#6611 = DIRECTION ( 'NONE',  ( 1.000000000000000000, 0.0000000000000000000, 0.0000000000000000000 ) ) ;
#6612 = DIRECTION ( 'NONE',  ( 0.9444605077352520306, -0.3286249371676925879, 0.0000000000000000000 ) ) ;
#6613 = ORIENTED_EDGE ( 'NONE', *, *, #390, .F. ) ;
#6614 = FILL_AREA_STYLE ('',( #5185 ) ) ;
#6615 =( GEOMETRIC_REPRESENTATION_CONTEXT ( 3 ) GLOBAL_UNCERTAINTY_ASSIGNED_CONTEXT ( ( #7415 ) ) GLOBAL_UNIT_ASSIGNED_CONTEXT ( ( #1523, #2718, #8174 ) ) REPRESENTATION_CONTEXT ( 'NONE', 'WORKASPACE' ) );
#6616 = ORIENTED_EDGE ( 'NONE', *, *, #5587, .T. ) ;
#6617 = EDGE_CURVE ( 'NONE', #1194, #7317, #4314, .T. ) ;
#6618 = SURFACE_STYLE_FILL_AREA ( #8045 ) ;
#6619 = AXIS2_PLACEMENT_3D ( 'NONE', #5142, #2503, #8003 ) ;
#6620 = VECTOR ( 'NONE', #7399, 39.37007874015748854 ) ;
#6621 = DIRECTION ( 'NONE',  ( 1.000000000000000000, 0.0000000000000000000, 0.0000000000000000000 ) ) ;
#6622 = ORIENTED_EDGE ( 'NONE', *, *, #7837, .F. ) ;
#6623 = STYLED_ITEM ( 'NONE', ( #4813 ), #5492 ) ;
#6624 = ORIENTED_EDGE ( 'NONE', *, *, #4895, .F. ) ;
#6625 = ADVANCED_FACE ( 'NONE', ( #1345 ), #201, .F. ) ;
#6626 = DIRECTION ( 'NONE',  ( 0.0000000000000000000, 1.000000000000000000, 0.0000000000000000000 ) ) ;
#6627 =( NAMED_UNIT ( * ) PLANE_ANGLE_UNIT ( ) SI_UNIT ( $, .RADIAN. ) );
#6628 = LINE ( 'NONE', #5157, #7109 ) ;
#6629 = VECTOR ( 'NONE', #4717, 39.37007874015748143 ) ;
#6630 = UNCERTAINTY_MEASURE_WITH_UNIT (LENGTH_MEASURE( 1.000000000000000082E-05 ), #3139, 'distance_accuracy_value', 'NONE');
#6631 = DIRECTION ( 'NONE',  ( 0.0000000000000000000, 0.0000000000000000000, 1.000000000000000000 ) ) ;
#6632 =( CONVERSION_BASED_UNIT ( 'INCH', #3940 ) LENGTH_UNIT ( ) NAMED_UNIT ( #6767 ) );
#6633 = EDGE_LOOP ( 'NONE', ( #8734, #2499, #1294, #7671 ) ) ;
#6634 = CARTESIAN_POINT ( 'NONE',  ( -0.09389165368277065105, 0.02952755905511811330, -1.700787401574803237 ) ) ;
#6635 = ORIENTED_EDGE ( 'NONE', *, *, #8541, .F. ) ;
#6636 = EDGE_CURVE ( 'NONE', #1000, #1918, #2101, .T. ) ;
#6637 = DIRECTION ( 'NONE',  ( 1.000000000000000000, 0.0000000000000000000, 0.0000000000000000000 ) ) ;
#6638 = ADVANCED_FACE ( 'NONE', ( #6823 ), #4743, .F. ) ;
#6639 = SURFACE_SIDE_STYLE ('',( #8610 ) ) ;
#6640 =( GEOMETRIC_REPRESENTATION_CONTEXT ( 3 ) GLOBAL_UNCERTAINTY_ASSIGNED_CONTEXT ( ( #4081 ) ) GLOBAL_UNIT_ASSIGNED_CONTEXT ( ( #6069, #8038, #7489 ) ) REPRESENTATION_CONTEXT ( 'NONE', 'WORKASPACE' ) );
#6641 =( LENGTH_UNIT ( ) NAMED_UNIT ( * ) SI_UNIT ( $, .METRE. ) );
#6642 = FILL_AREA_STYLE ('',( #4472 ) ) ;
#6643 = SURFACE_STYLE_FILL_AREA ( #2614 ) ;
#6644 = DIMENSIONAL_EXPONENTS ( 1.000000000000000000, 0.0000000000000000000, 0.0000000000000000000, 0.0000000000000000000, 0.0000000000000000000, 0.0000000000000000000, 0.0000000000000000000 ) ;
#6645 = AXIS2_PLACEMENT_3D ( 'NONE', #7515, #3412, #2210 ) ;
#6646 = PRESENTATION_STYLE_ASSIGNMENT (( #1263 ) ) ;
#6647 = ORIENTED_EDGE ( 'NONE', *, *, #6650, .T. ) ;
#6648 = DIRECTION ( 'NONE',  ( -1.000000000000000000, 0.0000000000000000000, 0.0000000000000000000 ) ) ;
#6649 = CARTESIAN_POINT ( 'NONE',  ( 0.1377952755905511584, 0.0000000000000000000, -1.771653543307086576 ) ) ;
#6650 = EDGE_CURVE ( 'NONE', #831, #3854, #5716, .T. ) ;
#6651 = LINE ( 'NONE', #8568, #2192 ) ;
#6652 = ORIENTED_EDGE ( 'NONE', *, *, #7776, .T. ) ;
#6653 = PLANE ( 'NONE',  #2872 ) ;
#6654 = CARTESIAN_POINT ( 'NONE',  ( -0.1032620427632870014, 0.1439601100981748871, 0.2007874015748032093 ) ) ;
#6655 = CARTESIAN_POINT ( 'NONE',  ( -0.02952755905511811330, 0.1141732283464566844, -1.543307086614173151 ) ) ;
#6656 =( CONVERSION_BASED_UNIT ( 'INCH', #2671 ) LENGTH_UNIT ( ) NAMED_UNIT ( #8416 ) );
#6657 = SURFACE_STYLE_FILL_AREA ( #1396 ) ;
#6658 = COLOUR_RGB ( '',0.7450980392156862919, 0.7450980392156862919, 0.7450980392156862919 ) ;
#6659 = FACE_OUTER_BOUND ( 'NONE', #7791, .T. ) ;
#6660 = ORIENTED_EDGE ( 'NONE', *, *, #3711, .T. ) ;
#6661 = FILL_AREA_STYLE_COLOUR ( '', #7589 ) ;
#6662 = DIRECTION ( 'NONE',  ( -1.000000000000000000, 0.0000000000000000000, 0.0000000000000000000 ) ) ;
#6663 = VERTEX_POINT ( 'NONE', #6277 ) ;
#6664 = DIRECTION ( 'NONE',  ( 0.0000000000000000000, 0.0000000000000000000, 1.000000000000000000 ) ) ;
#6665 = AXIS2_PLACEMENT_3D ( 'NONE', #3082, #3538, #2917 ) ;
#6666 = LENGTH_MEASURE_WITH_UNIT ( LENGTH_MEASURE( 0.02539999999999999897 ), #49 );
#6667 = EDGE_LOOP ( 'NONE', ( #4207, #206, #486, #5019 ) ) ;
#6668 = VERTEX_POINT ( 'NONE', #5702 ) ;
#6669 = MECHANICAL_DESIGN_GEOMETRIC_PRESENTATION_REPRESENTATION (  '', ( #7651 ), #7375 ) ;
#6670 = SURFACE_STYLE_USAGE ( .BOTH. , #5994 ) ;
#6671 = AXIS2_PLACEMENT_3D ( 'NONE', #1061, #5766, #1622 ) ;
#6672 = VERTEX_POINT ( 'NONE', #4345 ) ;
#6673 = LINE ( 'NONE', #7240, #473 ) ;
#6674 = CARTESIAN_POINT ( 'NONE',  ( 0.05118110236220473758, 0.01968503937007873988, 0.1968503937007874127 ) ) ;
#6675 = AXIS2_PLACEMENT_3D ( 'NONE', #3133, #7111, #2559 ) ;
#6676 = EDGE_CURVE ( 'NONE', #2231, #6050, #2330, .T. ) ;
#6677 = DIRECTION ( 'NONE',  ( 0.0000000000000000000, 1.000000000000000000, 0.0000000000000000000 ) ) ;
#6678 = CARTESIAN_POINT ( 'NONE',  ( 0.09842519685039370636, 1.205361022782828035E-17, -1.181102362204724310 ) ) ;
#6679 = ORIENTED_EDGE ( 'NONE', *, *, #7656, .T. ) ;
#6680 = ORIENTED_EDGE ( 'NONE', *, *, #8671, .F. ) ;
#6681 = COLOUR_RGB ( '',0.2509803921568627416, 0.2509803921568627416, 0.2509803921568627416 ) ;
#6682 = FILL_AREA_STYLE_COLOUR ( '', #5170 ) ;
#6683 = LINE ( 'NONE', #4736, #5098 ) ;
#6684 = DIRECTION ( 'NONE',  ( -0.0000000000000000000, -0.0000000000000000000, -1.000000000000000000 ) ) ;
#6685 = EDGE_CURVE ( 'NONE', #5463, #2417, #7700, .T. ) ;
#6686 = LENGTH_MEASURE_WITH_UNIT ( LENGTH_MEASURE( 0.02539999999999999897 ), #2617 );
#6687 = ORIENTED_EDGE ( 'NONE', *, *, #5572, .T. ) ;
#6688 = SURFACE_STYLE_FILL_AREA ( #5262 ) ;
#6689 = DIRECTION ( 'NONE',  ( -0.0000000000000000000, -0.0000000000000000000, -1.000000000000000000 ) ) ;
#6690 = CARTESIAN_POINT ( 'NONE',  ( -0.09887340626147853029, -0.1174716846110027968, 0.2007874015748031260 ) ) ;
#6691 = COLOUR_RGB ( '',0.2509803921568627416, 0.2509803921568627416, 0.2509803921568627416 ) ;
#6692 = SURFACE_STYLE_USAGE ( .BOTH. , #3959 ) ;
#6693 = ADVANCED_FACE ( 'NONE', ( #7037 ), #1738, .F. ) ;
#6694 = EDGE_CURVE ( 'NONE', #8593, #3682, #372, .T. ) ;
#6695 = CIRCLE ( 'NONE', #5838, 0.003937007874015741038 ) ;
#6696 = CARTESIAN_POINT ( 'NONE',  ( -0.1771653543307086798, 2.169649841009090648E-17, 0.4298724771940015676 ) ) ;
#6697 = DIRECTION ( 'NONE',  ( 0.0000000000000000000, 0.0000000000000000000, 1.000000000000000000 ) ) ;
#6698 = ORIENTED_EDGE ( 'NONE', *, *, #6912, .T. ) ;
#6699 = DIMENSIONAL_EXPONENTS ( 1.000000000000000000, 0.0000000000000000000, 0.0000000000000000000, 0.0000000000000000000, 0.0000000000000000000, 0.0000000000000000000, 0.0000000000000000000 ) ;
#6700 = FILL_AREA_STYLE ('',( #8395 ) ) ;
#6701 = EDGE_LOOP ( 'NONE', ( #7444, #6198 ) ) ;
#6702 = CARTESIAN_POINT ( 'NONE',  ( -0.1039438373518107722, -0.1234958735654132084, 0.2007874015748032093 ) ) ;
#6703 = SURFACE_STYLE_USAGE ( .BOTH. , #6570 ) ;
#6704 = PRESENTATION_LAYER_ASSIGNMENT (  '', '', ( #8133 ) ) ;
#6705 = UNCERTAINTY_MEASURE_WITH_UNIT (LENGTH_MEASURE( 1.000000000000000082E-05 ), #4591, 'distance_accuracy_value', 'NONE');
#6706 = CARTESIAN_POINT ( 'NONE',  ( 0.02952755905511811330, 0.1141732283464566844, -1.464566929133858109 ) ) ;
#6707 = CIRCLE ( 'NONE', #7123, 0.007874015748031499423 ) ;
#6708 = COLOUR_RGB ( '',0.2509803921568627416, 0.2509803921568627416, 0.2509803921568627416 ) ;
#6709 = CARTESIAN_POINT ( 'NONE',  ( -0.1497908464566929110, 1.834408806547616444E-17, -1.464566929133858109 ) ) ;
#6710 = ORIENTED_EDGE ( 'NONE', *, *, #6285, .T. ) ;
#6711 = STYLED_ITEM ( 'NONE', ( #417 ), #3109 ) ;
#6712 = DIRECTION ( 'NONE',  ( 0.0000000000000000000, -1.000000000000000000, 0.0000000000000000000 ) ) ;
#6713 = CARTESIAN_POINT ( 'NONE',  ( 0.0000000000000000000, 0.0000000000000000000, 0.03937007874015751446 ) ) ;
#6714 = DIRECTION ( 'NONE',  ( -0.0000000000000000000, -0.0000000000000000000, -1.000000000000000000 ) ) ;
#6715 = EDGE_LOOP ( 'NONE', ( #4772, #2078, #2242, #1370 ) ) ;
#6716 = SURFACE_STYLE_USAGE ( .BOTH. , #2555 ) ;
#6717 = LINE ( 'NONE', #5293, #4142 ) ;
#6718 = CIRCLE ( 'NONE', #5140, 0.01574803149606299885 ) ;
#6719 = COLOUR_RGB ( '',0.2509803921568627416, 0.2509803921568627416, 0.2509803921568627416 ) ;
#6720 = UNCERTAINTY_MEASURE_WITH_UNIT (LENGTH_MEASURE( 1.000000000000000082E-05 ), #676, 'distance_accuracy_value', 'NONE');
#6721 = DIRECTION ( 'NONE',  ( 0.0000000000000000000, -1.000000000000000000, 0.0000000000000000000 ) ) ;
#6722 = DIRECTION ( 'NONE',  ( -1.000000000000000000, 0.0000000000000000000, 0.0000000000000000000 ) ) ;
#6723 = ORIENTED_EDGE ( 'NONE', *, *, #3784, .T. ) ;
#6724 = VECTOR ( 'NONE', #1779, 39.37007874015748143 ) ;
#6725 = CARTESIAN_POINT ( 'NONE',  ( -0.01968503937007873295, 0.01968503937007873988, 0.1968503937007874127 ) ) ;
#6726 = EDGE_LOOP ( 'NONE', ( #2271, #1197, #3731, #3400 ) ) ;
#6727 = MECHANICAL_DESIGN_GEOMETRIC_PRESENTATION_REPRESENTATION (  '', ( #4872 ), #5581 ) ;
#6728 = LENGTH_MEASURE_WITH_UNIT ( LENGTH_MEASURE( 0.02539999999999999897 ), #6592 );
#6729 =( CONVERSION_BASED_UNIT ( 'INCH', #25 ) LENGTH_UNIT ( ) NAMED_UNIT ( #283 ) );
#6730 = EDGE_CURVE ( 'NONE', #7736, #1241, #2304, .T. ) ;
#6731 = CARTESIAN_POINT ( 'NONE',  ( 0.1141732283464566844, 0.02952755905511811330, -1.622047244094488194 ) ) ;
#6732 = SURFACE_SIDE_STYLE ('',( #8207 ) ) ;
#6733 = PRESENTATION_LAYER_ASSIGNMENT (  '', '', ( #4038 ) ) ;
#6734 = LENGTH_MEASURE_WITH_UNIT ( LENGTH_MEASURE( 0.02539999999999999897 ), #2747 );
#6735 = ORIENTED_EDGE ( 'NONE', *, *, #57, .F. ) ;
#6736 = PLANE ( 'NONE',  #3228 ) ;
#6737 = EDGE_CURVE ( 'NONE', #6042, #1702, #328, .T. ) ;
#6738 = FILL_AREA_STYLE ('',( #4049 ) ) ;
#6739 =( NAMED_UNIT ( * ) PLANE_ANGLE_UNIT ( ) SI_UNIT ( $, .RADIAN. ) );
#6740 = SURFACE_STYLE_FILL_AREA ( #3424 ) ;
#6741 = COLOUR_RGB ( '',0.2509803921568627416, 0.2509803921568627416, 0.2509803921568627416 ) ;
#6742 =( NAMED_UNIT ( * ) PLANE_ANGLE_UNIT ( ) SI_UNIT ( $, .RADIAN. ) );
#6743 =( NAMED_UNIT ( * ) SI_UNIT ( $, .STERADIAN. ) SOLID_ANGLE_UNIT ( ) );
#6744 =( LENGTH_UNIT ( ) NAMED_UNIT ( * ) SI_UNIT ( $, .METRE. ) );
#6745 = ORIENTED_EDGE ( 'NONE', *, *, #7646, .T. ) ;
#6746 = DIRECTION ( 'NONE',  ( 0.0000000000000000000, 0.0000000000000000000, -1.000000000000000000 ) ) ;
#6747 = LENGTH_MEASURE_WITH_UNIT ( LENGTH_MEASURE( 0.02539999999999999897 ), #4146 );
#6748 = FILL_AREA_STYLE_COLOUR ( '', #1207 ) ;
#6749 = ORIENTED_EDGE ( 'NONE', *, *, #713, .T. ) ;
#6750 = ADVANCED_FACE ( 'NONE', ( #2221 ), #8443, .F. ) ;
#6751 = CARTESIAN_POINT ( 'NONE',  ( 0.1141732283464566844, -0.02952755905511811330, -1.464566929133858109 ) ) ;
#6752 = FILL_AREA_STYLE_COLOUR ( '', #8012 ) ;
#6753 = ADVANCED_FACE ( 'NONE', ( #464 ), #2479, .F. ) ;
#6754 = CARTESIAN_POINT ( 'NONE',  ( 0.02952755905511811330, -0.09389165368277065105, -1.622047244094488194 ) ) ;
#6755 = STYLED_ITEM ( 'NONE', ( #1951 ), #7669 ) ;
#6756 =( GEOMETRIC_REPRESENTATION_CONTEXT ( 3 ) GLOBAL_UNCERTAINTY_ASSIGNED_CONTEXT ( ( #8692 ) ) GLOBAL_UNIT_ASSIGNED_CONTEXT ( ( #632, #7203, #1955 ) ) REPRESENTATION_CONTEXT ( 'NONE', 'WORKASPACE' ) );
#6757 = DIRECTION ( 'NONE',  ( -0.0000000000000000000, -0.0000000000000000000, -1.000000000000000000 ) ) ;
#6758 = VECTOR ( 'NONE', #565, 39.37007874015748143 ) ;
#6759 = EDGE_LOOP ( 'NONE', ( #6774, #8153, #1213, #5115 ) ) ;
#6760 = DIRECTION ( 'NONE',  ( 0.0000000000000000000, 1.000000000000000000, 0.0000000000000000000 ) ) ;
#6761 = DIRECTION ( 'NONE',  ( 1.000000000000000000, 0.0000000000000000000, 0.0000000000000000000 ) ) ;
#6762 = PRESENTATION_STYLE_ASSIGNMENT (( #6126 ) ) ;
#6763 = ORIENTED_EDGE ( 'NONE', *, *, #1830, .F. ) ;
#6764 = CARTESIAN_POINT ( 'NONE',  ( -0.07523309877070719076, -0.1568449773682431270, 0.03937007874015747977 ) ) ;
#6765 = AXIS2_PLACEMENT_3D ( 'NONE', #6706, #5418, #8135 ) ;
#6766 = PRESENTATION_STYLE_ASSIGNMENT (( #4027 ) ) ;
#6767 = DIMENSIONAL_EXPONENTS ( 1.000000000000000000, 0.0000000000000000000, 0.0000000000000000000, 0.0000000000000000000, 0.0000000000000000000, 0.0000000000000000000, 0.0000000000000000000 ) ;
#6768 = PRESENTATION_LAYER_ASSIGNMENT (  '', '', ( #994 ) ) ;
#6769 = FILL_AREA_STYLE_COLOUR ( '', #4771 ) ;
#6770 = SURFACE_STYLE_FILL_AREA ( #3408 ) ;
#6771 = VERTEX_POINT ( 'NONE', #1910 ) ;
#6772 = SURFACE_STYLE_USAGE ( .BOTH. , #2906 ) ;
#6773 =( NAMED_UNIT ( * ) SI_UNIT ( $, .STERADIAN. ) SOLID_ANGLE_UNIT ( ) );
#6774 = ORIENTED_EDGE ( 'NONE', *, *, #6730, .F. ) ;
#6775 = CARTESIAN_POINT ( 'NONE',  ( 0.02952755905511811330, 0.1141732283464566844, -1.307086614173228467 ) ) ;
#6776 = PLANE ( 'NONE',  #5944 ) ;
#6777 = COLOUR_RGB ( '',0.7450980392156862919, 0.7450980392156862919, 0.7450980392156862919 ) ;
#6778 = CARTESIAN_POINT ( 'NONE',  ( -0.08858267716535508929, 0.1534296975208646885, 0.2007874015748031260 ) ) ;
#6779 = DIRECTION ( 'NONE',  ( 0.0000000000000000000, -1.000000000000000000, 0.0000000000000000000 ) ) ;
#6780 = CARTESIAN_POINT ( 'NONE',  ( -0.02952755905511811330, 0.1141732283464566844, -1.700787401574803237 ) ) ;
#6781 = EDGE_LOOP ( 'NONE', ( #3158, #5331, #2926, #7130 ) ) ;
#6782 = AXIS2_PLACEMENT_3D ( 'NONE', #335, #3590, #4226 ) ;
#6783 = SURFACE_SIDE_STYLE ('',( #3618 ) ) ;
#6784 = PRESENTATION_STYLE_ASSIGNMENT (( #7401 ) ) ;
#6785 =( NAMED_UNIT ( * ) SI_UNIT ( $, .STERADIAN. ) SOLID_ANGLE_UNIT ( ) );
#6786 = DIRECTION ( 'NONE',  ( 0.0000000000000000000, 1.000000000000000000, 0.0000000000000000000 ) ) ;
#6787 = PRESENTATION_STYLE_ASSIGNMENT (( #4140 ) ) ;
#6788 = COLOUR_RGB ( '',0.2509803921568627416, 0.2509803921568627416, 0.2509803921568627416 ) ;
#6789 = EDGE_CURVE ( 'NONE', #4432, #6890, #7299, .T. ) ;
#6790 = FILL_AREA_STYLE_COLOUR ( '', #1394 ) ;
#6791 = ORIENTED_EDGE ( 'NONE', *, *, #6799, .F. ) ;
#6792 = CARTESIAN_POINT ( 'NONE',  ( 0.02952755905511811330, 0.1141732283464566844, -1.582677165354331006 ) ) ;
#6793 = PRESENTATION_STYLE_ASSIGNMENT (( #7412 ) ) ;
#6794 = DIRECTION ( 'NONE',  ( 1.000000000000000000, 0.0000000000000000000, 0.0000000000000000000 ) ) ;
#6795 = ORIENTED_EDGE ( 'NONE', *, *, #2374, .F. ) ;
#6796 = FILL_AREA_STYLE ('',( #254 ) ) ;
#6797 = DIRECTION ( 'NONE',  ( 0.0000000000000000000, 0.0000000000000000000, -1.000000000000000000 ) ) ;
#6798 = AXIS2_PLACEMENT_3D ( 'NONE', #2270, #7004, #6378 ) ;
#6799 = EDGE_CURVE ( 'NONE', #1640, #3728, #4515, .T. ) ;
#6800 = EDGE_LOOP ( 'NONE', ( #3799, #4033 ) ) ;
#6801 = SURFACE_STYLE_USAGE ( .BOTH. , #8274 ) ;
#6802 = CARTESIAN_POINT ( 'NONE',  ( -0.09670693697808412093, 0.1250417925920263296, 0.2007874015748031260 ) ) ;
#6803 = VERTEX_POINT ( 'NONE', #7206 ) ;
#6804 = MECHANICAL_DESIGN_GEOMETRIC_PRESENTATION_REPRESENTATION (  '', ( #6514 ), #742 ) ;
#6805 = DIRECTION ( 'NONE',  ( 1.000000000000000000, 0.0000000000000000000, 0.0000000000000000000 ) ) ;
#6806 = ADVANCED_FACE ( 'NONE', ( #6544 ), #1257, .F. ) ;
#6807 = UNCERTAINTY_MEASURE_WITH_UNIT (LENGTH_MEASURE( 1.000000000000000082E-05 ), #86, 'distance_accuracy_value', 'NONE');
#6808 = EDGE_CURVE ( 'NONE', #4907, #2908, #3492, .T. ) ;
#6809 = CARTESIAN_POINT ( 'NONE',  ( 0.0000000000000000000, 0.0000000000000000000, -1.771653543307086576 ) ) ;
#6810 =( NAMED_UNIT ( * ) SI_UNIT ( $, .STERADIAN. ) SOLID_ANGLE_UNIT ( ) );
#6811 = EDGE_LOOP ( 'NONE', ( #2705, #5121, #1484, #5634, #6972, #165, #7332, #6897, #4730, #8589, #6855, #2646, #7739, #5740, #2782, #6496 ) ) ;
#6812 = CARTESIAN_POINT ( 'NONE',  ( 0.0000000000000000000, 0.0000000000000000000, -1.771653543307086576 ) ) ;
#6813 = ORIENTED_EDGE ( 'NONE', *, *, #2201, .T. ) ;
#6814 =( LENGTH_UNIT ( ) NAMED_UNIT ( * ) SI_UNIT ( $, .METRE. ) );
#6815 = CARTESIAN_POINT ( 'NONE',  ( -0.09389165368277065105, -0.02952755905511811330, -1.346456692913385877 ) ) ;
#6816 = FILL_AREA_STYLE ('',( #146 ) ) ;
#6817 =( NAMED_UNIT ( * ) PLANE_ANGLE_UNIT ( ) SI_UNIT ( $, .RADIAN. ) );
#6818 = PRESENTATION_STYLE_ASSIGNMENT (( #7442 ) ) ;
#6819 = CARTESIAN_POINT ( 'NONE',  ( 0.05511811023622045780, 0.07874015748031495954, 0.1968503936985494807 ) ) ;
#6820 = ORIENTED_EDGE ( 'NONE', *, *, #1193, .F. ) ;
#6821 = VECTOR ( 'NONE', #3861, 39.37007874015748143 ) ;
#6822 =( NAMED_UNIT ( * ) SI_UNIT ( $, .STERADIAN. ) SOLID_ANGLE_UNIT ( ) );
#6823 = FACE_OUTER_BOUND ( 'NONE', #7674, .T. ) ;
#6824 = SURFACE_STYLE_FILL_AREA ( #2017 ) ;
#6825 = FILL_AREA_STYLE ('',( #7405 ) ) ;
#6826 = ORIENTED_EDGE ( 'NONE', *, *, #1889, .T. ) ;
#6827 = FILL_AREA_STYLE ('',( #2717 ) ) ;
#6828 = FILL_AREA_STYLE_COLOUR ( '', #5322 ) ;
#6829 = CYLINDRICAL_SURFACE ( 'NONE', #2682, 0.003937007874015749712 ) ;
#6830 = ORIENTED_EDGE ( 'NONE', *, *, #3387, .T. ) ;
#6831 =( GEOMETRIC_REPRESENTATION_CONTEXT ( 3 ) GLOBAL_UNCERTAINTY_ASSIGNED_CONTEXT ( ( #4751 ) ) GLOBAL_UNIT_ASSIGNED_CONTEXT ( ( #4139, #738, #3464 ) ) REPRESENTATION_CONTEXT ( 'NONE', 'WORKASPACE' ) );
#6832 = FACE_OUTER_BOUND ( 'NONE', #7923, .T. ) ;
#6833 = CARTESIAN_POINT ( 'NONE',  ( 0.1141732283464566844, 0.02952755905511811330, -1.385826771653543510 ) ) ;
#6834 = CARTESIAN_POINT ( 'NONE',  ( 0.09842519685039370636, 1.205361022782828035E-17, -1.771653543307086576 ) ) ;
#6835 = VERTEX_POINT ( 'NONE', #2049 ) ;
#6836 =( NAMED_UNIT ( * ) PLANE_ANGLE_UNIT ( ) SI_UNIT ( $, .RADIAN. ) );
#6837 = FILL_AREA_STYLE_COLOUR ( '', #5513 ) ;
#6838 = EDGE_CURVE ( 'NONE', #506, #1047, #8246, .T. ) ;
#6839 = STYLED_ITEM ( 'NONE', ( #887 ), #2672 ) ;
#6840 = DIRECTION ( 'NONE',  ( 0.0000000000000000000, 0.0000000000000000000, 1.000000000000000000 ) ) ;
#6841 = ORIENTED_EDGE ( 'NONE', *, *, #7766, .F. ) ;
#6842 = LENGTH_MEASURE_WITH_UNIT ( LENGTH_MEASURE( 0.02539999999999999897 ), #6925 );
#6843 = LINE ( 'NONE', #797, #2227 ) ;
#6844 = AXIS2_PLACEMENT_3D ( 'NONE', #273, #1069, #6977 ) ;
#6845 =( NAMED_UNIT ( * ) PLANE_ANGLE_UNIT ( ) SI_UNIT ( $, .RADIAN. ) );
#6846 = ORIENTED_EDGE ( 'NONE', *, *, #7483, .T. ) ;
#6847 = VECTOR ( 'NONE', #5169, 39.37007874015748143 ) ;
#6848 = CARTESIAN_POINT ( 'NONE',  ( -0.08858267716535508929, 0.1534296975208646885, 0.03937007874015747977 ) ) ;
#6849 = EDGE_CURVE ( 'NONE', #8603, #1525, #2200, .T. ) ;
#6850 = COLOUR_RGB ( '',0.7450980392156862919, 0.7450980392156862919, 0.7450980392156862919 ) ;
#6851 = MECHANICAL_DESIGN_GEOMETRIC_PRESENTATION_REPRESENTATION (  '', ( #1919 ), #4735 ) ;
#6852 = LINE ( 'NONE', #2693, #266 ) ;
#6853 = DIRECTION ( 'NONE',  ( 1.000000000000000000, 0.0000000000000000000, 0.0000000000000000000 ) ) ;
#6854 = ORIENTED_EDGE ( 'NONE', *, *, #2956, .T. ) ;
#6855 = ORIENTED_EDGE ( 'NONE', *, *, #5975, .T. ) ;
#6856 = COLOUR_RGB ( '',0.2509803921568627416, 0.2509803921568627416, 0.2509803921568627416 ) ;
#6857 = EDGE_CURVE ( 'NONE', #1285, #2507, #5347, .T. ) ;
#6858 = CIRCLE ( 'NONE', #7697, 0.1771653543307086798 ) ;
#6859 = EDGE_CURVE ( 'NONE', #2408, #780, #2701, .T. ) ;
#6860 = AXIS2_PLACEMENT_3D ( 'NONE', #6634, #3942, #2522 ) ;
#6861 = DIRECTION ( 'NONE',  ( 0.0000000000000000000, 0.0000000000000000000, 1.000000000000000000 ) ) ;
#6862 = SURFACE_SIDE_STYLE ('',( #4214 ) ) ;
#6863 = FILL_AREA_STYLE_COLOUR ( '', #7164 ) ;
#6864 = VECTOR ( 'NONE', #6593, 39.37007874015748143 ) ;
#6865 = VECTOR ( 'NONE', #3057, 39.37007874015748143 ) ;
#6866 = VERTEX_POINT ( 'NONE', #2787 ) ;
#6867 = PLANE ( 'NONE',  #2470 ) ;
#6868 = LINE ( 'NONE', #3504, #7933 ) ;
#6869 = CARTESIAN_POINT ( 'NONE',  ( 0.09389165368277066492, -0.02952755905511809942, -1.307086614173228467 ) ) ;
#6870 = CARTESIAN_POINT ( 'NONE',  ( -0.02952755905511811330, 0.1141732283464566844, -1.267716535433071057 ) ) ;
#6871 = FACE_OUTER_BOUND ( 'NONE', #6759, .T. ) ;
#6872 = COLOUR_RGB ( '',0.7450980392156862919, 0.7450980392156862919, 0.7450980392156862919 ) ;
#6873 =( CONVERSION_BASED_UNIT ( 'INCH', #2713 ) LENGTH_UNIT ( ) NAMED_UNIT ( #876 ) );
#6874 = MECHANICAL_DESIGN_GEOMETRIC_PRESENTATION_REPRESENTATION (  '', ( #7436 ), #4325 ) ;
#6875 = ORIENTED_EDGE ( 'NONE', *, *, #1614, .T. ) ;
#6876 =( NAMED_UNIT ( * ) SI_UNIT ( $, .STERADIAN. ) SOLID_ANGLE_UNIT ( ) );
#6877 = PRESENTATION_LAYER_ASSIGNMENT (  '', '', ( #3349 ) ) ;
#6878 = PLANE ( 'NONE',  #8616 ) ;
#6879 = VERTEX_POINT ( 'NONE', #7518 ) ;
#6880 = DIRECTION ( 'NONE',  ( 0.0000000000000000000, 1.000000000000000000, 0.0000000000000000000 ) ) ;
#6881 = ORIENTED_EDGE ( 'NONE', *, *, #7564, .F. ) ;
#6882 = PLANE ( 'NONE',  #6428 ) ;
#6883 = FACE_OUTER_BOUND ( 'NONE', #865, .T. ) ;
#6884 = SURFACE_SIDE_STYLE ('',( #789 ) ) ;
#6885 =( CONVERSION_BASED_UNIT ( 'INCH', #791 ) LENGTH_UNIT ( ) NAMED_UNIT ( #1056 ) );
#6886 = AXIS2_PLACEMENT_3D ( 'NONE', #7477, #769, #4128 ) ;
#6887 = EDGE_LOOP ( 'NONE', ( #682, #2003, #7211, #1943 ) ) ;
#6888 = DIRECTION ( 'NONE',  ( -1.000000000000000000, 0.0000000000000000000, 0.0000000000000000000 ) ) ;
#6889 = AXIS2_PLACEMENT_3D ( 'NONE', #3946, #1208, #3813 ) ;
#6890 = VERTEX_POINT ( 'NONE', #145 ) ;
#6891 = DIRECTION ( 'NONE',  ( -1.000000000000000000, 0.0000000000000000000, 0.0000000000000000000 ) ) ;
#6892 = VECTOR ( 'NONE', #6362, 39.37007874015748143 ) ;
#6893 = MECHANICAL_DESIGN_GEOMETRIC_PRESENTATION_REPRESENTATION (  '', ( #688 ), #2505 ) ;
#6894 = UNCERTAINTY_MEASURE_WITH_UNIT (LENGTH_MEASURE( 1.000000000000000082E-05 ), #4375, 'distance_accuracy_value', 'NONE');
#6895 =( NAMED_UNIT ( * ) SI_UNIT ( $, .STERADIAN. ) SOLID_ANGLE_UNIT ( ) );
#6896 = ADVANCED_FACE ( 'NONE', ( #7476 ), #8204, .F. ) ;
#6897 = ORIENTED_EDGE ( 'NONE', *, *, #8205, .T. ) ;
#6898 = PRESENTATION_LAYER_ASSIGNMENT (  '', '', ( #983 ) ) ;
#6899 = SURFACE_STYLE_FILL_AREA ( #2826 ) ;
#6900 = ORIENTED_EDGE ( 'NONE', *, *, #7182, .T. ) ;
#6901 = DIRECTION ( 'NONE',  ( 0.0000000000000000000, 0.0000000000000000000, 1.000000000000000000 ) ) ;
#6902 = MECHANICAL_DESIGN_GEOMETRIC_PRESENTATION_REPRESENTATION (  '', ( #1816 ), #6327 ) ;
#6903 = SURFACE_SIDE_STYLE ('',( #5480 ) ) ;
#6904 =( NAMED_UNIT ( * ) PLANE_ANGLE_UNIT ( ) SI_UNIT ( $, .RADIAN. ) );
#6905 = DIRECTION ( 'NONE',  ( 1.000000000000000000, 0.0000000000000000000, 0.0000000000000000000 ) ) ;
#6906 = VECTOR ( 'NONE', #3238, 39.37007874015748143 ) ;
#6907 = UNCERTAINTY_MEASURE_WITH_UNIT (LENGTH_MEASURE( 1.000000000000000082E-05 ), #6457, 'distance_accuracy_value', 'NONE');
#6908 = ADVANCED_FACE ( 'NONE', ( #2092 ), #1725, .F. ) ;
#6909 = VERTEX_POINT ( 'NONE', #1588 ) ;
#6910 = DIRECTION ( 'NONE',  ( 0.03903273174035342546, 0.0000000000000000000, 0.9992379325530460488 ) ) ;
#6911 = DIMENSIONAL_EXPONENTS ( 1.000000000000000000, 0.0000000000000000000, 0.0000000000000000000, 0.0000000000000000000, 0.0000000000000000000, 0.0000000000000000000, 0.0000000000000000000 ) ;
#6912 = EDGE_CURVE ( 'NONE', #7577, #1386, #4286, .T. ) ;
#6913 = ORIENTED_EDGE ( 'NONE', *, *, #8116, .T. ) ;
#6914 = LINE ( 'NONE', #2265, #226 ) ;
#6915 = SURFACE_STYLE_FILL_AREA ( #161 ) ;
#6916 = ORIENTED_EDGE ( 'NONE', *, *, #7637, .T. ) ;
#6917 = CARTESIAN_POINT ( 'NONE',  ( 0.02952755905511811330, -0.09389165368277065105, -1.622047244094488194 ) ) ;
#6918 = ORIENTED_EDGE ( 'NONE', *, *, #4416, .T. ) ;
#6919 =( NAMED_UNIT ( * ) PLANE_ANGLE_UNIT ( ) SI_UNIT ( $, .RADIAN. ) );
#6920 = STYLED_ITEM ( 'NONE', ( #8720 ), #5803 ) ;
#6921 = DIRECTION ( 'NONE',  ( 0.0000000000000000000, 0.0000000000000000000, 1.000000000000000000 ) ) ;
#6922 = AXIS2_PLACEMENT_3D ( 'NONE', #2421, #8382, #3709 ) ;
#6923 = DIRECTION ( 'NONE',  ( 0.0000000000000000000, 0.0000000000000000000, -1.000000000000000000 ) ) ;
#6924 = ORIENTED_EDGE ( 'NONE', *, *, #4040, .T. ) ;
#6925 =( LENGTH_UNIT ( ) NAMED_UNIT ( * ) SI_UNIT ( $, .METRE. ) );
#6926 =( NAMED_UNIT ( * ) PLANE_ANGLE_UNIT ( ) SI_UNIT ( $, .RADIAN. ) );
#6927 = ORIENTED_EDGE ( 'NONE', *, *, #3043, .F. ) ;
#6928 = CARTESIAN_POINT ( 'NONE',  ( 0.02952755905511811330, -0.09389165368277023471, -1.543307086614173151 ) ) ;
#6929 = VECTOR ( 'NONE', #8506, 39.37007874015748143 ) ;
#6930 = LENGTH_MEASURE_WITH_UNIT ( LENGTH_MEASURE( 0.02539999999999999897 ), #8285 );
#6931 = EDGE_LOOP ( 'NONE', ( #1537, #3692, #4254, #5835 ) ) ;
#6932 = VECTOR ( 'NONE', #3689, 39.37007874015748143 ) ;
#6933 = LINE ( 'NONE', #852, #2478 ) ;
#6934 = PLANE ( 'NONE',  #8187 ) ;
#6935 = VECTOR ( 'NONE', #337, 39.37007874015748143 ) ;
#6936 = DIRECTION ( 'NONE',  ( 0.0000000000000000000, 1.000000000000000000, 0.0000000000000000000 ) ) ;
#6937 = ORIENTED_EDGE ( 'NONE', *, *, #5064, .F. ) ;
#6938 = FACE_OUTER_BOUND ( 'NONE', #7328, .T. ) ;
#6939 = DIRECTION ( 'NONE',  ( 0.0000000000000000000, 0.0000000000000000000, -1.000000000000000000 ) ) ;
#6940 = ADVANCED_FACE ( 'NONE', ( #6397 ), #2909, .F. ) ;
#6941 = DIRECTION ( 'NONE',  ( 0.0000000000000000000, 1.000000000000000000, 0.0000000000000000000 ) ) ;
#6942 = COLOUR_RGB ( '',0.2509803921568627416, 0.2509803921568627416, 0.2509803921568627416 ) ;
#6943 = DIRECTION ( 'NONE',  ( 1.000000000000000000, 2.168404344971008079E-15, 0.0000000000000000000 ) ) ;
#6944 = CARTESIAN_POINT ( 'NONE',  ( -0.05568291418518782343, 0.1473073747914346587, 0.4298724771940015676 ) ) ;
#6945 = ORIENTED_EDGE ( 'NONE', *, *, #6849, .T. ) ;
#6946 = MECHANICAL_DESIGN_GEOMETRIC_PRESENTATION_REPRESENTATION (  '', ( #2714 ), #3843 ) ;
#6947 = DIRECTION ( 'NONE',  ( 0.0000000000000000000, 0.0000000000000000000, -1.000000000000000000 ) ) ;
#6948 =( GEOMETRIC_REPRESENTATION_CONTEXT ( 3 ) GLOBAL_UNCERTAINTY_ASSIGNED_CONTEXT ( ( #342 ) ) GLOBAL_UNIT_ASSIGNED_CONTEXT ( ( #6130, #4925, #4885 ) ) REPRESENTATION_CONTEXT ( 'NONE', 'WORKASPACE' ) );
#6949 = LENGTH_MEASURE_WITH_UNIT ( LENGTH_MEASURE( 0.02539999999999999897 ), #2425 );
#6950 = CARTESIAN_POINT ( 'NONE',  ( 0.1141732283464566844, -0.02952755905511811330, -1.543307086614173151 ) ) ;
#6951 = DIRECTION ( 'NONE',  ( -1.000000000000000000, 0.0000000000000000000, 0.0000000000000000000 ) ) ;
#6952 = EDGE_CURVE ( 'NONE', #2117, #7414, #802, .T. ) ;
#6953 = PRESENTATION_LAYER_ASSIGNMENT (  '', '', ( #8248 ) ) ;
#6954 = FILL_AREA_STYLE_COLOUR ( '', #5619 ) ;
#6955 = ORIENTED_EDGE ( 'NONE', *, *, #6299, .F. ) ;
#6956 =( CONVERSION_BASED_UNIT ( 'INCH', #1444 ) LENGTH_UNIT ( ) NAMED_UNIT ( #1606 ) );
#6957 = FACE_OUTER_BOUND ( 'NONE', #7490, .T. ) ;
#6958 = ORIENTED_EDGE ( 'NONE', *, *, #3397, .F. ) ;
#6959 = CARTESIAN_POINT ( 'NONE',  ( 0.09389165368277066492, -0.02952755905511809942, -1.425196850393700698 ) ) ;
#6960 = ORIENTED_EDGE ( 'NONE', *, *, #1930, .T. ) ;
#6961 = CARTESIAN_POINT ( 'NONE',  ( 0.09389165368277066492, -0.02952755905511809942, -1.464566929133858109 ) ) ;
#6962 = CIRCLE ( 'NONE', #904, 0.007874015748031499423 ) ;
#6963 = FACE_OUTER_BOUND ( 'NONE', #4161, .T. ) ;
#6964 = EDGE_CURVE ( 'NONE', #8019, #7481, #8384, .T. ) ;
#6965 = ADVANCED_FACE ( 'NONE', ( #1633 ), #6076, .F. ) ;
#6966 =( NAMED_UNIT ( * ) SI_UNIT ( $, .STERADIAN. ) SOLID_ANGLE_UNIT ( ) );
#6967 = ORIENTED_EDGE ( 'NONE', *, *, #5658, .F. ) ;
#6968 = DIMENSIONAL_EXPONENTS ( 1.000000000000000000, 0.0000000000000000000, 0.0000000000000000000, 0.0000000000000000000, 0.0000000000000000000, 0.0000000000000000000, 0.0000000000000000000 ) ;
#6969 = CARTESIAN_POINT ( 'NONE',  ( 0.1513287401574803237, 0.0000000000000000000, -1.425196850393700698 ) ) ;
#6970 = FILL_AREA_STYLE ('',( #3559 ) ) ;
#6971 = SURFACE_STYLE_USAGE ( .BOTH. , #5638 ) ;
#6972 = ORIENTED_EDGE ( 'NONE', *, *, #7837, .T. ) ;
#6973 = STYLED_ITEM ( 'NONE', ( #1792 ), #2480 ) ;
#6974 = UNCERTAINTY_MEASURE_WITH_UNIT (LENGTH_MEASURE( 1.000000000000000082E-05 ), #3564, 'distance_accuracy_value', 'NONE');
#6975 = LENGTH_MEASURE_WITH_UNIT ( LENGTH_MEASURE( 0.02539999999999999897 ), #3705 );
#6976 = ORIENTED_EDGE ( 'NONE', *, *, #7827, .T. ) ;
#6977 = DIRECTION ( 'NONE',  ( 1.000000000000000000, 0.0000000000000000000, 0.0000000000000000000 ) ) ;
#6978 = ORIENTED_EDGE ( 'NONE', *, *, #7991, .T. ) ;
#6979 = CARTESIAN_POINT ( 'NONE',  ( -0.1421013779527558751, 1.749656859633198108E-17, -1.661417322834645827 ) ) ;
#6980 = CIRCLE ( 'NONE', #8276, 0.09842519685039410882 ) ;
#6981 = CARTESIAN_POINT ( 'NONE',  ( -0.02952755905511811330, -0.09389165368277065105, -1.700787401574803237 ) ) ;
#6982 = VECTOR ( 'NONE', #1479, 39.37007874015748143 ) ;
#6983 = DIMENSIONAL_EXPONENTS ( 1.000000000000000000, 0.0000000000000000000, 0.0000000000000000000, 0.0000000000000000000, 0.0000000000000000000, 0.0000000000000000000, 0.0000000000000000000 ) ;
#6984 = UNCERTAINTY_MEASURE_WITH_UNIT (LENGTH_MEASURE( 1.000000000000000082E-05 ), #6144, 'distance_accuracy_value', 'NONE');
#6985 = CARTESIAN_POINT ( 'NONE',  ( 0.1377952755905511584, 0.0000000000000000000, -1.771653543307086576 ) ) ;
#6986 = SURFACE_STYLE_FILL_AREA ( #4290 ) ;
#6987 = ORIENTED_EDGE ( 'NONE', *, *, #8047, .T. ) ;
#6988 = EDGE_CURVE ( 'NONE', #1015, #5756, #110, .T. ) ;
#6989 = AXIS2_PLACEMENT_3D ( 'NONE', #5118, #5211, #6499 ) ;
#6990 = SURFACE_STYLE_FILL_AREA ( #2108 ) ;
#6991 = PRESENTATION_LAYER_ASSIGNMENT (  '', '', ( #6711 ) ) ;
#6992 = CARTESIAN_POINT ( 'NONE',  ( -0.02952755905511811330, 0.09389165368277065105, -1.464566929133858109 ) ) ;
#6993 = SURFACE_SIDE_STYLE ('',( #1602 ) ) ;
#6994 = COLOUR_RGB ( '',0.2509803921568627416, 0.2509803921568627416, 0.2509803921568627416 ) ;
#6995 = STYLED_ITEM ( 'NONE', ( #1765 ), #3896 ) ;
#6996 = CARTESIAN_POINT ( 'NONE',  ( 0.1141732283464566844, 0.02952755905511811330, -1.661417322834645827 ) ) ;
#6997 = ORIENTED_EDGE ( 'NONE', *, *, #1175, .T. ) ;
#6998 = DIRECTION ( 'NONE',  ( 0.0000000000000000000, 0.0000000000000000000, -1.000000000000000000 ) ) ;
#6999 = CARTESIAN_POINT ( 'NONE',  ( 0.05118110236220473758, -0.01968503937007873988, 0.1968503937007874127 ) ) ;
#7000 = EDGE_CURVE ( 'NONE', #3566, #3501, #3394, .T. ) ;
#7001 =( NAMED_UNIT ( * ) SI_UNIT ( $, .STERADIAN. ) SOLID_ANGLE_UNIT ( ) );
#7002 = ORIENTED_EDGE ( 'NONE', *, *, #7817, .F. ) ;
#7003 = MECHANICAL_DESIGN_GEOMETRIC_PRESENTATION_REPRESENTATION (  '', ( #3190 ), #2073 ) ;
#7004 = DIRECTION ( 'NONE',  ( -0.0000000000000000000, -0.0000000000000000000, -1.000000000000000000 ) ) ;
#7005 = ORIENTED_EDGE ( 'NONE', *, *, #3279, .F. ) ;
#7006 = AXIS2_PLACEMENT_3D ( 'NONE', #2071, #3646, #4309 ) ;
#7007 = CARTESIAN_POINT ( 'NONE',  ( 0.1141732283464566844, -0.02952755905511811330, -1.503937007874015741 ) ) ;
#7008 = DIRECTION ( 'NONE',  ( 0.0000000000000000000, 0.0000000000000000000, -1.000000000000000000 ) ) ;
#7009 = AXIS2_PLACEMENT_3D ( 'NONE', #4365, #3694, #4401 ) ;
#7010 =( GEOMETRIC_REPRESENTATION_CONTEXT ( 3 ) GLOBAL_UNCERTAINTY_ASSIGNED_CONTEXT ( ( #6002 ) ) GLOBAL_UNIT_ASSIGNED_CONTEXT ( ( #4438, #1013, #3152 ) ) REPRESENTATION_CONTEXT ( 'NONE', 'WORKASPACE' ) );
#7011 = EDGE_CURVE ( 'NONE', #345, #6042, #1984, .T. ) ;
#7012 = ORIENTED_EDGE ( 'NONE', *, *, #7458, .T. ) ;
#7013 = ADVANCED_FACE ( 'NONE', ( #1317 ), #3755, .F. ) ;
#7014 = FILL_AREA_STYLE ('',( #5679 ) ) ;
#7015 = CARTESIAN_POINT ( 'NONE',  ( 0.1511701662292213311, -0.02689103927563765012, 0.2007874015748031260 ) ) ;
#7016 = LINE ( 'NONE', #2898, #5565 ) ;
#7017 = ORIENTED_EDGE ( 'NONE', *, *, #6207, .F. ) ;
#7018 = CARTESIAN_POINT ( 'NONE',  ( 0.0000000000000000000, 0.0000000000000000000, -1.267716535433071057 ) ) ;
#7019 = AXIS2_PLACEMENT_3D ( 'NONE', #7447, #776, #1391 ) ;
#7020 = SURFACE_SIDE_STYLE ('',( #2904 ) ) ;
#7021 = SURFACE_SIDE_STYLE ('',( #3565 ) ) ;
#7022 = EDGE_CURVE ( 'NONE', #7139, #4621, #8451, .T. ) ;
#7023 = ORIENTED_EDGE ( 'NONE', *, *, #6507, .T. ) ;
#7024 = PRESENTATION_STYLE_ASSIGNMENT (( #1067 ) ) ;
#7025 = CARTESIAN_POINT ( 'NONE',  ( 0.1723862642169728676, -0.01705977506991366785, 0.03937007874015751446 ) ) ;
#7026 = ORIENTED_EDGE ( 'NONE', *, *, #8087, .T. ) ;
#7027 = DIRECTION ( 'NONE',  ( 0.0000000000000000000, 0.0000000000000000000, 1.000000000000000000 ) ) ;
#7028 = AXIS2_PLACEMENT_3D ( 'NONE', #3716, #2256, #5654 ) ;
#7029 =( CONVERSION_BASED_UNIT ( 'INCH', #277 ) LENGTH_UNIT ( ) NAMED_UNIT ( #3534 ) );
#7030 = DIMENSIONAL_EXPONENTS ( 1.000000000000000000, 0.0000000000000000000, 0.0000000000000000000, 0.0000000000000000000, 0.0000000000000000000, 0.0000000000000000000, 0.0000000000000000000 ) ;
#7031 = VECTOR ( 'NONE', #1017, 39.37007874015748143 ) ;
#7032 = DIRECTION ( 'NONE',  ( 0.0000000000000000000, -1.000000000000000000, 0.0000000000000000000 ) ) ;
#7033 = DIRECTION ( 'NONE',  ( 0.0000000000000000000, 1.000000000000000000, 0.0000000000000000000 ) ) ;
#7034 = ORIENTED_EDGE ( 'NONE', *, *, #858, .F. ) ;
#7035 = LENGTH_MEASURE_WITH_UNIT ( LENGTH_MEASURE( 0.02539999999999999897 ), #5117 );
#7036 = PRESENTATION_STYLE_ASSIGNMENT (( #1737 ) ) ;
#7037 = FACE_OUTER_BOUND ( 'NONE', #4106, .T. ) ;
#7038 = DIRECTION ( 'NONE',  ( 1.000000000000000000, 0.0000000000000000000, 0.0000000000000000000 ) ) ;
#7039 = CIRCLE ( 'NONE', #3794, 0.1513287401574803237 ) ;
#7040 = AXIS2_PLACEMENT_3D ( 'NONE', #4282, #8757, #6060 ) ;
#7041 = LENGTH_MEASURE_WITH_UNIT ( LENGTH_MEASURE( 0.02539999999999999897 ), #2310 );
#7042 = VERTEX_POINT ( 'NONE', #1407 ) ;
#7043 = DIRECTION ( 'NONE',  ( 0.0000000000000000000, 0.0000000000000000000, 1.000000000000000000 ) ) ;
#7044 =( GEOMETRIC_REPRESENTATION_CONTEXT ( 3 ) GLOBAL_UNCERTAINTY_ASSIGNED_CONTEXT ( ( #269 ) ) GLOBAL_UNIT_ASSIGNED_CONTEXT ( ( #7480, #8253, #7443 ) ) REPRESENTATION_CONTEXT ( 'NONE', 'WORKASPACE' ) );
#7045 = DIRECTION ( 'NONE',  ( 0.0000000000000000000, 0.0000000000000000000, 1.000000000000000000 ) ) ;
#7046 = CARTESIAN_POINT ( 'NONE',  ( 0.09389165368277066492, -0.02952755905511809942, -1.385826771653543510 ) ) ;
#7047 = ORIENTED_EDGE ( 'NONE', *, *, #3486, .T. ) ;
#7048 = VERTEX_POINT ( 'NONE', #7496 ) ;
#7049 =( NAMED_UNIT ( * ) PLANE_ANGLE_UNIT ( ) SI_UNIT ( $, .RADIAN. ) );
#7050 = LINE ( 'NONE', #6474, #1567 ) ;
#7051 = SURFACE_STYLE_USAGE ( .BOTH. , #3781 ) ;
#7052 = VECTOR ( 'NONE', #131, 39.37007874015748143 ) ;
#7053 = EDGE_CURVE ( 'NONE', #8555, #3065, #2768, .T. ) ;
#7054 = ORIENTED_EDGE ( 'NONE', *, *, #4208, .T. ) ;
#7055 = DIRECTION ( 'NONE',  ( -1.000000000000000000, 0.0000000000000000000, 0.0000000000000000000 ) ) ;
#7056 = SURFACE_STYLE_FILL_AREA ( #5805 ) ;
#7057 = STYLED_ITEM ( 'NONE', ( #8321 ), #5757 ) ;
#7058 = DIRECTION ( 'NONE',  ( 0.0000000000000000000, 0.0000000000000000000, 1.000000000000000000 ) ) ;
#7059 = ORIENTED_EDGE ( 'NONE', *, *, #5134, .T. ) ;
#7060 = EDGE_CURVE ( 'NONE', #5060, #8555, #748, .T. ) ;
#7061 = PRESENTATION_LAYER_ASSIGNMENT (  '', '', ( #4934 ) ) ;
#7062 = UNCERTAINTY_MEASURE_WITH_UNIT (LENGTH_MEASURE( 1.000000000000000082E-05 ), #4230, 'distance_accuracy_value', 'NONE');
#7063 =( NAMED_UNIT ( * ) SI_UNIT ( $, .STERADIAN. ) SOLID_ANGLE_UNIT ( ) );
#7064 = EDGE_LOOP ( 'NONE', ( #828, #7604, #1607, #7205 ) ) ;
#7065 = DIRECTION ( 'NONE',  ( 0.0000000000000000000, 0.0000000000000000000, -1.000000000000000000 ) ) ;
#7066 = EDGE_LOOP ( 'NONE', ( #8193, #6219, #8043, #3271 ) ) ;
#7067 = FILL_AREA_STYLE_COLOUR ( '', #375 ) ;
#7068 = CLOSED_SHELL ( 'NONE', ( #5986, #6041, #3603, #4065, #4517, #2903, #1561, #2672, #1890, #592, #7655, #6462, #6753, #4917, #5757, #6476, #3445, #6584, #3321, #1295, #4095, #281, #3090, #5611, #8607, #2519, #1251, #113, #4793, #7488, #326, #1339, #3896, #6940, #6092, #6358, #7398, #2481, #3721, #8651, #3156, #2086, #3974, #3771, #5539, #1352, #8170, #6478, #3552, #3763, #2750, #7159, #4953, #7952, #1350, #6693, #3838, #7117, #7538, #468, #5429, #7980, #3292, #7013, #1535, #5367, #3457, #7395, #429, #1677, #2112, #985, #2802, #2848, #2415, #6449, #4323, #3109, #5542, #7073, #4169, #1249, #7669, #2630, #7071, #3265, #1666, #987, #5226, #3870, #1545, #3508, #3533, #4110, #5904, #6908, #6750, #7219, #1563, #7614, #7459, #316, #3345, #6403, #2441, #3100, #4, #8550, #68, #958, #6638, #8036, #4737, #3879, #5609, #7615, #5531, #3600, #376, #3060, #5791, #8171, #5811, #6806, #8099, #2308, #7275, #6151, #3178, #3163, #6896, #7701, #6241, #6625, #8432, #2104, #1408, #7940, #5810, #6531, #4141, #5879, #8226, #1460, #7107, #5719, #325, #2751, #2480, #819, #5803, #909, #5444, #4840, #5765, #3541, #5492, #1390, #1031, #2350, #1650, #6965, #6206, #8007, #1120 ) ) ;
#7069 = FACE_BOUND ( 'NONE', #5041, .T. ) ;
#7070 = FILL_AREA_STYLE_COLOUR ( '', #3555 ) ;
#7071 = ADVANCED_FACE ( 'NONE', ( #7535 ), #6295, .F. ) ;
#7072 = LINE ( 'NONE', #4250, #1050 ) ;
#7073 = ADVANCED_FACE ( 'NONE', ( #6883 ), #7581, .F. ) ;
#7074 = CARTESIAN_POINT ( 'NONE',  ( -0.03149606299212599769, 0.09055118110236221041, 0.1968503937007874127 ) ) ;
#7075 =( CONVERSION_BASED_UNIT ( 'INCH', #8437 ) LENGTH_UNIT ( ) NAMED_UNIT ( #3311 ) );
#7076 = ORIENTED_EDGE ( 'NONE', *, *, #4664, .F. ) ;
#7077 = SURFACE_SIDE_STYLE ('',( #5829 ) ) ;
#7078 = PRESENTATION_STYLE_ASSIGNMENT (( #1825 ) ) ;
#7079 = CARTESIAN_POINT ( 'NONE',  ( 0.1771653543307086798, 0.0000000000000000000, 0.2007874015748031260 ) ) ;
#7080 = VECTOR ( 'NONE', #8627, 39.37007874015748143 ) ;
#7081 = DIRECTION ( 'NONE',  ( -0.0000000000000000000, -0.0000000000000000000, -1.000000000000000000 ) ) ;
#7082 = AXIS2_PLACEMENT_3D ( 'NONE', #1474, #8213, #6062 ) ;
#7083 = DIMENSIONAL_EXPONENTS ( 1.000000000000000000, 0.0000000000000000000, 0.0000000000000000000, 0.0000000000000000000, 0.0000000000000000000, 0.0000000000000000000, 0.0000000000000000000 ) ;
#7084 = CARTESIAN_POINT ( 'NONE',  ( -0.1771653543307086798, 2.169649841009090648E-17, 0.2007874015748032093 ) ) ;
#7085 = EDGE_LOOP ( 'NONE', ( #7623, #3207, #1750, #4237 ) ) ;
#7086 = CARTESIAN_POINT ( 'NONE',  ( -0.02952755905511805085, -0.09389165368277066492, -1.464566929133858109 ) ) ;
#7087 = CIRCLE ( 'NONE', #4273, 0.01574803149606301619 ) ;
#7088 = DIRECTION ( 'NONE',  ( 0.0000000000000000000, 0.0000000000000000000, 1.000000000000000000 ) ) ;
#7089 = CARTESIAN_POINT ( 'NONE',  ( 0.1511701662292213311, -0.02689103927563765012, 0.03937007874015751446 ) ) ;
#7090 = ORIENTED_EDGE ( 'NONE', *, *, #1379, .F. ) ;
#7091 = DIRECTION ( 'NONE',  ( -1.000000000000000000, 0.0000000000000000000, 0.0000000000000000000 ) ) ;
#7092 = ORIENTED_EDGE ( 'NONE', *, *, #5501, .T. ) ;
#7093 = DIRECTION ( 'NONE',  ( 0.0000000000000000000, 0.0000000000000000000, 1.000000000000000000 ) ) ;
#7094 = FILL_AREA_STYLE ('',( #1793 ) ) ;
#7095 = CARTESIAN_POINT ( 'NONE',  ( 0.1141732283464566844, -0.02952755905511811330, -1.425196850393700698 ) ) ;
#7096 = VECTOR ( 'NONE', #1902, 39.37007874015748143 ) ;
#7097 = ORIENTED_EDGE ( 'NONE', *, *, #6077, .F. ) ;
#7098 = VECTOR ( 'NONE', #467, 39.37007874015748143 ) ;
#7099 = CARTESIAN_POINT ( 'NONE',  ( 0.0000000000000000000, 0.0000000000000000000, -1.425196850393700698 ) ) ;
#7100 = ORIENTED_EDGE ( 'NONE', *, *, #3241, .F. ) ;
#7101 = DIRECTION ( 'NONE',  ( -1.000000000000000000, 0.0000000000000000000, 0.0000000000000000000 ) ) ;
#7102 = SURFACE_STYLE_USAGE ( .BOTH. , #1717 ) ;
#7103 = VERTEX_POINT ( 'NONE', #2235 ) ;
#7104 = FACE_OUTER_BOUND ( 'NONE', #3151, .T. ) ;
#7105 = DIRECTION ( 'NONE',  ( 1.000000000000000000, 0.0000000000000000000, 0.0000000000000000000 ) ) ;
#7106 = ORIENTED_EDGE ( 'NONE', *, *, #88, .T. ) ;
#7107 = ADVANCED_FACE ( 'NONE', ( #340 ), #7132, .F. ) ;
#7108 = CARTESIAN_POINT ( 'NONE',  ( 0.0000000000000000000, 0.0000000000000000000, -1.771653543307086576 ) ) ;
#7109 = VECTOR ( 'NONE', #1769, 39.37007874015748143 ) ;
#7110 = FACE_BOUND ( 'NONE', #1615, .T. ) ;
#7111 = DIRECTION ( 'NONE',  ( 0.0000000000000000000, 0.0000000000000000000, -1.000000000000000000 ) ) ;
#7112 = CARTESIAN_POINT ( 'NONE',  ( 0.1141732283464566844, 0.02952755905511811330, -1.543307086614173151 ) ) ;
#7113 = COLOUR_RGB ( '',0.2509803921568627416, 0.2509803921568627416, 0.2509803921568627416 ) ;
#7114 = SURFACE_STYLE_FILL_AREA ( #4422 ) ;
#7115 =( NAMED_UNIT ( * ) SI_UNIT ( $, .STERADIAN. ) SOLID_ANGLE_UNIT ( ) );
#7116 = ORIENTED_EDGE ( 'NONE', *, *, #3232, .T. ) ;
#7117 = ADVANCED_FACE ( 'NONE', ( #7665 ), #8454, .F. ) ;
#7118 = EDGE_CURVE ( 'NONE', #8480, #527, #3736, .T. ) ;
#7119 = SURFACE_STYLE_USAGE ( .BOTH. , #5742 ) ;
#7120 = AXIS2_PLACEMENT_3D ( 'NONE', #1028, #3079, #1114 ) ;
#7121 = FACE_OUTER_BOUND ( 'NONE', #3003, .T. ) ;
#7122 = VECTOR ( 'NONE', #7043, 39.37007874015748143 ) ;
#7123 = AXIS2_PLACEMENT_3D ( 'NONE', #5059, #7058, #6257 ) ;
#7124 = COLOUR_RGB ( '',0.2509803921568627416, 0.2509803921568627416, 0.2509803921568627416 ) ;
#7125 = FILL_AREA_STYLE ('',( #5078 ) ) ;
#7126 = ORIENTED_EDGE ( 'NONE', *, *, #7183, .F. ) ;
#7127 =( LENGTH_UNIT ( ) NAMED_UNIT ( * ) SI_UNIT ( $, .METRE. ) );
#7128 = LINE ( 'NONE', #4807, #5504 ) ;
#7129 = PRESENTATION_STYLE_ASSIGNMENT (( #476 ) ) ;
#7130 = ORIENTED_EDGE ( 'NONE', *, *, #6128, .T. ) ;
#7131 = DIRECTION ( 'NONE',  ( 1.000000000000000000, 0.0000000000000000000, 0.0000000000000000000 ) ) ;
#7132 = CYLINDRICAL_SURFACE ( 'NONE', #1095, 0.007874015748031499423 ) ;
#7133 = DIRECTION ( 'NONE',  ( -1.000000000000000000, 0.0000000000000000000, 0.0000000000000000000 ) ) ;
#7134 = CIRCLE ( 'NONE', #5004, 0.01574803149606300232 ) ;
#7135 = AXIS2_PLACEMENT_3D ( 'NONE', #2155, #2196, #2685 ) ;
#7136 = COLOUR_RGB ( '',0.2509803921568627416, 0.2509803921568627416, 0.2509803921568627416 ) ;
#7137 = VECTOR ( 'NONE', #84, 39.37007874015748143 ) ;
#7138 =( CONVERSION_BASED_UNIT ( 'INCH', #3786 ) LENGTH_UNIT ( ) NAMED_UNIT ( #3935 ) );
#7139 = VERTEX_POINT ( 'NONE', #6422 ) ;
#7140 = DIMENSIONAL_EXPONENTS ( 1.000000000000000000, 0.0000000000000000000, 0.0000000000000000000, 0.0000000000000000000, 0.0000000000000000000, 0.0000000000000000000, 0.0000000000000000000 ) ;
#7141 = PRESENTATION_LAYER_ASSIGNMENT (  '', '', ( #5584 ) ) ;
#7142 = CARTESIAN_POINT ( 'NONE',  ( 0.1141732283464566844, 0.02952755905511811330, -1.543307086614173151 ) ) ;
#7143 = ORIENTED_EDGE ( 'NONE', *, *, #7263, .T. ) ;
#7144 = PRESENTATION_LAYER_ASSIGNMENT (  '', '', ( #2209 ) ) ;
#7145 = CONICAL_SURFACE ( 'NONE', #2468, 0.1377952755905511584, 0.03904264995516706221 ) ;
#7146 = DIRECTION ( 'NONE',  ( -1.000000000000000000, 0.0000000000000000000, 0.0000000000000000000 ) ) ;
#7147 = EDGE_LOOP ( 'NONE', ( #7723, #1187, #4411, #6710 ) ) ;
#7148 = ORIENTED_EDGE ( 'NONE', *, *, #4574, .F. ) ;
#7149 = DIRECTION ( 'NONE',  ( -1.000000000000000000, 0.0000000000000000000, 0.0000000000000000000 ) ) ;
#7150 =( NAMED_UNIT ( * ) PLANE_ANGLE_UNIT ( ) SI_UNIT ( $, .RADIAN. ) );
#7151 = CIRCLE ( 'NONE', #3770, 0.09842519685039410882 ) ;
#7152 =( NAMED_UNIT ( * ) SI_UNIT ( $, .STERADIAN. ) SOLID_ANGLE_UNIT ( ) );
#7153 = ORIENTED_EDGE ( 'NONE', *, *, #8727, .T. ) ;
#7154 = DIRECTION ( 'NONE',  ( 0.0000000000000000000, 0.0000000000000000000, 1.000000000000000000 ) ) ;
#7155 = CARTESIAN_POINT ( 'NONE',  ( 0.02952755905511811330, 0.1141732283464566844, -1.385826771653543510 ) ) ;
#7156 = CYLINDRICAL_SURFACE ( 'NONE', #4899, 0.02952755905511810289 ) ;
#7157 = SURFACE_STYLE_FILL_AREA ( #5824 ) ;
#7158 = MECHANICAL_DESIGN_GEOMETRIC_PRESENTATION_REPRESENTATION (  '', ( #6310 ), #7878 ) ;
#7159 = ADVANCED_FACE ( 'NONE', ( #969 ), #6339, .F. ) ;
#7160 = UNCERTAINTY_MEASURE_WITH_UNIT (LENGTH_MEASURE( 1.000000000000000082E-05 ), #7985, 'distance_accuracy_value', 'NONE');
#7161 = CARTESIAN_POINT ( 'NONE',  ( -0.09389165368277065105, -0.02952755905511811330, -1.622047244094488194 ) ) ;
#7162 = ORIENTED_EDGE ( 'NONE', *, *, #5696, .F. ) ;
#7163 = DIRECTION ( 'NONE',  ( -1.000000000000000000, 0.0000000000000000000, 0.0000000000000000000 ) ) ;
#7164 = COLOUR_RGB ( '',0.2509803921568627416, 0.2509803921568627416, 0.2509803921568627416 ) ;
#7165 = COLOUR_RGB ( '',0.2509803921568627416, 0.2509803921568627416, 0.2509803921568627416 ) ;
#7166 = PRESENTATION_STYLE_ASSIGNMENT (( #1206 ) ) ;
#7167 = LENGTH_MEASURE_WITH_UNIT ( LENGTH_MEASURE( 0.02539999999999999897 ), #3237 );
#7168 = MECHANICAL_DESIGN_GEOMETRIC_PRESENTATION_REPRESENTATION (  '', ( #983 ), #3367 ) ;
#7169 = EDGE_CURVE ( 'NONE', #4156, #7995, #2538, .T. ) ;
#7170 = VECTOR ( 'NONE', #7045, 39.37007874015748143 ) ;
#7171 = VERTEX_POINT ( 'NONE', #6654 ) ;
#7172 = LINE ( 'NONE', #7757, #3313 ) ;
#7173 = DIRECTION ( 'NONE',  ( 1.000000000000000000, 0.0000000000000000000, 0.0000000000000000000 ) ) ;
#7174 = AXIS2_PLACEMENT_3D ( 'NONE', #1697, #7709, #4431 ) ;
#7175 = SURFACE_STYLE_FILL_AREA ( #7256 ) ;
#7176 = FILL_AREA_STYLE ('',( #1878 ) ) ;
#7177 = LENGTH_MEASURE_WITH_UNIT ( LENGTH_MEASURE( 0.02539999999999999897 ), #5841 );
#7178 = LENGTH_MEASURE_WITH_UNIT ( LENGTH_MEASURE( 0.02539999999999999897 ), #2975 );
#7179 = LINE ( 'NONE', #1305, #7080 ) ;
#7180 =( GEOMETRIC_REPRESENTATION_CONTEXT ( 3 ) GLOBAL_UNCERTAINTY_ASSIGNED_CONTEXT ( ( #621 ) ) GLOBAL_UNIT_ASSIGNED_CONTEXT ( ( #1416, #6926, #3481 ) ) REPRESENTATION_CONTEXT ( 'NONE', 'WORKASPACE' ) );
#7181 = SURFACE_STYLE_USAGE ( .BOTH. , #4487 ) ;
#7182 = EDGE_CURVE ( 'NONE', #3523, #3593, #3244, .T. ) ;
#7183 = EDGE_CURVE ( 'NONE', #6311, #4125, #391, .T. ) ;
#7184 = VECTOR ( 'NONE', #6147, 39.37007874015748143 ) ;
#7185 = CARTESIAN_POINT ( 'NONE',  ( -0.09389165368277065105, 0.02952755905511811330, -1.700787401574803237 ) ) ;
#7186 = VERTEX_POINT ( 'NONE', #7403 ) ;
#7187 = PRESENTATION_STYLE_ASSIGNMENT (( #3250 ) ) ;
#7188 = VERTEX_POINT ( 'NONE', #5842 ) ;
#7189 = SURFACE_SIDE_STYLE ('',( #2548 ) ) ;
#7190 = FILL_AREA_STYLE ('',( #7911 ) ) ;
#7191 = DIRECTION ( 'NONE',  ( 0.0000000000000000000, 0.0000000000000000000, 1.000000000000000000 ) ) ;
#7192 = ORIENTED_EDGE ( 'NONE', *, *, #4895, .T. ) ;
#7193 = AXIS2_PLACEMENT_3D ( 'NONE', #4879, #7586, #1536 ) ;
#7194 = ORIENTED_EDGE ( 'NONE', *, *, #5055, .T. ) ;
#7195 = CARTESIAN_POINT ( 'NONE',  ( 0.1141732283464566844, 0.02952755905511811330, -1.700787401574803237 ) ) ;
#7196 = VERTEX_POINT ( 'NONE', #4614 ) ;
#7197 = CARTESIAN_POINT ( 'NONE',  ( 0.1141732283464566844, 0.02952755905511811330, -1.582677165354331006 ) ) ;
#7198 = SURFACE_STYLE_USAGE ( .BOTH. , #1155 ) ;
#7199 = FACE_OUTER_BOUND ( 'NONE', #5862, .T. ) ;
#7200 = DIMENSIONAL_EXPONENTS ( 1.000000000000000000, 0.0000000000000000000, 0.0000000000000000000, 0.0000000000000000000, 0.0000000000000000000, 0.0000000000000000000, 0.0000000000000000000 ) ;
#7201 = PRESENTATION_STYLE_ASSIGNMENT (( #6583 ) ) ;
#7202 = MECHANICAL_DESIGN_GEOMETRIC_PRESENTATION_REPRESENTATION (  '', ( #6920 ), #6640 ) ;
#7203 =( NAMED_UNIT ( * ) PLANE_ANGLE_UNIT ( ) SI_UNIT ( $, .RADIAN. ) );
#7204 = SURFACE_STYLE_USAGE ( .BOTH. , #4511 ) ;
#7205 = ORIENTED_EDGE ( 'NONE', *, *, #8541, .T. ) ;
#7206 = CARTESIAN_POINT ( 'NONE',  ( -0.1377952755905511584, 1.704455821278842361E-17, -1.771653543307086576 ) ) ;
#7207 = EDGE_CURVE ( 'NONE', #71, #4280, #7151, .T. ) ;
#7208 = CARTESIAN_POINT ( 'NONE',  ( -0.1141732283464566844, 0.02952755905511811330, -1.503937007874015741 ) ) ;
#7209 = STYLED_ITEM ( 'NONE', ( #2072 ), #985 ) ;
#7210 = FACE_OUTER_BOUND ( 'NONE', #7066, .T. ) ;
#7211 = ORIENTED_EDGE ( 'NONE', *, *, #8147, .F. ) ;
#7212 = CARTESIAN_POINT ( 'NONE',  ( 0.05511811023622045780, 0.07874015748031495954, 0.0000000000000000000 ) ) ;
#7213 = DIRECTION ( 'NONE',  ( 1.000000000000000000, 0.0000000000000000000, 0.0000000000000000000 ) ) ;
#7214 = PRESENTATION_STYLE_ASSIGNMENT (( #5172 ) ) ;
#7215 = VECTOR ( 'NONE', #3913, 39.37007874015748854 ) ;
#7216 = CARTESIAN_POINT ( 'NONE',  ( 0.1544045275590551214, 0.0000000000000000000, -1.346456692913385877 ) ) ;
#7217 = SURFACE_STYLE_FILL_AREA ( #3955 ) ;
#7218 = SURFACE_STYLE_USAGE ( .BOTH. , #2439 ) ;
#7219 = ADVANCED_FACE ( 'NONE', ( #5267 ), #5223, .F. ) ;
#7220 =( NAMED_UNIT ( * ) SI_UNIT ( $, .STERADIAN. ) SOLID_ANGLE_UNIT ( ) );
#7221 = DIRECTION ( 'NONE',  ( -1.000000000000000000, 0.0000000000000000000, 0.0000000000000000000 ) ) ;
#7222 = DIRECTION ( 'NONE',  ( 0.0000000000000000000, 0.0000000000000000000, 1.000000000000000000 ) ) ;
#7223 = ORIENTED_EDGE ( 'NONE', *, *, #8762, .F. ) ;
#7224 = CARTESIAN_POINT ( 'NONE',  ( -0.09389165368277065105, -0.02952755905511811330, -1.503937007874015741 ) ) ;
#7225 = APPLICATION_PROTOCOL_DEFINITION ( 'draft international standard', 'automotive_design', 1998, #5927 ) ;
#7226 = FILL_AREA_STYLE ('',( #6566 ) ) ;
#7227 = EDGE_LOOP ( 'NONE', ( #1506, #1044, #3450, #7223 ) ) ;
#7228 = EDGE_CURVE ( 'NONE', #214, #5399, #2712, .T. ) ;
#7229 = PRESENTATION_STYLE_ASSIGNMENT (( #8044 ) ) ;
#7230 = EDGE_CURVE ( 'NONE', #840, #3549, #3423, .T. ) ;
#7231 = PRESENTATION_LAYER_ASSIGNMENT (  '', '', ( #1589 ) ) ;
#7232 = CARTESIAN_POINT ( 'NONE',  ( -0.09670693697808412093, -0.1250417925920263296, 0.03937007874015747977 ) ) ;
#7233 = VECTOR ( 'NONE', #3632, 39.37007874015748143 ) ;
#7234 = ORIENTED_EDGE ( 'NONE', *, *, #4427, .T. ) ;
#7235 = ORIENTED_EDGE ( 'NONE', *, *, #7483, .F. ) ;
#7236 = DIRECTION ( 'NONE',  ( -1.000000000000000000, 0.0000000000000000000, 0.0000000000000000000 ) ) ;
#7237 = PRESENTATION_STYLE_ASSIGNMENT (( #494 ) ) ;
#7238 = EDGE_LOOP ( 'NONE', ( #5069, #5751, #5345, #492 ) ) ;
#7239 = DIRECTION ( 'NONE',  ( 0.0000000000000000000, 0.0000000000000000000, 1.000000000000000000 ) ) ;
#7240 = CARTESIAN_POINT ( 'NONE',  ( 0.02952755905511811330, 0.1141732283464566844, -1.307086614173228467 ) ) ;
#7241 = STYLED_ITEM ( 'NONE', ( #6450 ), #2350 ) ;
#7242 = SURFACE_STYLE_USAGE ( .BOTH. , #3761 ) ;
#7243 = LENGTH_MEASURE_WITH_UNIT ( LENGTH_MEASURE( 0.02539999999999999897 ), #8598 );
#7244 = UNCERTAINTY_MEASURE_WITH_UNIT (LENGTH_MEASURE( 1.000000000000000082E-05 ), #7298, 'distance_accuracy_value', 'NONE');
#7245 = LINE ( 'NONE', #5205, #560 ) ;
#7246 = ORIENTED_EDGE ( 'NONE', *, *, #2731, .T. ) ;
#7247 = CIRCLE ( 'NONE', #767, 0.01377952755905510404 ) ;
#7248 = DIRECTION ( 'NONE',  ( 1.000000000000000000, 0.0000000000000000000, 0.0000000000000000000 ) ) ;
#7249 = CIRCLE ( 'NONE', #5973, 0.003937007874015749712 ) ;
#7250 = DIMENSIONAL_EXPONENTS ( 1.000000000000000000, 0.0000000000000000000, 0.0000000000000000000, 0.0000000000000000000, 0.0000000000000000000, 0.0000000000000000000, 0.0000000000000000000 ) ;
#7251 = CARTESIAN_POINT ( 'NONE',  ( 0.1763041338582677364, 0.01744749723059329377, 0.4298724771940015676 ) ) ;
#7252 = ORIENTED_EDGE ( 'NONE', *, *, #3120, .F. ) ;
#7253 = MECHANICAL_DESIGN_GEOMETRIC_PRESENTATION_REPRESENTATION (  '', ( #4168 ), #2455 ) ;
#7254 = DIRECTION ( 'NONE',  ( -1.000000000000000000, 0.0000000000000000000, 0.0000000000000000000 ) ) ;
#7255 = SURFACE_STYLE_FILL_AREA ( #2577 ) ;
#7256 = FILL_AREA_STYLE ('',( #6555 ) ) ;
#7257 = ORIENTED_EDGE ( 'NONE', *, *, #3013, .T. ) ;
#7258 =( NAMED_UNIT ( * ) PLANE_ANGLE_UNIT ( ) SI_UNIT ( $, .RADIAN. ) );
#7259 = CARTESIAN_POINT ( 'NONE',  ( 0.1141732283464566844, 0.02952755905511811330, -1.661417322834645827 ) ) ;
#7260 = DIRECTION ( 'NONE',  ( 0.0000000000000000000, 0.0000000000000000000, 1.000000000000000000 ) ) ;
#7261 = AXIS2_PLACEMENT_3D ( 'NONE', #2939, #6347, #878 ) ;
#7262 = CIRCLE ( 'NONE', #5845, 0.01574803149606299885 ) ;
#7263 = EDGE_CURVE ( 'NONE', #6530, #6050, #8167, .T. ) ;
#7264 = CARTESIAN_POINT ( 'NONE',  ( 2.987958743070287587E-17, -0.09055118110236221041, 0.0000000000000000000 ) ) ;
#7265 = VERTEX_POINT ( 'NONE', #2754 ) ;
#7266 = DIRECTION ( 'NONE',  ( 0.0000000000000000000, 0.0000000000000000000, 1.000000000000000000 ) ) ;
#7267 = DIRECTION ( 'NONE',  ( -1.000000000000000000, 0.0000000000000000000, 0.0000000000000000000 ) ) ;
#7268 = PRESENTATION_LAYER_ASSIGNMENT (  '', '', ( #371 ) ) ;
#7269 = ORIENTED_EDGE ( 'NONE', *, *, #974, .T. ) ;
#7270 = FILL_AREA_STYLE_COLOUR ( '', #4054 ) ;
#7271 = CIRCLE ( 'NONE', #5567, 0.09842519685039410882 ) ;
#7272 = LENGTH_MEASURE_WITH_UNIT ( LENGTH_MEASURE( 0.02539999999999999897 ), #3160 );
#7273 = EDGE_CURVE ( 'NONE', #614, #6235, #34, .T. ) ;
#7274 = CIRCLE ( 'NONE', #2202, 0.02952755905511810289 ) ;
#7275 = ADVANCED_FACE ( 'NONE', ( #6110 ), #5527, .F. ) ;
#7276 = CIRCLE ( 'NONE', #4601, 0.1559424212598425619 ) ;
#7277 = DIRECTION ( 'NONE',  ( 1.000000000000000000, 0.0000000000000000000, 0.0000000000000000000 ) ) ;
#7278 = ORIENTED_EDGE ( 'NONE', *, *, #6617, .F. ) ;
#7279 = ORIENTED_EDGE ( 'NONE', *, *, #8281, .F. ) ;
#7280 = DIRECTION ( 'NONE',  ( 1.000000000000000000, 0.0000000000000000000, 0.0000000000000000000 ) ) ;
#7281 = FACE_OUTER_BOUND ( 'NONE', #7238, .T. ) ;
#7282 = FILL_AREA_STYLE_COLOUR ( '', #5427 ) ;
#7283 = ORIENTED_EDGE ( 'NONE', *, *, #752, .T. ) ;
#7284 = FACE_BOUND ( 'NONE', #6006, .T. ) ;
#7285 = DIRECTION ( 'NONE',  ( 1.000000000000000000, 0.0000000000000000000, 0.0000000000000000000 ) ) ;
#7286 = PRESENTATION_LAYER_ASSIGNMENT (  '', '', ( #3042 ) ) ;
#7287 =( NAMED_UNIT ( * ) SI_UNIT ( $, .STERADIAN. ) SOLID_ANGLE_UNIT ( ) );
#7288 =( GEOMETRIC_REPRESENTATION_CONTEXT ( 3 ) GLOBAL_UNCERTAINTY_ASSIGNED_CONTEXT ( ( #5204 ) ) GLOBAL_UNIT_ASSIGNED_CONTEXT ( ( #346, #7724, #8370 ) ) REPRESENTATION_CONTEXT ( 'NONE', 'WORKASPACE' ) );
#7289 =( NAMED_UNIT ( * ) PLANE_ANGLE_UNIT ( ) SI_UNIT ( $, .RADIAN. ) );
#7290 = LINE ( 'NONE', #1250, #8410 ) ;
#7291 = EDGE_CURVE ( 'NONE', #3037, #1131, #8258, .T. ) ;
#7292 = AXIS2_PLACEMENT_3D ( 'NONE', #8183, #5631, #216 ) ;
#7293 = CARTESIAN_POINT ( 'NONE',  ( 0.02952755905511810289, 0.09389165368277065105, -1.385826771653543510 ) ) ;
#7294 = PLANE ( 'NONE',  #1551 ) ;
#7295 = ORIENTED_EDGE ( 'NONE', *, *, #4475, .F. ) ;
#7296 = FILL_AREA_STYLE_COLOUR ( '', #795 ) ;
#7297 = ORIENTED_EDGE ( 'NONE', *, *, #8753, .F. ) ;
#7298 =( CONVERSION_BASED_UNIT ( 'INCH', #8020 ) LENGTH_UNIT ( ) NAMED_UNIT ( #8014 ) );
#7299 = LINE ( 'NONE', #3233, #6724 ) ;
#7300 = CARTESIAN_POINT ( 'NONE',  ( -0.07874015748031491790, 0.03149606299212599769, 0.1968503936985494807 ) ) ;
#7301 =( GEOMETRIC_REPRESENTATION_CONTEXT ( 3 ) GLOBAL_UNCERTAINTY_ASSIGNED_CONTEXT ( ( #4068 ) ) GLOBAL_UNIT_ASSIGNED_CONTEXT ( ( #7901, #6739, #7220 ) ) REPRESENTATION_CONTEXT ( 'NONE', 'WORKASPACE' ) );
#7302 = PLANE ( 'NONE',  #5828 ) ;
#7303 = LINE ( 'NONE', #8252, #3498 ) ;
#7304 = LINE ( 'NONE', #7251, #845 ) ;
#7305 = ORIENTED_EDGE ( 'NONE', *, *, #8672, .T. ) ;
#7306 = CARTESIAN_POINT ( 'NONE',  ( 0.02952755905511811330, -0.1141732283464566844, -1.700787401574803237 ) ) ;
#7307 = DIRECTION ( 'NONE',  ( 0.0000000000000000000, 0.0000000000000000000, 1.000000000000000000 ) ) ;
#7308 =( NAMED_UNIT ( * ) SI_UNIT ( $, .STERADIAN. ) SOLID_ANGLE_UNIT ( ) );
#7309 = CARTESIAN_POINT ( 'NONE',  ( 0.02952755905511811330, -0.1141732283464566844, -1.503937007874015741 ) ) ;
#7310 = LENGTH_MEASURE_WITH_UNIT ( LENGTH_MEASURE( 0.02539999999999999897 ), #1923 );
#7311 = CIRCLE ( 'NONE', #975, 0.003937007874015741038 ) ;
#7312 = LINE ( 'NONE', #3155, #1883 ) ;
#7313 = AXIS2_PLACEMENT_3D ( 'NONE', #3872, #3964, #7856 ) ;
#7314 = UNCERTAINTY_MEASURE_WITH_UNIT (LENGTH_MEASURE( 1.000000000000000082E-05 ), #2136, 'distance_accuracy_value', 'NONE');
#7315 = COLOUR_RGB ( '',0.2509803921568627416, 0.2509803921568627416, 0.2509803921568627416 ) ;
#7316 = CARTESIAN_POINT ( 'NONE',  ( 0.0000000000000000000, 0.0000000000000000000, -1.771653543307086576 ) ) ;
#7317 = VERTEX_POINT ( 'NONE', #861 ) ;
#7318 = DIMENSIONAL_EXPONENTS ( 1.000000000000000000, 0.0000000000000000000, 0.0000000000000000000, 0.0000000000000000000, 0.0000000000000000000, 0.0000000000000000000, 0.0000000000000000000 ) ;
#7319 = SURFACE_SIDE_STYLE ('',( #3875 ) ) ;
#7320 = VERTEX_POINT ( 'NONE', #2176 ) ;
#7321 = FACE_OUTER_BOUND ( 'NONE', #5948, .T. ) ;
#7322 = EDGE_CURVE ( 'NONE', #8407, #1785, #2796, .T. ) ;
#7323 = VECTOR ( 'NONE', #3882, 39.37007874015748143 ) ;
#7324 = VECTOR ( 'NONE', #1896, 39.37007874015748143 ) ;
#7325 = UNCERTAINTY_MEASURE_WITH_UNIT (LENGTH_MEASURE( 1.000000000000000082E-05 ), #7702, 'distance_accuracy_value', 'NONE');
#7326 = LINE ( 'NONE', #6439, #3802 ) ;
#7327 = ORIENTED_EDGE ( 'NONE', *, *, #279, .T. ) ;
#7328 = EDGE_LOOP ( 'NONE', ( #2219, #3285, #2198, #8706 ) ) ;
#7329 = CARTESIAN_POINT ( 'NONE',  ( -0.1039438373518107722, -0.1234958735654132084, 0.03937007874015751446 ) ) ;
#7330 = PRESENTATION_STYLE_ASSIGNMENT (( #6670 ) ) ;
#7331 = SURFACE_STYLE_FILL_AREA ( #3930 ) ;
#7332 = ORIENTED_EDGE ( 'NONE', *, *, #481, .T. ) ;
#7333 = CARTESIAN_POINT ( 'NONE',  ( -0.09389165368277065105, -0.02952755905511811330, -1.543307086614173151 ) ) ;
#7334 = EDGE_CURVE ( 'NONE', #843, #3501, #3506, .T. ) ;
#7335 = UNCERTAINTY_MEASURE_WITH_UNIT (LENGTH_MEASURE( 1.000000000000000082E-05 ), #708, 'distance_accuracy_value', 'NONE');
#7336 =( NAMED_UNIT ( * ) SI_UNIT ( $, .STERADIAN. ) SOLID_ANGLE_UNIT ( ) );
#7337 = VERTEX_POINT ( 'NONE', #1558 ) ;
#7338 =( NAMED_UNIT ( * ) PLANE_ANGLE_UNIT ( ) SI_UNIT ( $, .RADIAN. ) );
#7339 = ORIENTED_EDGE ( 'NONE', *, *, #2837, .T. ) ;
#7340 = CARTESIAN_POINT ( 'NONE',  ( -0.01574803149606297456, -0.09055118110236221041, 0.1968503936985494807 ) ) ;
#7341 = FILL_AREA_STYLE_COLOUR ( '', #3609 ) ;
#7342 = COLOUR_RGB ( '',0.2509803921568627416, 0.2509803921568627416, 0.2509803921568627416 ) ;
#7343 = EDGE_CURVE ( 'NONE', #6229, #5413, #6203, .T. ) ;
#7344 = PLANE ( 'NONE',  #6889 ) ;
#7345 = EDGE_CURVE ( 'NONE', #1315, #4765, #4861, .T. ) ;
#7346 = DIRECTION ( 'NONE',  ( 0.0000000000000000000, 1.000000000000000000, 0.0000000000000000000 ) ) ;
#7347 = CARTESIAN_POINT ( 'NONE',  ( 0.0000000000000000000, 0.0000000000000000000, 0.2480314960629921572 ) ) ;
#7348 = VECTOR ( 'NONE', #6936, 39.37007874015748143 ) ;
#7349 = SURFACE_STYLE_USAGE ( .BOTH. , #2574 ) ;
#7350 = ORIENTED_EDGE ( 'NONE', *, *, #5451, .T. ) ;
#7351 = SURFACE_SIDE_STYLE ('',( #6601 ) ) ;
#7352 = LINE ( 'NONE', #2619, #2931 ) ;
#7353 = DIRECTION ( 'NONE',  ( 0.0000000000000000000, 0.0000000000000000000, 1.000000000000000000 ) ) ;
#7354 = SURFACE_STYLE_FILL_AREA ( #2710 ) ;
#7355 = CARTESIAN_POINT ( 'NONE',  ( -0.06334935371447217300, 0.1654521748393905090, 0.4298724771940015676 ) ) ;
#7356 = VECTOR ( 'NONE', #4968, 39.37007874015748143 ) ;
#7357 = STYLED_ITEM ( 'NONE', ( #5175 ), #4 ) ;
#7358 = CARTESIAN_POINT ( 'NONE',  ( 0.1141732283464566844, 0.02952755905511811330, -1.385826771653543510 ) ) ;
#7359 = DIRECTION ( 'NONE',  ( 0.0000000000000000000, 0.0000000000000000000, -1.000000000000000000 ) ) ;
#7360 =( NAMED_UNIT ( * ) SI_UNIT ( $, .STERADIAN. ) SOLID_ANGLE_UNIT ( ) );
#7361 = AXIS2_PLACEMENT_3D ( 'NONE', #5579, #8362, #3548 ) ;
#7362 = DIRECTION ( 'NONE',  ( 0.0000000000000000000, 0.0000000000000000000, 1.000000000000000000 ) ) ;
#7363 = FILL_AREA_STYLE_COLOUR ( '', #2822 ) ;
#7364 = ORIENTED_EDGE ( 'NONE', *, *, #6789, .T. ) ;
#7365 = CARTESIAN_POINT ( 'NONE',  ( -0.05497864509429505747, -0.1517659404962119762, 0.2007874015748031260 ) ) ;
#7366 = EDGE_LOOP ( 'NONE', ( #2070, #930, #79, #1019 ) ) ;
#7367 = DIRECTION ( 'NONE',  ( 0.0000000000000000000, 0.0000000000000000000, -1.000000000000000000 ) ) ;
#7368 =( CONVERSION_BASED_UNIT ( 'INCH', #4666 ) LENGTH_UNIT ( ) NAMED_UNIT ( #3634 ) );
#7369 =( GEOMETRIC_REPRESENTATION_CONTEXT ( 3 ) GLOBAL_UNCERTAINTY_ASSIGNED_CONTEXT ( ( #5720 ) ) GLOBAL_UNIT_ASSIGNED_CONTEXT ( ( #5911, #3262, #8011 ) ) REPRESENTATION_CONTEXT ( 'NONE', 'WORKASPACE' ) );
#7370 = LINE ( 'NONE', #2922, #3 ) ;
#7371 = VERTEX_POINT ( 'NONE', #6950 ) ;
#7372 = EDGE_CURVE ( 'NONE', #7371, #7660, #202, .T. ) ;
#7373 = SURFACE_SIDE_STYLE ('',( #4671 ) ) ;
#7374 = EDGE_LOOP ( 'NONE', ( #7466, #1376, #3318, #6541 ) ) ;
#7375 =( GEOMETRIC_REPRESENTATION_CONTEXT ( 3 ) GLOBAL_UNCERTAINTY_ASSIGNED_CONTEXT ( ( #2626 ) ) GLOBAL_UNIT_ASSIGNED_CONTEXT ( ( #1297, #770, #5481 ) ) REPRESENTATION_CONTEXT ( 'NONE', 'WORKASPACE' ) );
#7376 = DIRECTION ( 'NONE',  ( -1.000000000000000000, 0.0000000000000000000, 0.0000000000000000000 ) ) ;
#7377 = AXIS2_PLACEMENT_3D ( 'NONE', #6848, #2159, #4277 ) ;
#7378 = ORIENTED_EDGE ( 'NONE', *, *, #1614, .F. ) ;
#7379 = PLANE ( 'NONE',  #1872 ) ;
#7380 = DIMENSIONAL_EXPONENTS ( 1.000000000000000000, 0.0000000000000000000, 0.0000000000000000000, 0.0000000000000000000, 0.0000000000000000000, 0.0000000000000000000, 0.0000000000000000000 ) ;
#7381 = FILL_AREA_STYLE_COLOUR ( '', #619 ) ;
#7382 = PRESENTATION_LAYER_ASSIGNMENT (  '', '', ( #6528 ) ) ;
#7383 = SURFACE_STYLE_FILL_AREA ( #6738 ) ;
#7384 = EDGE_CURVE ( 'NONE', #2312, #2820, #8306, .T. ) ;
#7385 = DIRECTION ( 'NONE',  ( 0.0000000000000000000, 0.0000000000000000000, 1.000000000000000000 ) ) ;
#7386 = EDGE_LOOP ( 'NONE', ( #7621, #3900, #1628, #635 ) ) ;
#7387 = ORIENTED_EDGE ( 'NONE', *, *, #7869, .T. ) ;
#7388 = PLANE ( 'NONE',  #1100 ) ;
#7389 = PRESENTATION_LAYER_ASSIGNMENT (  '', '', ( #2154 ) ) ;
#7390 = CARTESIAN_POINT ( 'NONE',  ( 0.09389165368277066492, -0.02952755905511809942, -1.700787401574803237 ) ) ;
#7391 = FILL_AREA_STYLE ('',( #2127 ) ) ;
#7392 = FILL_AREA_STYLE_COLOUR ( '', #3699 ) ;
#7393 = PRESENTATION_LAYER_ASSIGNMENT (  '', '', ( #4152 ) ) ;
#7394 = CARTESIAN_POINT ( 'NONE',  ( -0.01574803149606297456, -0.09055118110236221041, 0.0000000000000000000 ) ) ;
#7395 = ADVANCED_FACE ( 'NONE', ( #7121 ), #910, .F. ) ;
#7396 = CARTESIAN_POINT ( 'NONE',  ( 0.09389165368277065105, 0.02952755905511811330, -1.700787401574803237 ) ) ;
#7397 = EDGE_LOOP ( 'NONE', ( #2109, #1515, #2554, #3975, #726, #3973, #1446, #5474 ) ) ;
#7398 = ADVANCED_FACE ( 'NONE', ( #8397 ), #4946, .T. ) ;
#7399 = DIRECTION ( 'NONE',  ( -0.7071067811865484609, 8.659560562354943952E-17, 0.7071067811865464625 ) ) ;
#7400 = LINE ( 'NONE', #2875, #2476 ) ;
#7401 = SURFACE_STYLE_USAGE ( .BOTH. , #2795 ) ;
#7402 = CYLINDRICAL_SURFACE ( 'NONE', #2444, 0.01574803149606300579 ) ;
#7403 = CARTESIAN_POINT ( 'NONE',  ( 0.1141732283464566844, -0.02952755905511811330, -1.464566929133858109 ) ) ;
#7404 = COLOUR_RGB ( '',0.7450980392156862919, 0.7450980392156862919, 0.7450980392156862919 ) ;
#7405 = FILL_AREA_STYLE_COLOUR ( '', #2562 ) ;
#7406 = LINE ( 'NONE', #2625, #5536 ) ;
#7407 = CARTESIAN_POINT ( 'NONE',  ( 0.1771653543307086798, 0.0000000000000000000, 0.03937007874015751446 ) ) ;
#7408 = SURFACE_STYLE_FILL_AREA ( #655 ) ;
#7409 = ORIENTED_EDGE ( 'NONE', *, *, #7775, .F. ) ;
#7410 = LENGTH_MEASURE_WITH_UNIT ( LENGTH_MEASURE( 0.02539999999999999897 ), #6328 );
#7411 =( NAMED_UNIT ( * ) PLANE_ANGLE_UNIT ( ) SI_UNIT ( $, .RADIAN. ) );
#7412 = SURFACE_STYLE_USAGE ( .BOTH. , #1403 ) ;
#7413 = SURFACE_STYLE_USAGE ( .BOTH. , #128 ) ;
#7414 = VERTEX_POINT ( 'NONE', #7751 ) ;
#7415 = UNCERTAINTY_MEASURE_WITH_UNIT (LENGTH_MEASURE( 1.000000000000000082E-05 ), #1523, 'distance_accuracy_value', 'NONE');
#7416 = DIRECTION ( 'NONE',  ( 1.000000000000000000, 0.0000000000000000000, 0.0000000000000000000 ) ) ;
#7417 = STYLED_ITEM ( 'NONE', ( #519 ), #6531 ) ;
#7418 = PRESENTATION_LAYER_ASSIGNMENT (  '', '', ( #4312 ) ) ;
#7419 = CARTESIAN_POINT ( 'NONE',  ( -0.02952755905511811330, 0.09389165368277023471, -1.700787401574803237 ) ) ;
#7420 = ORIENTED_EDGE ( 'NONE', *, *, #5640, .F. ) ;
#7421 =( GEOMETRIC_REPRESENTATION_CONTEXT ( 3 ) GLOBAL_UNCERTAINTY_ASSIGNED_CONTEXT ( ( #7964 ) ) GLOBAL_UNIT_ASSIGNED_CONTEXT ( ( #8243, #763, #3529 ) ) REPRESENTATION_CONTEXT ( 'NONE', 'WORKASPACE' ) );
#7422 = DIRECTION ( 'NONE',  ( 0.0000000000000000000, -1.000000000000000000, 0.0000000000000000000 ) ) ;
#7423 = SURFACE_STYLE_FILL_AREA ( #4720 ) ;
#7424 = ORIENTED_EDGE ( 'NONE', *, *, #7322, .T. ) ;
#7425 = DIRECTION ( 'NONE',  ( 0.0000000000000000000, 0.0000000000000000000, -1.000000000000000000 ) ) ;
#7426 =( GEOMETRIC_REPRESENTATION_CONTEXT ( 3 ) GLOBAL_UNCERTAINTY_ASSIGNED_CONTEXT ( ( #7610 ) ) GLOBAL_UNIT_ASSIGNED_CONTEXT ( ( #5332, #5949, #11 ) ) REPRESENTATION_CONTEXT ( 'NONE', 'WORKASPACE' ) );
#7427 = CIRCLE ( 'NONE', #4045, 0.003937007874015758385 ) ;
#7428 = UNCERTAINTY_MEASURE_WITH_UNIT (LENGTH_MEASURE( 1.000000000000000082E-05 ), #3200, 'distance_accuracy_value', 'NONE');
#7429 = CARTESIAN_POINT ( 'NONE',  ( 0.1141732283464566844, 0.02952755905511811330, -1.425196850393700698 ) ) ;
#7430 =( NAMED_UNIT ( * ) SI_UNIT ( $, .STERADIAN. ) SOLID_ANGLE_UNIT ( ) );
#7431 = ORIENTED_EDGE ( 'NONE', *, *, #2397, .T. ) ;
#7432 = STYLED_ITEM ( 'NONE', ( #6187 ), #6896 ) ;
#7433 =( NAMED_UNIT ( * ) PLANE_ANGLE_UNIT ( ) SI_UNIT ( $, .RADIAN. ) );
#7434 = ORIENTED_EDGE ( 'NONE', *, *, #5044, .F. ) ;
#7435 = AXIS2_PLACEMENT_3D ( 'NONE', #7495, #2812, #6122 ) ;
#7436 = STYLED_ITEM ( 'NONE', ( #7187 ), #3552 ) ;
#7437 = SURFACE_SIDE_STYLE ('',( #8746 ) ) ;
#7438 = EDGE_CURVE ( 'NONE', #7317, #1194, #5029, .T. ) ;
#7439 = LENGTH_MEASURE_WITH_UNIT ( LENGTH_MEASURE( 0.02539999999999999897 ), #3459 );
#7440 = COLOUR_RGB ( '',0.2509803921568627416, 0.2509803921568627416, 0.2509803921568627416 ) ;
#7441 = DIMENSIONAL_EXPONENTS ( 1.000000000000000000, 0.0000000000000000000, 0.0000000000000000000, 0.0000000000000000000, 0.0000000000000000000, 0.0000000000000000000, 0.0000000000000000000 ) ;
#7442 = SURFACE_STYLE_USAGE ( .BOTH. , #4854 ) ;
#7443 =( NAMED_UNIT ( * ) SI_UNIT ( $, .STERADIAN. ) SOLID_ANGLE_UNIT ( ) );
#7444 = ORIENTED_EDGE ( 'NONE', *, *, #5148, .T. ) ;
#7445 =( CONVERSION_BASED_UNIT ( 'INCH', #187 ) LENGTH_UNIT ( ) NAMED_UNIT ( #111 ) );
#7446 = CYLINDRICAL_SURFACE ( 'NONE', #882, 0.02952755905511810289 ) ;
#7447 = CARTESIAN_POINT ( 'NONE',  ( -0.09389165368277065105, -0.02952755905511811330, -1.700787401574803237 ) ) ;
#7448 = CARTESIAN_POINT ( 'NONE',  ( 0.1723862642169728676, 0.01705977506991343887, 0.2007874015748031260 ) ) ;
#7449 = EDGE_CURVE ( 'NONE', #5688, #6229, #1695, .T. ) ;
#7450 =( NAMED_UNIT ( * ) SI_UNIT ( $, .STERADIAN. ) SOLID_ANGLE_UNIT ( ) );
#7451 = ORIENTED_EDGE ( 'NONE', *, *, #307, .F. ) ;
#7452 = DIRECTION ( 'NONE',  ( -1.000000000000000000, 0.0000000000000000000, 0.0000000000000000000 ) ) ;
#7453 = CIRCLE ( 'NONE', #4628, 0.1614173228346456601 ) ;
#7454 = VERTEX_POINT ( 'NONE', #5787 ) ;
#7455 = DIRECTION ( 'NONE',  ( -1.000000000000000000, 0.0000000000000000000, 0.0000000000000000000 ) ) ;
#7456 =( NAMED_UNIT ( * ) PLANE_ANGLE_UNIT ( ) SI_UNIT ( $, .RADIAN. ) );
#7457 = MECHANICAL_DESIGN_GEOMETRIC_PRESENTATION_REPRESENTATION (  '', ( #6755 ), #3636 ) ;
#7458 = EDGE_CURVE ( 'NONE', #6116, #295, #6169, .T. ) ;
#7459 = ADVANCED_FACE ( 'NONE', ( #7972 ), #7344, .F. ) ;
#7460 = VECTOR ( 'NONE', #6721, 39.37007874015748143 ) ;
#7461 = STYLED_ITEM ( 'NONE', ( #7802 ), #8007 ) ;
#7462 = CYLINDRICAL_SURFACE ( 'NONE', #4658, 0.007874015748031499423 ) ;
#7463 = VERTEX_POINT ( 'NONE', #7208 ) ;
#7464 = CARTESIAN_POINT ( 'NONE',  ( 0.05511811023622045780, 0.07874015748031495954, 0.1968503936985494807 ) ) ;
#7465 = CARTESIAN_POINT ( 'NONE',  ( -0.09670693697808412093, -0.1250417925920263296, 0.2007874015748031260 ) ) ;
#7466 = ORIENTED_EDGE ( 'NONE', *, *, #3554, .T. ) ;
#7467 = FILL_AREA_STYLE ('',( #2776 ) ) ;
#7468 =( LENGTH_UNIT ( ) NAMED_UNIT ( * ) SI_UNIT ( $, .METRE. ) );
#7469 = VECTOR ( 'NONE', #8507, 39.37007874015748143 ) ;
#7470 = CARTESIAN_POINT ( 'NONE',  ( 0.0000000000000000000, 0.0000000000000000000, 0.2007874015748032093 ) ) ;
#7471 = MECHANICAL_DESIGN_GEOMETRIC_PRESENTATION_REPRESENTATION (  '', ( #6623 ), #5767 ) ;
#7472 = CARTESIAN_POINT ( 'NONE',  ( 0.0000000000000000000, 0.0000000000000000000, 0.4298724771940015676 ) ) ;
#7473 = ORIENTED_EDGE ( 'NONE', *, *, #488, .T. ) ;
#7474 = DIRECTION ( 'NONE',  ( 0.0000000000000000000, 0.0000000000000000000, 1.000000000000000000 ) ) ;
#7475 = ORIENTED_EDGE ( 'NONE', *, *, #2451, .T. ) ;
#7476 = FACE_OUTER_BOUND ( 'NONE', #7930, .T. ) ;
#7477 = CARTESIAN_POINT ( 'NONE',  ( 0.0000000000000000000, 0.0000000000000000000, -1.503937007874015741 ) ) ;
#7478 = STYLED_ITEM ( 'NONE', ( #2042 ), #5611 ) ;
#7479 = FACE_OUTER_BOUND ( 'NONE', #2905, .T. ) ;
#7480 =( CONVERSION_BASED_UNIT ( 'INCH', #4174 ) LENGTH_UNIT ( ) NAMED_UNIT ( #3132 ) );
#7481 = VERTEX_POINT ( 'NONE', #3906 ) ;
#7482 = PRESENTATION_LAYER_ASSIGNMENT (  '', '', ( #3961 ) ) ;
#7483 = EDGE_CURVE ( 'NONE', #8308, #5681, #8747, .T. ) ;
#7484 =( NAMED_UNIT ( * ) SI_UNIT ( $, .STERADIAN. ) SOLID_ANGLE_UNIT ( ) );
#7485 = CYLINDRICAL_SURFACE ( 'NONE', #7082, 0.007874015748031499423 ) ;
#7486 = STYLED_ITEM ( 'NONE', ( #7555 ), #5986 ) ;
#7487 = CARTESIAN_POINT ( 'NONE',  ( -0.02952755905511811330, -0.09389165368277065105, -1.307086614173228467 ) ) ;
#7488 = ADVANCED_FACE ( 'NONE', ( #6594 ), #2568, .F. ) ;
#7489 =( NAMED_UNIT ( * ) SI_UNIT ( $, .STERADIAN. ) SOLID_ANGLE_UNIT ( ) );
#7490 = EDGE_LOOP ( 'NONE', ( #2785, #8218, #5515, #5896 ) ) ;
#7491 = DIMENSIONAL_EXPONENTS ( 1.000000000000000000, 0.0000000000000000000, 0.0000000000000000000, 0.0000000000000000000, 0.0000000000000000000, 0.0000000000000000000, 0.0000000000000000000 ) ;
#7492 =( NAMED_UNIT ( * ) PLANE_ANGLE_UNIT ( ) SI_UNIT ( $, .RADIAN. ) );
#7493 = FILL_AREA_STYLE ('',( #2810 ) ) ;
#7494 = VERTEX_POINT ( 'NONE', #3141 ) ;
#7495 = CARTESIAN_POINT ( 'NONE',  ( 0.1723862642169728676, 0.01705977506991343887, 0.2007874015748031260 ) ) ;
#7496 = CARTESIAN_POINT ( 'NONE',  ( -0.1141732283464566844, 0.02952755905511811330, -1.267716535433071057 ) ) ;
#7497 = DIRECTION ( 'NONE',  ( -1.000000000000000000, 0.0000000000000000000, 0.0000000000000000000 ) ) ;
#7498 =( GEOMETRIC_REPRESENTATION_CONTEXT ( 3 ) GLOBAL_UNCERTAINTY_ASSIGNED_CONTEXT ( ( #697 ) ) GLOBAL_UNIT_ASSIGNED_CONTEXT ( ( #7667, #6423, #8497 ) ) REPRESENTATION_CONTEXT ( 'NONE', 'WORKASPACE' ) );
#7499 = PRESENTATION_LAYER_ASSIGNMENT (  '', '', ( #1715 ) ) ;
#7500 = EDGE_CURVE ( 'NONE', #306, #4389, #4626, .T. ) ;
#7501 = CARTESIAN_POINT ( 'NONE',  ( -0.09389165368277065105, -0.02952755905511811330, -1.582677165354331006 ) ) ;
#7502 = ORIENTED_EDGE ( 'NONE', *, *, #5279, .T. ) ;
#7503 = EDGE_CURVE ( 'NONE', #4329, #6018, #5311, .T. ) ;
#7504 = CARTESIAN_POINT ( 'NONE',  ( 0.0000000000000000000, 0.0000000000000000000, -1.307086614173228467 ) ) ;
#7505 =( NAMED_UNIT ( * ) SI_UNIT ( $, .STERADIAN. ) SOLID_ANGLE_UNIT ( ) );
#7506 = ORIENTED_EDGE ( 'NONE', *, *, #5854, .T. ) ;
#7507 = MECHANICAL_DESIGN_GEOMETRIC_PRESENTATION_REPRESENTATION (  '', ( #8664 ), #2707 ) ;
#7508 = DIRECTION ( 'NONE',  ( 0.0000000000000000000, 0.0000000000000000000, -1.000000000000000000 ) ) ;
#7509 = PRESENTATION_LAYER_ASSIGNMENT (  '', '', ( #2845 ) ) ;
#7510 = UNCERTAINTY_MEASURE_WITH_UNIT (LENGTH_MEASURE( 1.000000000000000082E-05 ), #885, 'distance_accuracy_value', 'NONE');
#7511 = VECTOR ( 'NONE', #7346, 39.37007874015748143 ) ;
#7512 = AXIS2_PLACEMENT_3D ( 'NONE', #5998, #2512, #8596 ) ;
#7513 = CARTESIAN_POINT ( 'NONE',  ( 0.09389165368277066492, -0.02952755905511809942, -1.307086614173228467 ) ) ;
#7514 = VERTEX_POINT ( 'NONE', #8157 ) ;
#7515 = CARTESIAN_POINT ( 'NONE',  ( 0.0000000000000000000, 0.0000000000000000000, -1.464566929133858109 ) ) ;
#7516 = VERTEX_POINT ( 'NONE', #2169 ) ;
#7517 = LENGTH_MEASURE_WITH_UNIT ( LENGTH_MEASURE( 0.02539999999999999897 ), #6814 );
#7518 = CARTESIAN_POINT ( 'NONE',  ( -0.07304209109498221997, -0.1614076073287682989, 0.2007874015748032093 ) ) ;
#7519 = SURFACE_SIDE_STYLE ('',( #3414 ) ) ;
#7520 = AXIS2_PLACEMENT_3D ( 'NONE', #6674, #630, #3312 ) ;
#7521 = LINE ( 'NONE', #5488, #4916 ) ;
#7522 = ORIENTED_EDGE ( 'NONE', *, *, #8214, .F. ) ;
#7523 = SURFACE_SIDE_STYLE ('',( #6200 ) ) ;
#7524 = CARTESIAN_POINT ( 'NONE',  ( -0.02952755905511811330, 0.1141732283464566844, -1.346456692913385877 ) ) ;
#7525 = CARTESIAN_POINT ( 'NONE',  ( -0.09389165368277065105, 0.02952755905511811330, -1.385826771653543510 ) ) ;
#7526 = AXIS2_PLACEMENT_3D ( 'NONE', #8476, #194, #4937 ) ;
#7527 = EDGE_CURVE ( 'NONE', #5399, #5874, #1659, .T. ) ;
#7528 = ORIENTED_EDGE ( 'NONE', *, *, #5393, .F. ) ;
#7529 = FILL_AREA_STYLE ('',( #6790 ) ) ;
#7530 = DIRECTION ( 'NONE',  ( 1.000000000000000000, 0.0000000000000000000, 0.0000000000000000000 ) ) ;
#7531 = VERTEX_POINT ( 'NONE', #109 ) ;
#7532 = AXIS2_PLACEMENT_3D ( 'NONE', #3937, #2469, #501 ) ;
#7533 = CARTESIAN_POINT ( 'NONE',  ( 0.1771653543307086798, 0.0000000000000000000, 0.2007874015748031260 ) ) ;
#7534 = EDGE_LOOP ( 'NONE', ( #2013, #240, #6166, #2886 ) ) ;
#7535 = FACE_OUTER_BOUND ( 'NONE', #2207, .T. ) ;
#7536 = CARTESIAN_POINT ( 'NONE',  ( 0.0000000000000000000, 0.0000000000000000000, -1.582677165354331006 ) ) ;
#7537 = DIRECTION ( 'NONE',  ( 0.0000000000000000000, 1.000000000000000000, 0.0000000000000000000 ) ) ;
#7538 = ADVANCED_FACE ( 'NONE', ( #5556 ), #192, .F. ) ;
#7539 = PRESENTATION_LAYER_ASSIGNMENT (  '', '', ( #1756 ) ) ;
#7540 = LINE ( 'NONE', #6080, #1003 ) ;
#7541 = ORIENTED_EDGE ( 'NONE', *, *, #7549, .T. ) ;
#7542 = CARTESIAN_POINT ( 'NONE',  ( 0.02952755905511810289, 0.09389165368277065105, -1.464566929133858109 ) ) ;
#7543 = AXIS2_PLACEMENT_3D ( 'NONE', #6173, #2857, #135 ) ;
#7544 = CARTESIAN_POINT ( 'NONE',  ( 0.02952755905511811330, -0.1141732283464566844, -1.622047244094488194 ) ) ;
#7545 = ORIENTED_EDGE ( 'NONE', *, *, #4040, .F. ) ;
#7546 = VECTOR ( 'NONE', #3864, 39.37007874015748143 ) ;
#7547 = SURFACE_STYLE_USAGE ( .BOTH. , #2821 ) ;
#7548 = DIMENSIONAL_EXPONENTS ( 1.000000000000000000, 0.0000000000000000000, 0.0000000000000000000, 0.0000000000000000000, 0.0000000000000000000, 0.0000000000000000000, 0.0000000000000000000 ) ;
#7549 = EDGE_CURVE ( 'NONE', #3443, #6235, #2222, .T. ) ;
#7550 = AXIS2_PLACEMENT_3D ( 'NONE', #3162, #7359, #8519 ) ;
#7551 = STYLED_ITEM ( 'NONE', ( #8203 ), #3879 ) ;
#7552 = DIRECTION ( 'NONE',  ( -0.0000000000000000000, -0.0000000000000000000, -1.000000000000000000 ) ) ;
#7553 = ORIENTED_EDGE ( 'NONE', *, *, #6308, .T. ) ;
#7554 = CARTESIAN_POINT ( 'NONE',  ( -0.07304209109498202568, 0.1614076073287684376, 0.4298724771940015676 ) ) ;
#7555 = PRESENTATION_STYLE_ASSIGNMENT (( #142 ) ) ;
#7556 = VERTEX_POINT ( 'NONE', #6731 ) ;
#7557 =( NAMED_UNIT ( * ) SI_UNIT ( $, .STERADIAN. ) SOLID_ANGLE_UNIT ( ) );
#7558 = DIRECTION ( 'NONE',  ( -1.000000000000000000, 0.0000000000000000000, 0.0000000000000000000 ) ) ;
#7559 = AXIS2_PLACEMENT_3D ( 'NONE', #4945, #8355, #6947 ) ;
#7560 = AXIS2_PLACEMENT_3D ( 'NONE', #7108, #7027, #3128 ) ;
#7561 = CARTESIAN_POINT ( 'NONE',  ( -0.02952755905511811330, 0.09389165368277065105, -1.503937007874015741 ) ) ;
#7562 =( GEOMETRIC_REPRESENTATION_CONTEXT ( 3 ) GLOBAL_UNCERTAINTY_ASSIGNED_CONTEXT ( ( #5561 ) ) GLOBAL_UNIT_ASSIGNED_CONTEXT ( ( #5601, #141, #1547 ) ) REPRESENTATION_CONTEXT ( 'NONE', 'WORKASPACE' ) );
#7563 = PRESENTATION_STYLE_ASSIGNMENT (( #278 ) ) ;
#7564 = EDGE_CURVE ( 'NONE', #4889, #4540, #3924, .T. ) ;
#7565 = LINE ( 'NONE', #8070, #4976 ) ;
#7566 = COLOUR_RGB ( '',0.2509803921568627416, 0.2509803921568627416, 0.2509803921568627416 ) ;
#7567 = ORIENTED_EDGE ( 'NONE', *, *, #15, .T. ) ;
#7568 = DIRECTION ( 'NONE',  ( -1.000000000000000000, 0.0000000000000000000, 0.0000000000000000000 ) ) ;
#7569 = CARTESIAN_POINT ( 'NONE',  ( 0.1476377952755905942, 0.0000000000000000000, 0.2007874015748031260 ) ) ;
#7570 = AXIS2_PLACEMENT_3D ( 'NONE', #7155, #6445, #3081 ) ;
#7571 = DIRECTION ( 'NONE',  ( 1.000000000000000000, 0.0000000000000000000, 0.0000000000000000000 ) ) ;
#7572 = PRESENTATION_LAYER_ASSIGNMENT (  '', '', ( #7987 ) ) ;
#7573 = ORIENTED_EDGE ( 'NONE', *, *, #2593, .T. ) ;
#7574 = DIRECTION ( 'NONE',  ( 0.0000000000000000000, 0.0000000000000000000, -1.000000000000000000 ) ) ;
#7575 = STYLED_ITEM ( 'NONE', ( #2492 ), #7219 ) ;
#7576 = DIRECTION ( 'NONE',  ( 0.0000000000000000000, 1.000000000000000000, 0.0000000000000000000 ) ) ;
#7577 = VERTEX_POINT ( 'NONE', #7561 ) ;
#7578 = SURFACE_STYLE_FILL_AREA ( #2676 ) ;
#7579 = ORIENTED_EDGE ( 'NONE', *, *, #1554, .F. ) ;
#7580 = LINE ( 'NONE', #1529, #7137 ) ;
#7581 = PLANE ( 'NONE',  #2628 ) ;
#7582 =( CONVERSION_BASED_UNIT ( 'INCH', #3516 ) LENGTH_UNIT ( ) NAMED_UNIT ( #6399 ) );
#7583 = LINE ( 'NONE', #4678, #5676 ) ;
#7584 = AXIS2_PLACEMENT_3D ( 'NONE', #8295, #2869, #4809 ) ;
#7585 = CIRCLE ( 'NONE', #3211, 0.007874015748031499423 ) ;
#7586 = DIRECTION ( 'NONE',  ( 0.0000000000000000000, 0.0000000000000000000, 1.000000000000000000 ) ) ;
#7587 = EDGE_LOOP ( 'NONE', ( #6997, #4799, #4134, #6208 ) ) ;
#7588 = DIMENSIONAL_EXPONENTS ( 1.000000000000000000, 0.0000000000000000000, 0.0000000000000000000, 0.0000000000000000000, 0.0000000000000000000, 0.0000000000000000000, 0.0000000000000000000 ) ;
#7589 = COLOUR_RGB ( '',0.7450980392156862919, 0.7450980392156862919, 0.7450980392156862919 ) ;
#7590 = CARTESIAN_POINT ( 'NONE',  ( -0.1614173228346456601, 1.976792077363837694E-17, 0.0000000000000000000 ) ) ;
#7591 = AXIS2_PLACEMENT_3D ( 'NONE', #5273, #4009, #1933 ) ;
#7592 = CARTESIAN_POINT ( 'NONE',  ( 0.02952755905511811330, 0.1141732283464566844, -1.622047244094488194 ) ) ;
#7593 = ORIENTED_EDGE ( 'NONE', *, *, #3486, .F. ) ;
#7594 = EDGE_CURVE ( 'NONE', #7820, #7103, #1510, .T. ) ;
#7595 = LINE ( 'NONE', #6260, #5809 ) ;
#7596 = AXIS2_PLACEMENT_3D ( 'NONE', #7470, #2824, #4082 ) ;
#7597 = VECTOR ( 'NONE', #1969, 39.37007874015748143 ) ;
#7598 = UNCERTAINTY_MEASURE_WITH_UNIT (LENGTH_MEASURE( 1.000000000000000082E-05 ), #6500, 'distance_accuracy_value', 'NONE');
#7599 = FACE_OUTER_BOUND ( 'NONE', #1497, .T. ) ;
#7600 =( CONVERSION_BASED_UNIT ( 'INCH', #4844 ) LENGTH_UNIT ( ) NAMED_UNIT ( #6968 ) );
#7601 = ORIENTED_EDGE ( 'NONE', *, *, #5705, .F. ) ;
#7602 = LENGTH_MEASURE_WITH_UNIT ( LENGTH_MEASURE( 0.02539999999999999897 ), #6183 );
#7603 = CIRCLE ( 'NONE', #2798, 0.1528666338582677087 ) ;
#7604 = ORIENTED_EDGE ( 'NONE', *, *, #4029, .F. ) ;
#7605 = EDGE_CURVE ( 'NONE', #7660, #3443, #5392, .T. ) ;
#7606 = AXIS2_PLACEMENT_3D ( 'NONE', #3259, #5946, #7376 ) ;
#7607 = FILL_AREA_STYLE_COLOUR ( '', #684 ) ;
#7608 = SURFACE_STYLE_FILL_AREA ( #3573 ) ;
#7609 = CIRCLE ( 'NONE', #3225, 0.1405634842519684902 ) ;
#7610 = UNCERTAINTY_MEASURE_WITH_UNIT (LENGTH_MEASURE( 1.000000000000000082E-05 ), #5332, 'distance_accuracy_value', 'NONE');
#7611 = DIRECTION ( 'NONE',  ( 1.000000000000000000, 1.323385845353186344E-13, 0.0000000000000000000 ) ) ;
#7612 = ORIENTED_EDGE ( 'NONE', *, *, #6857, .T. ) ;
#7613 =( CONVERSION_BASED_UNIT ( 'INCH', #152 ) LENGTH_UNIT ( ) NAMED_UNIT ( #7828 ) );
#7614 = ADVANCED_FACE ( 'NONE', ( #2050 ), #2788, .F. ) ;
#7615 = ADVANCED_FACE ( 'NONE', ( #7689 ), #3668, .F. ) ;
#7616 = PRESENTATION_STYLE_ASSIGNMENT (( #4426 ) ) ;
#7617 = MECHANICAL_DESIGN_GEOMETRIC_PRESENTATION_REPRESENTATION (  '', ( #2527 ), #7044 ) ;
#7618 = DIRECTION ( 'NONE',  ( -1.000000000000000000, 0.0000000000000000000, 0.0000000000000000000 ) ) ;
#7619 = DIRECTION ( 'NONE',  ( 0.0000000000000000000, 0.0000000000000000000, 1.000000000000000000 ) ) ;
#7620 =( NAMED_UNIT ( * ) PLANE_ANGLE_UNIT ( ) SI_UNIT ( $, .RADIAN. ) );
#7621 = ORIENTED_EDGE ( 'NONE', *, *, #809, .F. ) ;
#7622 = CARTESIAN_POINT ( 'NONE',  ( -0.07523309877070720464, 0.1568449773682431825, 0.03937007874015747977 ) ) ;
#7623 = ORIENTED_EDGE ( 'NONE', *, *, #1591, .T. ) ;
#7624 = DIRECTION ( 'NONE',  ( 0.0000000000000000000, -1.000000000000000000, 0.0000000000000000000 ) ) ;
#7625 = VERTEX_POINT ( 'NONE', #7742 ) ;
#7626 = CARTESIAN_POINT ( 'NONE',  ( 0.02952755905511811330, -0.1141732283464566844, -1.622047244094488194 ) ) ;
#7627 = SURFACE_SIDE_STYLE ('',( #4792 ) ) ;
#7628 = FILL_AREA_STYLE ('',( #5798 ) ) ;
#7629 = SURFACE_STYLE_USAGE ( .BOTH. , #4028 ) ;
#7630 = AXIS2_PLACEMENT_3D ( 'NONE', #2090, #891, #4729 ) ;
#7631 = CARTESIAN_POINT ( 'NONE',  ( -0.05229675996774407754, -0.1443627238866406759, 0.4298724771940015676 ) ) ;
#7632 = ORIENTED_EDGE ( 'NONE', *, *, #4369, .F. ) ;
#7633 =( CONVERSION_BASED_UNIT ( 'INCH', #395 ) LENGTH_UNIT ( ) NAMED_UNIT ( #4492 ) );
#7634 = ORIENTED_EDGE ( 'NONE', *, *, #7656, .F. ) ;
#7635 = DIRECTION ( 'NONE',  ( 0.0000000000000000000, 0.0000000000000000000, 1.000000000000000000 ) ) ;
#7636 = CIRCLE ( 'NONE', #1154, 0.1528666338582677087 ) ;
#7637 = EDGE_CURVE ( 'NONE', #4389, #7414, #2341, .T. ) ;
#7638 = SURFACE_STYLE_USAGE ( .BOTH. , #7021 ) ;
#7639 = ORIENTED_EDGE ( 'NONE', *, *, #8224, .F. ) ;
#7640 = PRESENTATION_LAYER_ASSIGNMENT (  '', '', ( #2139 ) ) ;
#7641 = LINE ( 'NONE', #6313, #703 ) ;
#7642 = VECTOR ( 'NONE', #568, 39.37007874015748143 ) ;
#7643 = ORIENTED_EDGE ( 'NONE', *, *, #7500, .F. ) ;
#7644 = DIMENSIONAL_EXPONENTS ( 1.000000000000000000, 0.0000000000000000000, 0.0000000000000000000, 0.0000000000000000000, 0.0000000000000000000, 0.0000000000000000000, 0.0000000000000000000 ) ;
#7645 = CARTESIAN_POINT ( 'NONE',  ( -0.09389165368277065105, -0.02952755905511811330, -1.503937007874015741 ) ) ;
#7646 = EDGE_CURVE ( 'NONE', #174, #7995, #2954, .T. ) ;
#7647 = CARTESIAN_POINT ( 'NONE',  ( 0.0000000000000000000, 0.0000000000000000000, -1.267716535433071057 ) ) ;
#7648 = PLANE ( 'NONE',  #8052 ) ;
#7649 = ORIENTED_EDGE ( 'NONE', *, *, #1443, .F. ) ;
#7650 =( LENGTH_UNIT ( ) NAMED_UNIT ( * ) SI_UNIT ( $, .METRE. ) );
#7651 = STYLED_ITEM ( 'NONE', ( #639 ), #1408 ) ;
#7652 = SURFACE_STYLE_USAGE ( .BOTH. , #3581 ) ;
#7653 = DIRECTION ( 'NONE',  ( 1.000000000000000000, 0.0000000000000000000, 0.0000000000000000000 ) ) ;
#7654 = DIRECTION ( 'NONE',  ( 0.0000000000000000000, 0.0000000000000000000, -1.000000000000000000 ) ) ;
#7655 = ADVANCED_FACE ( 'NONE', ( #7069, #8345, #1032, #2910, #362, #5070, #895, #7784, #1726, #4417, #5607, #7110, #1071 ), #6447, .F. ) ;
#7656 = EDGE_CURVE ( 'NONE', #593, #5770, #1860, .T. ) ;
#7657 =( GEOMETRIC_REPRESENTATION_CONTEXT ( 3 ) GLOBAL_UNCERTAINTY_ASSIGNED_CONTEXT ( ( #2715 ) ) GLOBAL_UNIT_ASSIGNED_CONTEXT ( ( #6885, #1532, #1999 ) ) REPRESENTATION_CONTEXT ( 'NONE', 'WORKASPACE' ) );
#7658 = EDGE_LOOP ( 'NONE', ( #7713, #3475, #5763, #1038 ) ) ;
#7659 = SURFACE_STYLE_USAGE ( .BOTH. , #3341 ) ;
#7660 = VERTEX_POINT ( 'NONE', #8517 ) ;
#7661 = DIMENSIONAL_EXPONENTS ( 1.000000000000000000, 0.0000000000000000000, 0.0000000000000000000, 0.0000000000000000000, 0.0000000000000000000, 0.0000000000000000000, 0.0000000000000000000 ) ;
#7662 =( NAMED_UNIT ( * ) SI_UNIT ( $, .STERADIAN. ) SOLID_ANGLE_UNIT ( ) );
#7663 = VERTEX_POINT ( 'NONE', #8690 ) ;
#7664 = CARTESIAN_POINT ( 'NONE',  ( -0.1141732283464566844, -0.02952755905511811330, -1.543307086614173151 ) ) ;
#7665 = FACE_OUTER_BOUND ( 'NONE', #5710, .T. ) ;
#7666 = VECTOR ( 'NONE', #5933, 39.37007874015747433 ) ;
#7667 =( CONVERSION_BASED_UNIT ( 'INCH', #300 ) LENGTH_UNIT ( ) NAMED_UNIT ( #6911 ) );
#7668 =( LENGTH_UNIT ( ) NAMED_UNIT ( * ) SI_UNIT ( $, .METRE. ) );
#7669 = ADVANCED_FACE ( 'NONE', ( #7199 ), #1247, .F. ) ;
#7670 =( LENGTH_UNIT ( ) NAMED_UNIT ( * ) SI_UNIT ( $, .METRE. ) );
#7671 = ORIENTED_EDGE ( 'NONE', *, *, #5572, .F. ) ;
#7672 =( NAMED_UNIT ( * ) PLANE_ANGLE_UNIT ( ) SI_UNIT ( $, .RADIAN. ) );
#7673 = FACE_OUTER_BOUND ( 'NONE', #644, .T. ) ;
#7674 = EDGE_LOOP ( 'NONE', ( #6913, #3194, #7522, #1255 ) ) ;
#7675 = DIRECTION ( 'NONE',  ( 1.000000000000000000, 0.0000000000000000000, 0.0000000000000000000 ) ) ;
#7676 = LINE ( 'NONE', #8422, #321 ) ;
#7677 = PRESENTATION_LAYER_ASSIGNMENT (  '', '', ( #2044 ) ) ;
#7678 = UNCERTAINTY_MEASURE_WITH_UNIT (LENGTH_MEASURE( 1.000000000000000082E-05 ), #2046, 'distance_accuracy_value', 'NONE');
#7679 = DIRECTION ( 'NONE',  ( 0.0000000000000000000, 0.0000000000000000000, 1.000000000000000000 ) ) ;
#7680 = SURFACE_STYLE_USAGE ( .BOTH. , #2946 ) ;
#7681 = ORIENTED_EDGE ( 'NONE', *, *, #800, .F. ) ;
#7682 = STYLED_ITEM ( 'NONE', ( #4785 ), #2802 ) ;
#7683 = DIRECTION ( 'NONE',  ( 1.000000000000000000, 0.0000000000000000000, 0.0000000000000000000 ) ) ;
#7684 = SURFACE_SIDE_STYLE ('',( #3330 ) ) ;
#7685 = VERTEX_POINT ( 'NONE', #2465 ) ;
#7686 = DIRECTION ( 'NONE',  ( 0.0000000000000000000, 0.0000000000000000000, -1.000000000000000000 ) ) ;
#7687 = DIRECTION ( 'NONE',  ( 0.0000000000000000000, 0.0000000000000000000, 1.000000000000000000 ) ) ;
#7688 = EDGE_CURVE ( 'NONE', #1356, #5806, #4638, .T. ) ;
#7689 = FACE_OUTER_BOUND ( 'NONE', #4121, .T. ) ;
#7690 = PRESENTATION_LAYER_ASSIGNMENT (  '', '', ( #4168 ) ) ;
#7691 = DIRECTION ( 'NONE',  ( -1.000000000000000000, 0.0000000000000000000, 0.0000000000000000000 ) ) ;
#7692 = PRESENTATION_LAYER_ASSIGNMENT (  '', '', ( #1621 ) ) ;
#7693 = UNCERTAINTY_MEASURE_WITH_UNIT (LENGTH_MEASURE( 1.000000000000000082E-05 ), #3762, 'distance_accuracy_value', 'NONE');
#7694 = LINE ( 'NONE', #1553, #6892 ) ;
#7695 = SURFACE_STYLE_FILL_AREA ( #6454 ) ;
#7696 = ORIENTED_EDGE ( 'NONE', *, *, #123, .T. ) ;
#7697 = AXIS2_PLACEMENT_3D ( 'NONE', #5682, #8421, #6435 ) ;
#7698 =( CONVERSION_BASED_UNIT ( 'INCH', #7410 ) LENGTH_UNIT ( ) NAMED_UNIT ( #1230 ) );
#7699 =( GEOMETRIC_REPRESENTATION_CONTEXT ( 3 ) GLOBAL_UNCERTAINTY_ASSIGNED_CONTEXT ( ( #6539 ) ) GLOBAL_UNIT_ASSIGNED_CONTEXT ( ( #7613, #4135, #72 ) ) REPRESENTATION_CONTEXT ( 'NONE', 'WORKASPACE' ) );
#7700 = LINE ( 'NONE', #6992, #236 ) ;
#7701 = ADVANCED_FACE ( 'NONE', ( #5822 ), #7156, .T. ) ;
#7702 =( CONVERSION_BASED_UNIT ( 'INCH', #4987 ) LENGTH_UNIT ( ) NAMED_UNIT ( #4338 ) );
#7703 = CARTESIAN_POINT ( 'NONE',  ( 0.05511811023622045780, 0.07874015748031495954, 0.1968503936985494807 ) ) ;
#7704 = CARTESIAN_POINT ( 'NONE',  ( 0.0000000000000000000, 0.0000000000000000000, -1.622047244094488194 ) ) ;
#7705 = AXIS2_PLACEMENT_3D ( 'NONE', #1085, #6459, #7792 ) ;
#7706 = VECTOR ( 'NONE', #5648, 39.37007874015748143 ) ;
#7707 = DIMENSIONAL_EXPONENTS ( 1.000000000000000000, 0.0000000000000000000, 0.0000000000000000000, 0.0000000000000000000, 0.0000000000000000000, 0.0000000000000000000, 0.0000000000000000000 ) ;
#7708 =( GEOMETRIC_REPRESENTATION_CONTEXT ( 3 ) GLOBAL_UNCERTAINTY_ASSIGNED_CONTEXT ( ( #3808 ) ) GLOBAL_UNIT_ASSIGNED_CONTEXT ( ( #3558, #3520, #6256 ) ) REPRESENTATION_CONTEXT ( 'NONE', 'WORKASPACE' ) );
#7709 = DIRECTION ( 'NONE',  ( 0.0000000000000000000, 0.0000000000000000000, 1.000000000000000000 ) ) ;
#7710 = ORIENTED_EDGE ( 'NONE', *, *, #168, .F. ) ;
#7711 = FILL_AREA_STYLE_COLOUR ( '', #8709 ) ;
#7712 = LENGTH_MEASURE_WITH_UNIT ( LENGTH_MEASURE( 0.02539999999999999897 ), #7127 );
#7713 = ORIENTED_EDGE ( 'NONE', *, *, #7343, .T. ) ;
#7714 =( LENGTH_UNIT ( ) NAMED_UNIT ( * ) SI_UNIT ( $, .METRE. ) );
#7715 = ORIENTED_EDGE ( 'NONE', *, *, #4689, .T. ) ;
#7716 = EDGE_CURVE ( 'NONE', #976, #8290, #673, .T. ) ;
#7717 = SURFACE_SIDE_STYLE ('',( #4959 ) ) ;
#7718 = FILL_AREA_STYLE ('',( #7763 ) ) ;
#7719 = COLOUR_RGB ( '',0.2509803921568627416, 0.2509803921568627416, 0.2509803921568627416 ) ;
#7720 = SURFACE_STYLE_FILL_AREA ( #8411 ) ;
#7721 =( NAMED_UNIT ( * ) PLANE_ANGLE_UNIT ( ) SI_UNIT ( $, .RADIAN. ) );
#7722 = DIRECTION ( 'NONE',  ( 0.0000000000000000000, 0.0000000000000000000, 1.000000000000000000 ) ) ;
#7723 = ORIENTED_EDGE ( 'NONE', *, *, #1418, .T. ) ;
#7724 =( NAMED_UNIT ( * ) PLANE_ANGLE_UNIT ( ) SI_UNIT ( $, .RADIAN. ) );
#7725 = CARTESIAN_POINT ( 'NONE',  ( 0.0000000000000000000, 0.0000000000000000000, -1.771653543307086576 ) ) ;
#7726 = EDGE_LOOP ( 'NONE', ( #6763, #2486, #6745, #90 ) ) ;
#7727 = EDGE_CURVE ( 'NONE', #1012, #225, #2690, .T. ) ;
#7728 = EDGE_CURVE ( 'NONE', #5476, #2510, #6517, .T. ) ;
#7729 = FACE_OUTER_BOUND ( 'NONE', #5699, .T. ) ;
#7730 = PRESENTATION_LAYER_ASSIGNMENT (  '', '', ( #5596 ) ) ;
#7731 = DIMENSIONAL_EXPONENTS ( 1.000000000000000000, 0.0000000000000000000, 0.0000000000000000000, 0.0000000000000000000, 0.0000000000000000000, 0.0000000000000000000, 0.0000000000000000000 ) ;
#7732 = VECTOR ( 'NONE', #1711, 39.37007874015748143 ) ;
#7733 = CARTESIAN_POINT ( 'NONE',  ( 0.1511701662292213311, -0.02689103927563765012, 0.03937007874015751446 ) ) ;
#7734 = AXIS2_PLACEMENT_3D ( 'NONE', #4248, #8385, #6939 ) ;
#7735 = FILL_AREA_STYLE_COLOUR ( '', #7113 ) ;
#7736 = VERTEX_POINT ( 'NONE', #8719 ) ;
#7737 = LINE ( 'NONE', #314, #8628 ) ;
#7738 = DIRECTION ( 'NONE',  ( -1.000000000000000000, 0.0000000000000000000, 0.0000000000000000000 ) ) ;
#7739 = ORIENTED_EDGE ( 'NONE', *, *, #2803, .T. ) ;
#7740 =( CONVERSION_BASED_UNIT ( 'INCH', #3712 ) LENGTH_UNIT ( ) NAMED_UNIT ( #58 ) );
#7741 = CIRCLE ( 'NONE', #4348, 0.09842519685039370636 ) ;
#7742 = CARTESIAN_POINT ( 'NONE',  ( -0.09821518547154173273, 0.1435762634249768688, 0.03937007874015747977 ) ) ;
#7743 =( NAMED_UNIT ( * ) SI_UNIT ( $, .STERADIAN. ) SOLID_ANGLE_UNIT ( ) );
#7744 =( GEOMETRIC_REPRESENTATION_CONTEXT ( 3 ) GLOBAL_UNCERTAINTY_ASSIGNED_CONTEXT ( ( #6705 ) ) GLOBAL_UNIT_ASSIGNED_CONTEXT ( ( #4591, #3172, #8013 ) ) REPRESENTATION_CONTEXT ( 'NONE', 'WORKASPACE' ) );
#7745 = CARTESIAN_POINT ( 'NONE',  ( -0.1559424212598425341, 1.909743870471543100E-17, -1.307086614173228467 ) ) ;
#7746 = CARTESIAN_POINT ( 'NONE',  ( 0.02952755905511811330, -0.1141732283464566844, -1.503937007874015741 ) ) ;
#7747 = SURFACE_SIDE_STYLE ('',( #7695 ) ) ;
#7748 = VERTEX_POINT ( 'NONE', #8765 ) ;
#7749 = PRESENTATION_LAYER_ASSIGNMENT (  '', '', ( #1816 ) ) ;
#7750 = FILL_AREA_STYLE ('',( #907 ) ) ;
#7751 = CARTESIAN_POINT ( 'NONE',  ( 0.03937007874015747283, -0.07874015748031495954, 0.0000000000000000000 ) ) ;
#7752 = CARTESIAN_POINT ( 'NONE',  ( 0.05511811023622047168, -0.07874015748031495954, 0.1968503936985494807 ) ) ;
#7753 = VECTOR ( 'NONE', #4716, 39.37007874015748143 ) ;
#7754 = EDGE_CURVE ( 'NONE', #747, #7042, #612, .T. ) ;
#7755 = CARTESIAN_POINT ( 'NONE',  ( 0.0000000000000000000, 0.0000000000000000000, 0.03937007874015751446 ) ) ;
#7756 = VERTEX_POINT ( 'NONE', #3294 ) ;
#7757 = CARTESIAN_POINT ( 'NONE',  ( 0.02952755905511811330, -0.1141732283464566844, -1.307086614173228467 ) ) ;
#7758 = STYLED_ITEM ( 'NONE', ( #7790 ), #5531 ) ;
#7759 = FACE_OUTER_BOUND ( 'NONE', #5840, .T. ) ;
#7760 = EDGE_LOOP ( 'NONE', ( #8529, #1664, #4165, #1463 ) ) ;
#7761 = PRESENTATION_STYLE_ASSIGNMENT (( #6419 ) ) ;
#7762 = ORIENTED_EDGE ( 'NONE', *, *, #4351, .F. ) ;
#7763 = FILL_AREA_STYLE_COLOUR ( '', #6872 ) ;
#7764 = DIRECTION ( 'NONE',  ( -1.000000000000000000, 0.0000000000000000000, 0.0000000000000000000 ) ) ;
#7765 = VECTOR ( 'NONE', #7722, 39.37007874015748143 ) ;
#7766 = EDGE_CURVE ( 'NONE', #7103, #6890, #2496, .T. ) ;
#7767 = LENGTH_MEASURE_WITH_UNIT ( LENGTH_MEASURE( 0.02539999999999999897 ), #7670 );
#7768 = VERTEX_POINT ( 'NONE', #7264 ) ;
#7769 = DIMENSIONAL_EXPONENTS ( 1.000000000000000000, 0.0000000000000000000, 0.0000000000000000000, 0.0000000000000000000, 0.0000000000000000000, 0.0000000000000000000, 0.0000000000000000000 ) ;
#7770 = DIRECTION ( 'NONE',  ( 0.0000000000000000000, -1.000000000000000000, 0.0000000000000000000 ) ) ;
#7771 = PRESENTATION_STYLE_ASSIGNMENT (( #2448 ) ) ;
#7772 = DIRECTION ( 'NONE',  ( 0.0000000000000000000, 0.0000000000000000000, 1.000000000000000000 ) ) ;
#7773 = VERTEX_POINT ( 'NONE', #3917 ) ;
#7774 = VECTOR ( 'NONE', #681, 39.37007874015748143 ) ;
#7775 = EDGE_CURVE ( 'NONE', #2888, #7048, #7990, .T. ) ;
#7776 = EDGE_CURVE ( 'NONE', #6909, #4765, #5893, .T. ) ;
#7777 = CARTESIAN_POINT ( 'NONE',  ( 0.0000000000000000000, 0.0000000000000000000, -1.346456692913385877 ) ) ;
#7778 = EDGE_LOOP ( 'NONE', ( #83, #6365, #5106, #3531, #817, #7409, #8501, #4718, #292, #1546, #2382, #2277, #186, #581, #2929, #2695 ) ) ;
#7779 = CARTESIAN_POINT ( 'NONE',  ( -0.02952755905511811330, 0.09389165368277023471, -1.622047244094488194 ) ) ;
#7780 = SURFACE_STYLE_USAGE ( .BOTH. , #6394 ) ;
#7781 = ORIENTED_EDGE ( 'NONE', *, *, #5597, .F. ) ;
#7782 = DIRECTION ( 'NONE',  ( 1.000000000000000000, 0.0000000000000000000, 0.0000000000000000000 ) ) ;
#7783 = CARTESIAN_POINT ( 'NONE',  ( -0.02952755905511811330, 0.1141732283464566844, -1.503937007874015741 ) ) ;
#7784 = FACE_BOUND ( 'NONE', #4582, .T. ) ;
#7785 = CARTESIAN_POINT ( 'NONE',  ( 0.02952755905511811330, -0.09389165368277065105, -1.582677165354331006 ) ) ;
#7786 = UNCERTAINTY_MEASURE_WITH_UNIT (LENGTH_MEASURE( 1.000000000000000082E-05 ), #5206, 'distance_accuracy_value', 'NONE');
#7787 = COLOUR_RGB ( '',0.2509803921568627416, 0.2509803921568627416, 0.2509803921568627416 ) ;
#7788 = DIRECTION ( 'NONE',  ( -1.000000000000000000, 0.0000000000000000000, 0.0000000000000000000 ) ) ;
#7789 = CIRCLE ( 'NONE', #8381, 0.09842519685039410882 ) ;
#7790 = PRESENTATION_STYLE_ASSIGNMENT (( #2960 ) ) ;
#7791 = EDGE_LOOP ( 'NONE', ( #3909, #7925, #8563, #8641, #2974, #1853, #5327 ) ) ;
#7792 = DIRECTION ( 'NONE',  ( 0.0000000000000000000, 0.0000000000000000000, 1.000000000000000000 ) ) ;
#7793 = DIRECTION ( 'NONE',  ( 0.0000000000000000000, 0.0000000000000000000, -1.000000000000000000 ) ) ;
#7794 = AXIS2_PLACEMENT_3D ( 'NONE', #5404, #8759, #4703 ) ;
#7795 =( CONVERSION_BASED_UNIT ( 'INCH', #4297 ) LENGTH_UNIT ( ) NAMED_UNIT ( #4379 ) );
#7796 =( NAMED_UNIT ( * ) PLANE_ANGLE_UNIT ( ) SI_UNIT ( $, .RADIAN. ) );
#7797 = SURFACE_SIDE_STYLE ('',( #291 ) ) ;
#7798 = VERTEX_POINT ( 'NONE', #2542 ) ;
#7799 =( GEOMETRIC_REPRESENTATION_CONTEXT ( 3 ) GLOBAL_UNCERTAINTY_ASSIGNED_CONTEXT ( ( #6067 ) ) GLOBAL_UNIT_ASSIGNED_CONTEXT ( ( #6190, #28, #6143 ) ) REPRESENTATION_CONTEXT ( 'NONE', 'WORKASPACE' ) );
#7800 = SURFACE_STYLE_USAGE ( .BOTH. , #5042 ) ;
#7801 = MECHANICAL_DESIGN_GEOMETRIC_PRESENTATION_REPRESENTATION (  '', ( #2853 ), #3701 ) ;
#7802 = PRESENTATION_STYLE_ASSIGNMENT (( #2266 ) ) ;
#7803 =( LENGTH_UNIT ( ) NAMED_UNIT ( * ) SI_UNIT ( $, .METRE. ) );
#7804 = LINE ( 'NONE', #6917, #5379 ) ;
#7805 = EDGE_LOOP ( 'NONE', ( #3169, #3542, #6916, #3137 ) ) ;
#7806 = LINE ( 'NONE', #7007, #8445 ) ;
#7807 = SURFACE_STYLE_FILL_AREA ( #7094 ) ;
#7808 = CARTESIAN_POINT ( 'NONE',  ( 0.02952755905511811330, -0.09389165368277023471, -1.622047244094488194 ) ) ;
#7809 = CARTESIAN_POINT ( 'NONE',  ( 0.02952755905511811330, 0.1141732283464566844, -1.503937007874015741 ) ) ;
#7810 = ORIENTED_EDGE ( 'NONE', *, *, #6636, .T. ) ;
#7811 = VECTOR ( 'NONE', #2583, 39.37007874015748143 ) ;
#7812 = PRESENTATION_STYLE_ASSIGNMENT (( #222 ) ) ;
#7813 = CARTESIAN_POINT ( 'NONE',  ( 0.1436392716535432879, 0.0000000000000000000, -1.622047244094488194 ) ) ;
#7814 = ORIENTED_EDGE ( 'NONE', *, *, #5705, .T. ) ;
#7815 = PRESENTATION_STYLE_ASSIGNMENT (( #5097 ) ) ;
#7816 = CARTESIAN_POINT ( 'NONE',  ( 0.02952755905511811330, -0.1141732283464566844, -1.543307086614173151 ) ) ;
#7817 = EDGE_CURVE ( 'NONE', #7196, #4674, #654, .T. ) ;
#7818 = VECTOR ( 'NONE', #5028, 39.37007874015748143 ) ;
#7819 = DIRECTION ( 'NONE',  ( 0.0000000000000000000, 0.0000000000000000000, 1.000000000000000000 ) ) ;
#7820 = VERTEX_POINT ( 'NONE', #5314 ) ;
#7821 = ORIENTED_EDGE ( 'NONE', *, *, #4294, .F. ) ;
#7822 =( NAMED_UNIT ( * ) PLANE_ANGLE_UNIT ( ) SI_UNIT ( $, .RADIAN. ) );
#7823 = SURFACE_STYLE_USAGE ( .BOTH. , #5194 ) ;
#7824 = ORIENTED_EDGE ( 'NONE', *, *, #3711, .F. ) ;
#7825 = AXIS2_PLACEMENT_3D ( 'NONE', #7877, #5201, #5781 ) ;
#7826 =( LENGTH_UNIT ( ) NAMED_UNIT ( * ) SI_UNIT ( $, .METRE. ) );
#7827 = EDGE_CURVE ( 'NONE', #656, #6524, #4660, .T. ) ;
#7828 = DIMENSIONAL_EXPONENTS ( 1.000000000000000000, 0.0000000000000000000, 0.0000000000000000000, 0.0000000000000000000, 0.0000000000000000000, 0.0000000000000000000, 0.0000000000000000000 ) ;
#7829 = FILL_AREA_STYLE ('',( #3222 ) ) ;
#7830 = FACE_OUTER_BOUND ( 'NONE', #1104, .T. ) ;
#7831 = AXIS2_PLACEMENT_3D ( 'NONE', #7472, #1544, #4241 ) ;
#7832 = FILL_AREA_STYLE_COLOUR ( '', #8199 ) ;
#7833 = VERTEX_POINT ( 'NONE', #575 ) ;
#7834 = FACE_OUTER_BOUND ( 'NONE', #2449, .T. ) ;
#7835 =( NAMED_UNIT ( * ) SI_UNIT ( $, .STERADIAN. ) SOLID_ANGLE_UNIT ( ) );
#7836 =( GEOMETRIC_REPRESENTATION_CONTEXT ( 3 ) GLOBAL_UNCERTAINTY_ASSIGNED_CONTEXT ( ( #1421 ) ) GLOBAL_UNIT_ASSIGNED_CONTEXT ( ( #7633, #1018, #6303 ) ) REPRESENTATION_CONTEXT ( 'NONE', 'WORKASPACE' ) );
#7837 = EDGE_CURVE ( 'NONE', #1285, #1240, #3214, .T. ) ;
#7838 = CIRCLE ( 'NONE', #356, 0.1436392716535433156 ) ;
#7839 = CARTESIAN_POINT ( 'NONE',  ( 0.05118110236220473758, 0.01968503937007873988, 0.1968503937007874127 ) ) ;
#7840 = STYLED_ITEM ( 'NONE', ( #8222 ), #6478 ) ;
#7841 = CIRCLE ( 'NONE', #652, 0.1771653543307086798 ) ;
#7842 = ORIENTED_EDGE ( 'NONE', *, *, #1020, .T. ) ;
#7843 = DIRECTION ( 'NONE',  ( -1.000000000000000000, 0.0000000000000000000, 0.0000000000000000000 ) ) ;
#7844 = FACE_OUTER_BOUND ( 'NONE', #4070, .T. ) ;
#7845 = LENGTH_MEASURE_WITH_UNIT ( LENGTH_MEASURE( 0.02539999999999999897 ), #6470 );
#7846 = LENGTH_MEASURE_WITH_UNIT ( LENGTH_MEASURE( 0.02539999999999999897 ), #6603 );
#7847 = EDGE_LOOP ( 'NONE', ( #2264, #8050 ) ) ;
#7848 = DIRECTION ( 'NONE',  ( 0.0000000000000000000, 0.0000000000000000000, -1.000000000000000000 ) ) ;
#7849 = SURFACE_STYLE_FILL_AREA ( #7718 ) ;
#7850 = COLOUR_RGB ( '',0.7450980392156862919, 0.7450980392156862919, 0.7450980392156862919 ) ;
#7851 = STYLED_ITEM ( 'NONE', ( #4075 ), #3974 ) ;
#7852 = SURFACE_SIDE_STYLE ('',( #341 ) ) ;
#7853 = AXIS2_PLACEMENT_3D ( 'NONE', #3663, #4373, #271 ) ;
#7854 = UNCERTAINTY_MEASURE_WITH_UNIT (LENGTH_MEASURE( 1.000000000000000082E-05 ), #5282, 'distance_accuracy_value', 'NONE');
#7855 = MECHANICAL_DESIGN_GEOMETRIC_PRESENTATION_REPRESENTATION (  '', ( #7432 ), #1638 ) ;
#7856 = DIRECTION ( 'NONE',  ( -1.000000000000000000, 0.0000000000000000000, 0.0000000000000000000 ) ) ;
#7857 = MECHANICAL_DESIGN_GEOMETRIC_PRESENTATION_REPRESENTATION (  '', ( #8300 ), #8579 ) ;
#7858 = SURFACE_STYLE_USAGE ( .BOTH. , #5760 ) ;
#7859 = ORIENTED_EDGE ( 'NONE', *, *, #7938, .F. ) ;
#7860 =( GEOMETRIC_REPRESENTATION_CONTEXT ( 3 ) GLOBAL_UNCERTAINTY_ASSIGNED_CONTEXT ( ( #1862 ) ) GLOBAL_UNIT_ASSIGNED_CONTEXT ( ( #8040, #2447, #3343 ) ) REPRESENTATION_CONTEXT ( 'NONE', 'WORKASPACE' ) );
#7861 = DIRECTION ( 'NONE',  ( 0.0000000000000000000, 0.0000000000000000000, -1.000000000000000000 ) ) ;
#7862 =( CONVERSION_BASED_UNIT ( 'INCH', #3069 ) LENGTH_UNIT ( ) NAMED_UNIT ( #7588 ) );
#7863 = ORIENTED_EDGE ( 'NONE', *, *, #8317, .T. ) ;
#7864 = DIRECTION ( 'NONE',  ( -1.000000000000000000, 0.0000000000000000000, 0.0000000000000000000 ) ) ;
#7865 = STYLED_ITEM ( 'NONE', ( #4914 ), #7073 ) ;
#7866 = UNCERTAINTY_MEASURE_WITH_UNIT (LENGTH_MEASURE( 1.000000000000000082E-05 ), #2039, 'distance_accuracy_value', 'NONE');
#7867 = CARTESIAN_POINT ( 'NONE',  ( 0.02952755905511811330, -0.09389165368277065105, -1.385826771653543510 ) ) ;
#7868 = ORIENTED_EDGE ( 'NONE', *, *, #8005, .T. ) ;
#7869 = EDGE_CURVE ( 'NONE', #7186, #1097, #7906, .T. ) ;
#7870 = CARTESIAN_POINT ( 'NONE',  ( 0.09389165368277066492, -0.02952755905511809942, -1.503937007874015741 ) ) ;
#7871 =( CONVERSION_BASED_UNIT ( 'INCH', #1068 ) LENGTH_UNIT ( ) NAMED_UNIT ( #786 ) );
#7872 = VECTOR ( 'NONE', #6910, 39.37007874015748854 ) ;
#7873 = ORIENTED_EDGE ( 'NONE', *, *, #2893, .F. ) ;
#7874 =( NAMED_UNIT ( * ) SI_UNIT ( $, .STERADIAN. ) SOLID_ANGLE_UNIT ( ) );
#7875 = SURFACE_SIDE_STYLE ('',( #2558 ) ) ;
#7876 = SURFACE_SIDE_STYLE ('',( #2466 ) ) ;
#7877 = CARTESIAN_POINT ( 'NONE',  ( 0.0000000000000000000, 0.0000000000000000000, -1.661417322834645827 ) ) ;
#7878 =( GEOMETRIC_REPRESENTATION_CONTEXT ( 3 ) GLOBAL_UNCERTAINTY_ASSIGNED_CONTEXT ( ( #2453 ) ) GLOBAL_UNIT_ASSIGNED_CONTEXT ( ( #1871, #7888, #4557 ) ) REPRESENTATION_CONTEXT ( 'NONE', 'WORKASPACE' ) );
#7879 = UNCERTAINTY_MEASURE_WITH_UNIT (LENGTH_MEASURE( 1.000000000000000082E-05 ), #1435, 'distance_accuracy_value', 'NONE');
#7880 = DIRECTION ( 'NONE',  ( 0.0000000000000000000, 0.0000000000000000000, 1.000000000000000000 ) ) ;
#7881 = LINE ( 'NONE', #2607, #4981 ) ;
#7882 = EDGE_CURVE ( 'NONE', #5000, #8555, #8037, .T. ) ;
#7883 = SURFACE_STYLE_FILL_AREA ( #5159 ) ;
#7884 = ORIENTED_EDGE ( 'NONE', *, *, #4821, .T. ) ;
#7885 = VECTOR ( 'NONE', #2959, 39.37007874015748854 ) ;
#7886 = CARTESIAN_POINT ( 'NONE',  ( 0.02952755905511811330, 0.1141732283464566844, -1.464566929133858109 ) ) ;
#7887 = STYLED_ITEM ( 'NONE', ( #2240 ), #8607 ) ;
#7888 =( NAMED_UNIT ( * ) PLANE_ANGLE_UNIT ( ) SI_UNIT ( $, .RADIAN. ) );
#7889 = LENGTH_MEASURE_WITH_UNIT ( LENGTH_MEASURE( 0.02539999999999999897 ), #5788 );
#7890 = FILL_AREA_STYLE ('',( #4474 ) ) ;
#7891 = DIMENSIONAL_EXPONENTS ( 1.000000000000000000, 0.0000000000000000000, 0.0000000000000000000, 0.0000000000000000000, 0.0000000000000000000, 0.0000000000000000000, 0.0000000000000000000 ) ;
#7892 = MECHANICAL_DESIGN_GEOMETRIC_PRESENTATION_REPRESENTATION (  '', ( #4217 ), #6040 ) ;
#7893 = EDGE_CURVE ( 'NONE', #5672, #5784, #5130, .T. ) ;
#7894 = CARTESIAN_POINT ( 'NONE',  ( -0.1141732283464566844, 0.02952755905511811330, -1.307086614173228467 ) ) ;
#7895 = ORIENTED_EDGE ( 'NONE', *, *, #3011, .F. ) ;
#7896 = EDGE_CURVE ( 'NONE', #5454, #5413, #4619, .T. ) ;
#7897 = CARTESIAN_POINT ( 'NONE',  ( 0.0000000000000000000, 0.0000000000000000000, -1.582677165354331006 ) ) ;
#7898 = DIRECTION ( 'NONE',  ( 1.000000000000000000, 0.0000000000000000000, 0.0000000000000000000 ) ) ;
#7899 = CIRCLE ( 'NONE', #4225, 0.01574803149606301619 ) ;
#7900 =( CONVERSION_BASED_UNIT ( 'INCH', #8667 ) LENGTH_UNIT ( ) NAMED_UNIT ( #5093 ) );
#7901 =( CONVERSION_BASED_UNIT ( 'INCH', #7310 ) LENGTH_UNIT ( ) NAMED_UNIT ( #5560 ) );
#7902 = DIRECTION ( 'NONE',  ( 0.0000000000000000000, 0.0000000000000000000, -1.000000000000000000 ) ) ;
#7903 = STYLED_ITEM ( 'NONE', ( #7330 ), #8432 ) ;
#7904 = DIRECTION ( 'NONE',  ( 0.0000000000000000000, -1.000000000000000000, 0.0000000000000000000 ) ) ;
#7905 = STYLED_ITEM ( 'NONE', ( #286 ), #5539 ) ;
#7906 = LINE ( 'NONE', #3157, #6609 ) ;
#7907 = ORIENTED_EDGE ( 'NONE', *, *, #3050, .F. ) ;
#7908 = DIRECTION ( 'NONE',  ( 0.0000000000000000000, 0.0000000000000000000, 1.000000000000000000 ) ) ;
#7909 = ORIENTED_EDGE ( 'NONE', *, *, #1841, .T. ) ;
#7910 = CARTESIAN_POINT ( 'NONE',  ( -0.09448818897637792369, 0.03149606299212599769, 0.1968503936985494807 ) ) ;
#7911 = FILL_AREA_STYLE_COLOUR ( '', #171 ) ;
#7912 =( GEOMETRIC_REPRESENTATION_CONTEXT ( 3 ) GLOBAL_UNCERTAINTY_ASSIGNED_CONTEXT ( ( #6093 ) ) GLOBAL_UNIT_ASSIGNED_CONTEXT ( ( #1054, #344, #392 ) ) REPRESENTATION_CONTEXT ( 'NONE', 'WORKASPACE' ) );
#7913 =( NAMED_UNIT ( * ) PLANE_ANGLE_UNIT ( ) SI_UNIT ( $, .RADIAN. ) );
#7914 = ORIENTED_EDGE ( 'NONE', *, *, #3001, .T. ) ;
#7915 = CYLINDRICAL_SURFACE ( 'NONE', #6196, 0.02952755905511810289 ) ;
#7916 = ORIENTED_EDGE ( 'NONE', *, *, #4475, .T. ) ;
#7917 = CARTESIAN_POINT ( 'NONE',  ( 0.05511811023622047168, -0.07874015748031495954, 0.1968503936985494807 ) ) ;
#7918 = DIRECTION ( 'NONE',  ( 0.0000000000000000000, 0.0000000000000000000, 1.000000000000000000 ) ) ;
#7919 = CONICAL_SURFACE ( 'NONE', #6351, 0.1377952755905511584, 0.03904264995516706221 ) ;
#7920 = LINE ( 'NONE', #8693, #8760 ) ;
#7921 = SURFACE_STYLE_FILL_AREA ( #4683 ) ;
#7922 = SURFACE_STYLE_FILL_AREA ( #5207 ) ;
#7923 = EDGE_LOOP ( 'NONE', ( #8322, #6846, #7842, #625 ) ) ;
#7924 = DIRECTION ( 'NONE',  ( -1.000000000000000000, 0.0000000000000000000, 0.0000000000000000000 ) ) ;
#7925 = ORIENTED_EDGE ( 'NONE', *, *, #4585, .T. ) ;
#7926 = LINE ( 'NONE', #2742, #5135 ) ;
#7927 = EDGE_CURVE ( 'NONE', #3427, #888, #1670, .T. ) ;
#7928 = AXIS2_PLACEMENT_3D ( 'NONE', #1850, #6664, #8089 ) ;
#7929 = DIRECTION ( 'NONE',  ( -0.03903273174035342546, 4.780130998780112097E-18, 0.9992379325530460488 ) ) ;
#7930 = EDGE_LOOP ( 'NONE', ( #8415, #4770, #834, #5219 ) ) ;
#7931 = CARTESIAN_POINT ( 'NONE',  ( 0.1141732283464566844, 0.02952755905511811330, -1.307086614173228467 ) ) ;
#7932 =( NAMED_UNIT ( * ) PLANE_ANGLE_UNIT ( ) SI_UNIT ( $, .RADIAN. ) );
#7933 = VECTOR ( 'NONE', #4003, 39.37007874015748143 ) ;
#7934 = CARTESIAN_POINT ( 'NONE',  ( 0.07086614173228347746, -0.07874015748031495954, 0.1968503936985494807 ) ) ;
#7935 = ORIENTED_EDGE ( 'NONE', *, *, #1300, .T. ) ;
#7936 = CARTESIAN_POINT ( 'NONE',  ( -0.02952755905511811330, -0.09389165368277065105, -1.543307086614173151 ) ) ;
#7937 = LINE ( 'NONE', #1924, #8090 ) ;
#7938 = EDGE_CURVE ( 'NONE', #8138, #6803, #4631, .T. ) ;
#7939 =( NAMED_UNIT ( * ) SI_UNIT ( $, .STERADIAN. ) SOLID_ANGLE_UNIT ( ) );
#7940 = ADVANCED_FACE ( 'NONE', ( #6659 ), #5182, .F. ) ;
#7941 = PRESENTATION_LAYER_ASSIGNMENT (  '', '', ( #7651 ) ) ;
#7942 = UNCERTAINTY_MEASURE_WITH_UNIT (LENGTH_MEASURE( 1.000000000000000082E-05 ), #3823, 'distance_accuracy_value', 'NONE');
#7943 =( GEOMETRIC_REPRESENTATION_CONTEXT ( 3 ) GLOBAL_UNCERTAINTY_ASSIGNED_CONTEXT ( ( #8499 ) ) GLOBAL_UNIT_ASSIGNED_CONTEXT ( ( #1971, #4097, #3383 ) ) REPRESENTATION_CONTEXT ( 'NONE', 'WORKASPACE' ) );
#7944 = CARTESIAN_POINT ( 'NONE',  ( -0.02952755905511805085, -0.09389165368277066492, -1.543307086614173151 ) ) ;
#7945 = VERTEX_POINT ( 'NONE', #1398 ) ;
#7946 = DIMENSIONAL_EXPONENTS ( 1.000000000000000000, 0.0000000000000000000, 0.0000000000000000000, 0.0000000000000000000, 0.0000000000000000000, 0.0000000000000000000, 0.0000000000000000000 ) ;
#7947 = SURFACE_STYLE_FILL_AREA ( #6614 ) ;
#7948 = CYLINDRICAL_SURFACE ( 'NONE', #2324, 0.02952755905511810289 ) ;
#7949 = ORIENTED_EDGE ( 'NONE', *, *, #8508, .T. ) ;
#7950 = COLOUR_RGB ( '',0.2509803921568627416, 0.2509803921568627416, 0.2509803921568627416 ) ;
#7951 =( NAMED_UNIT ( * ) SI_UNIT ( $, .STERADIAN. ) SOLID_ANGLE_UNIT ( ) );
#7952 = ADVANCED_FACE ( 'NONE', ( #6114 ), #6209, .F. ) ;
#7953 =( GEOMETRIC_REPRESENTATION_CONTEXT ( 3 ) GLOBAL_UNCERTAINTY_ASSIGNED_CONTEXT ( ( #1770 ) ) GLOBAL_UNIT_ASSIGNED_CONTEXT ( ( #6656, #8629, #7939 ) ) REPRESENTATION_CONTEXT ( 'NONE', 'WORKASPACE' ) );
#7954 = ORIENTED_EDGE ( 'NONE', *, *, #4941, .F. ) ;
#7955 = ORIENTED_EDGE ( 'NONE', *, *, #1879, .T. ) ;
#7956 = DIRECTION ( 'NONE',  ( 0.0000000000000000000, 0.0000000000000000000, 1.000000000000000000 ) ) ;
#7957 = PLANE ( 'NONE',  #8132 ) ;
#7958 = ORIENTED_EDGE ( 'NONE', *, *, #2041, .F. ) ;
#7959 = CARTESIAN_POINT ( 'NONE',  ( -0.1141732283464566844, 0.02952755905511811330, -1.464566929133858109 ) ) ;
#7960 = LINE ( 'NONE', #7333, #6239 ) ;
#7961 = SURFACE_SIDE_STYLE ('',( #4547 ) ) ;
#7962 = PRESENTATION_LAYER_ASSIGNMENT (  '', '', ( #4709 ) ) ;
#7963 = PLANE ( 'NONE',  #5410 ) ;
#7964 = UNCERTAINTY_MEASURE_WITH_UNIT (LENGTH_MEASURE( 1.000000000000000082E-05 ), #8243, 'distance_accuracy_value', 'NONE');
#7965 = LENGTH_MEASURE_WITH_UNIT ( LENGTH_MEASURE( 0.02539999999999999897 ), #3984 );
#7966 = SURFACE_SIDE_STYLE ('',( #7383 ) ) ;
#7967 = ORIENTED_EDGE ( 'NONE', *, *, #700, .F. ) ;
#7968 = DIRECTION ( 'NONE',  ( -0.0000000000000000000, -0.0000000000000000000, -1.000000000000000000 ) ) ;
#7969 = ORIENTED_EDGE ( 'NONE', *, *, #8272, .F. ) ;
#7970 = FILL_AREA_STYLE_COLOUR ( '', #1351 ) ;
#7971 = DIRECTION ( 'NONE',  ( -1.000000000000000000, 0.0000000000000000000, 0.0000000000000000000 ) ) ;
#7972 = FACE_OUTER_BOUND ( 'NONE', #3675, .T. ) ;
#7973 = FILL_AREA_STYLE ('',( #5165 ) ) ;
#7974 = LINE ( 'NONE', #8614, #6821 ) ;
#7975 = VECTOR ( 'NONE', #3338, 39.37007874015748143 ) ;
#7976 = FILL_AREA_STYLE_COLOUR ( '', #2113 ) ;
#7977 = ORIENTED_EDGE ( 'NONE', *, *, #7230, .F. ) ;
#7978 = PRESENTATION_LAYER_ASSIGNMENT (  '', '', ( #2749 ) ) ;
#7979 = DIRECTION ( 'NONE',  ( 0.0000000000000000000, 0.0000000000000000000, 1.000000000000000000 ) ) ;
#7980 = ADVANCED_FACE ( 'NONE', ( #2806, #4823 ), #6878, .F. ) ;
#7981 = MECHANICAL_DESIGN_GEOMETRIC_PRESENTATION_REPRESENTATION (  '', ( #3739 ), #1904 ) ;
#7982 =( LENGTH_UNIT ( ) NAMED_UNIT ( * ) SI_UNIT ( $, .METRE. ) );
#7983 =( NAMED_UNIT ( * ) PLANE_ANGLE_UNIT ( ) SI_UNIT ( $, .RADIAN. ) );
#7984 = CARTESIAN_POINT ( 'NONE',  ( 0.1771653543307086798, 0.0000000000000000000, 0.4298724771940015676 ) ) ;
#7985 =( CONVERSION_BASED_UNIT ( 'INCH', #7177 ) LENGTH_UNIT ( ) NAMED_UNIT ( #1665 ) );
#7986 = DIRECTION ( 'NONE',  ( 0.0000000000000000000, 0.0000000000000000000, 1.000000000000000000 ) ) ;
#7987 = STYLED_ITEM ( 'NONE', ( #7078 ), #3721 ) ;
#7988 = CIRCLE ( 'NONE', #6276, 0.01377952755905510404 ) ;
#7989 = DIRECTION ( 'NONE',  ( 0.0000000000000000000, 0.0000000000000000000, -1.000000000000000000 ) ) ;
#7990 = LINE ( 'NONE', #5937, #2371 ) ;
#7991 = EDGE_CURVE ( 'NONE', #8636, #7768, #2356, .T. ) ;
#7992 = CARTESIAN_POINT ( 'NONE',  ( 0.02952755905511811330, 0.1141732283464566844, -1.661417322834645827 ) ) ;
#7993 = ORIENTED_EDGE ( 'NONE', *, *, #1953, .F. ) ;
#7994 = MECHANICAL_DESIGN_GEOMETRIC_PRESENTATION_REPRESENTATION (  '', ( #1634 ), #3747 ) ;
#7995 = VERTEX_POINT ( 'NONE', #3015 ) ;
#7996 = MECHANICAL_DESIGN_GEOMETRIC_PRESENTATION_REPRESENTATION (  '', ( #2477 ), #1491 ) ;
#7997 =( LENGTH_UNIT ( ) NAMED_UNIT ( * ) SI_UNIT ( $, .METRE. ) );
#7998 = SURFACE_SIDE_STYLE ('',( #4018 ) ) ;
#7999 = MECHANICAL_DESIGN_GEOMETRIC_PRESENTATION_REPRESENTATION (  '', ( #1084 ), #3476 ) ;
#8000 =( LENGTH_UNIT ( ) NAMED_UNIT ( * ) SI_UNIT ( $, .METRE. ) );
#8001 = AXIS2_PLACEMENT_3D ( 'NONE', #5320, #1146, #3837 ) ;
#8002 = COLOUR_RGB ( '',0.2509803921568627416, 0.2509803921568627416, 0.2509803921568627416 ) ;
#8003 = DIRECTION ( 'NONE',  ( -1.000000000000000000, 0.0000000000000000000, 0.0000000000000000000 ) ) ;
#8004 = ORIENTED_EDGE ( 'NONE', *, *, #8671, .T. ) ;
#8005 = EDGE_CURVE ( 'NONE', #4112, #3229, #1700, .T. ) ;
#8006 = VERTEX_POINT ( 'NONE', #1743 ) ;
#8007 = ADVANCED_FACE ( 'NONE', ( #6957 ), #2400, .F. ) ;
#8008 = SURFACE_SIDE_STYLE ('',( #5290 ) ) ;
#8009 = CARTESIAN_POINT ( 'NONE',  ( 0.0000000000000000000, 0.0000000000000000000, -1.503937007874015741 ) ) ;
#8010 = EDGE_LOOP ( 'NONE', ( #7148, #8450, #4020, #1448, #8393, #8735, #7023, #2165, #854, #8570, #297, #8653, #3365, #2043, #5872, #4708, #3261, #4963, #4423, #41, #7054, #7475 ) ) ;
#8011 =( NAMED_UNIT ( * ) SI_UNIT ( $, .STERADIAN. ) SOLID_ANGLE_UNIT ( ) );
#8012 = COLOUR_RGB ( '',0.2509803921568627416, 0.2509803921568627416, 0.2509803921568627416 ) ;
#8013 =( NAMED_UNIT ( * ) SI_UNIT ( $, .STERADIAN. ) SOLID_ANGLE_UNIT ( ) );
#8014 = DIMENSIONAL_EXPONENTS ( 1.000000000000000000, 0.0000000000000000000, 0.0000000000000000000, 0.0000000000000000000, 0.0000000000000000000, 0.0000000000000000000, 0.0000000000000000000 ) ;
#8015 = CIRCLE ( 'NONE', #1502, 0.1614173228346456601 ) ;
#8016 =( CONVERSION_BASED_UNIT ( 'INCH', #3268 ) LENGTH_UNIT ( ) NAMED_UNIT ( #7250 ) );
#8017 = ORIENTED_EDGE ( 'NONE', *, *, #6414, .T. ) ;
#8018 =( NAMED_UNIT ( * ) SI_UNIT ( $, .STERADIAN. ) SOLID_ANGLE_UNIT ( ) );
#8019 = VERTEX_POINT ( 'NONE', #963 ) ;
#8020 = LENGTH_MEASURE_WITH_UNIT ( LENGTH_MEASURE( 0.02539999999999999897 ), #64 );
#8021 = SURFACE_STYLE_USAGE ( .BOTH. , #3769 ) ;
#8022 = PRESENTATION_LAYER_ASSIGNMENT (  '', '', ( #4479 ) ) ;
#8023 = SURFACE_STYLE_USAGE ( .BOTH. , #598 ) ;
#8024 =( NAMED_UNIT ( * ) PLANE_ANGLE_UNIT ( ) SI_UNIT ( $, .RADIAN. ) );
#8025 = EDGE_LOOP ( 'NONE', ( #7632, #3591, #2543, #4928 ) ) ;
#8026 = CIRCLE ( 'NONE', #121, 0.007874015748031482076 ) ;
#8027 = FILL_AREA_STYLE ('',( #1214 ) ) ;
#8028 =( GEOMETRIC_REPRESENTATION_CONTEXT ( 3 ) GLOBAL_UNCERTAINTY_ASSIGNED_CONTEXT ( ( #1411 ) ) GLOBAL_UNIT_ASSIGNED_CONTEXT ( ( #1445, #8123, #7450 ) ) REPRESENTATION_CONTEXT ( 'NONE', 'WORKASPACE' ) );
#8029 = DIRECTION ( 'NONE',  ( -1.000000000000000000, 0.0000000000000000000, 0.0000000000000000000 ) ) ;
#8030 = CYLINDRICAL_SURFACE ( 'NONE', #2763, 0.01574803149606299885 ) ;
#8031 =( NAMED_UNIT ( * ) SI_UNIT ( $, .STERADIAN. ) SOLID_ANGLE_UNIT ( ) );
#8032 = CARTESIAN_POINT ( 'NONE',  ( -0.02952755905511811330, 0.09389165368277065105, -1.425196850393700698 ) ) ;
#8033 = LENGTH_MEASURE_WITH_UNIT ( LENGTH_MEASURE( 0.02539999999999999897 ), #2539 );
#8034 = PRESENTATION_LAYER_ASSIGNMENT (  '', '', ( #3757 ) ) ;
#8035 = CARTESIAN_POINT ( 'NONE',  ( 0.1614173228346456601, 0.0000000000000000000, 0.4298724771940015676 ) ) ;
#8036 = ADVANCED_FACE ( 'NONE', ( #1045 ), #4434, .F. ) ;
#8037 = LINE ( 'NONE', #3247, #1962 ) ;
#8038 =( NAMED_UNIT ( * ) PLANE_ANGLE_UNIT ( ) SI_UNIT ( $, .RADIAN. ) );
#8039 = EDGE_LOOP ( 'NONE', ( #5644, #4741, #4760, #251 ) ) ;
#8040 =( CONVERSION_BASED_UNIT ( 'INCH', #3112 ) LENGTH_UNIT ( ) NAMED_UNIT ( #5398 ) );
#8041 = STYLED_ITEM ( 'NONE', ( #208 ), #8036 ) ;
#8042 =( CONVERSION_BASED_UNIT ( 'INCH', #5318 ) LENGTH_UNIT ( ) NAMED_UNIT ( #6359 ) );
#8043 = ORIENTED_EDGE ( 'NONE', *, *, #2451, .F. ) ;
#8044 = SURFACE_STYLE_USAGE ( .BOTH. , #7189 ) ;
#8045 = FILL_AREA_STYLE ('',( #4625 ) ) ;
#8046 = AXIS2_PLACEMENT_3D ( 'NONE', #1851, #7191, #7277 ) ;
#8047 = EDGE_CURVE ( 'NONE', #1822, #2417, #4222, .T. ) ;
#8048 = ORIENTED_EDGE ( 'NONE', *, *, #6694, .F. ) ;
#8049 = CARTESIAN_POINT ( 'NONE',  ( 0.02952755905511811330, 0.1141732283464566844, -1.700787401574803237 ) ) ;
#8050 = ORIENTED_EDGE ( 'NONE', *, *, #2250, .T. ) ;
#8051 = DIRECTION ( 'NONE',  ( 1.000000000000000000, 0.0000000000000000000, 0.0000000000000000000 ) ) ;
#8052 = AXIS2_PLACEMENT_3D ( 'NONE', #2564, #8063, #3853 ) ;
#8053 = ORIENTED_EDGE ( 'NONE', *, *, #7022, .F. ) ;
#8054 = LINE ( 'NONE', #5376, #4863 ) ;
#8055 = FILL_AREA_STYLE ('',( #3891 ) ) ;
#8056 = CARTESIAN_POINT ( 'NONE',  ( -0.09389165368277065105, -0.02952755905511811330, -1.425196850393700698 ) ) ;
#8057 = EDGE_CURVE ( 'NONE', #1142, #976, #1920, .T. ) ;
#8058 = EDGE_CURVE ( 'NONE', #1640, #747, #3820, .T. ) ;
#8059 = VECTOR ( 'NONE', #6840, 39.37007874015748143 ) ;
#8060 = UNCERTAINTY_MEASURE_WITH_UNIT (LENGTH_MEASURE( 1.000000000000000082E-05 ), #7075, 'distance_accuracy_value', 'NONE');
#8061 = LINE ( 'NONE', #4030, #1964 ) ;
#8062 = DIRECTION ( 'NONE',  ( 0.0000000000000000000, 0.0000000000000000000, -1.000000000000000000 ) ) ;
#8063 = DIRECTION ( 'NONE',  ( 0.0000000000000000000, -1.000000000000000000, 0.0000000000000000000 ) ) ;
#8064 = VERTEX_POINT ( 'NONE', #8620 ) ;
#8065 = DIRECTION ( 'NONE',  ( 0.0000000000000000000, 1.000000000000000000, 0.0000000000000000000 ) ) ;
#8066 = ORIENTED_EDGE ( 'NONE', *, *, #4700, .F. ) ;
#8067 = CIRCLE ( 'NONE', #3524, 0.1497908464566929110 ) ;
#8068 = DIRECTION ( 'NONE',  ( 0.0000000000000000000, 0.0000000000000000000, 1.000000000000000000 ) ) ;
#8069 = FACE_OUTER_BOUND ( 'NONE', #6482, .T. ) ;
#8070 = CARTESIAN_POINT ( 'NONE',  ( 0.02952755905511811330, -0.1141732283464566844, -1.464566929133858109 ) ) ;
#8071 = DIMENSIONAL_EXPONENTS ( 1.000000000000000000, 0.0000000000000000000, 0.0000000000000000000, 0.0000000000000000000, 0.0000000000000000000, 0.0000000000000000000, 0.0000000000000000000 ) ;
#8072 = COLOUR_RGB ( '',0.7529411764705882248, 0.7529411764705882248, 0.7529411764705882248 ) ;
#8073 = VERTEX_POINT ( 'NONE', #605 ) ;
#8074 = PRESENTATION_STYLE_ASSIGNMENT (( #5353 ) ) ;
#8075 = CARTESIAN_POINT ( 'NONE',  ( 0.1763232720909886364, -0.01705977506991366785, 0.03937007874015751446 ) ) ;
#8076 =( LENGTH_UNIT ( ) NAMED_UNIT ( * ) SI_UNIT ( $, .METRE. ) );
#8077 = DIRECTION ( 'NONE',  ( 1.000000000000000000, 0.0000000000000000000, 0.0000000000000000000 ) ) ;
#8078 = DIRECTION ( 'NONE',  ( -1.000000000000000000, 0.0000000000000000000, 0.0000000000000000000 ) ) ;
#8079 = AXIS2_PLACEMENT_3D ( 'NONE', #7018, #6349, #661 ) ;
#8080 = PRESENTATION_LAYER_ASSIGNMENT (  '', '', ( #5083 ) ) ;
#8081 = DIRECTION ( 'NONE',  ( -1.000000000000000000, 0.0000000000000000000, 0.0000000000000000000 ) ) ;
#8082 = AXIS2_PLACEMENT_3D ( 'NONE', #3018, #5711, #5048 ) ;
#8083 = DIRECTION ( 'NONE',  ( 0.0000000000000000000, 0.0000000000000000000, -1.000000000000000000 ) ) ;
#8084 = EDGE_LOOP ( 'NONE', ( #734, #6978, #2228, #4267 ) ) ;
#8085 =( CONVERSION_BASED_UNIT ( 'INCH', #5363 ) LENGTH_UNIT ( ) NAMED_UNIT ( #4509 ) );
#8086 = ORIENTED_EDGE ( 'NONE', *, *, #1708, .F. ) ;
#8087 = EDGE_CURVE ( 'NONE', #6413, #5000, #8531, .T. ) ;
#8088 = SURFACE_STYLE_USAGE ( .BOTH. , #4063 ) ;
#8089 = DIRECTION ( 'NONE',  ( 1.000000000000000000, 0.0000000000000000000, 0.0000000000000000000 ) ) ;
#8090 = VECTOR ( 'NONE', #6557, 39.37007874015748854 ) ;
#8091 = AXIS2_PLACEMENT_3D ( 'NONE', #243, #6240, #7618 ) ;
#8092 = ORIENTED_EDGE ( 'NONE', *, *, #6308, .F. ) ;
#8093 = PRESENTATION_LAYER_ASSIGNMENT (  '', '', ( #2983 ) ) ;
#8094 = SURFACE_STYLE_FILL_AREA ( #4234 ) ;
#8095 = CARTESIAN_POINT ( 'NONE',  ( 0.02952755905511811330, 0.1141732283464566844, -1.307086614173228467 ) ) ;
#8096 = AXIS2_PLACEMENT_3D ( 'NONE', #982, #3658, #3700 ) ;
#8097 = SURFACE_STYLE_FILL_AREA ( #1243 ) ;
#8098 = ORIENTED_EDGE ( 'NONE', *, *, #7372, .F. ) ;
#8099 = ADVANCED_FACE ( 'NONE', ( #5304 ), #5970, .F. ) ;
#8100 = FACE_BOUND ( 'NONE', #892, .T. ) ;
#8101 = CARTESIAN_POINT ( 'NONE',  ( -0.09389165368277065105, -0.02952755905511811330, -1.582677165354331006 ) ) ;
#8102 = DIRECTION ( 'NONE',  ( -1.000000000000000000, 0.0000000000000000000, 0.0000000000000000000 ) ) ;
#8103 = COLOUR_RGB ( '',0.2509803921568627416, 0.2509803921568627416, 0.2509803921568627416 ) ;
#8104 = LINE ( 'NONE', #7429, #838 ) ;
#8105 = ORIENTED_EDGE ( 'NONE', *, *, #390, .T. ) ;
#8106 = DIRECTION ( 'NONE',  ( 0.0000000000000000000, 0.0000000000000000000, 1.000000000000000000 ) ) ;
#8107 = EDGE_LOOP ( 'NONE', ( #4780, #6918, #4804, #4539 ) ) ;
#8108 = EDGE_CURVE ( 'NONE', #5454, #5672, #3865, .T. ) ;
#8109 = VECTOR ( 'NONE', #5225, 39.37007874015748143 ) ;
#8110 = CARTESIAN_POINT ( 'NONE',  ( -0.1141732283464566844, 0.02952755905511811330, -1.425196850393700698 ) ) ;
#8111 = COLOUR_RGB ( '',0.7450980392156862919, 0.7450980392156862919, 0.7450980392156862919 ) ;
#8112 = LINE ( 'NONE', #1469, #3780 ) ;
#8113 = DIRECTION ( 'NONE',  ( 0.0000000000000000000, 0.0000000000000000000, 1.000000000000000000 ) ) ;
#8114 = ORIENTED_EDGE ( 'NONE', *, *, #6685, .T. ) ;
#8115 = EDGE_CURVE ( 'NONE', #5133, #8125, #6552, .T. ) ;
#8116 = EDGE_CURVE ( 'NONE', #2258, #6668, #3196, .T. ) ;
#8117 =( NAMED_UNIT ( * ) SI_UNIT ( $, .STERADIAN. ) SOLID_ANGLE_UNIT ( ) );
#8118 = CIRCLE ( 'NONE', #343, 0.09842519685039410882 ) ;
#8119 = LENGTH_MEASURE_WITH_UNIT ( LENGTH_MEASURE( 0.02539999999999999897 ), #4051 );
#8120 =( NAMED_UNIT ( * ) SI_UNIT ( $, .STERADIAN. ) SOLID_ANGLE_UNIT ( ) );
#8121 = UNCERTAINTY_MEASURE_WITH_UNIT (LENGTH_MEASURE( 1.000000000000000082E-05 ), #169, 'distance_accuracy_value', 'NONE');
#8122 = AXIS2_PLACEMENT_3D ( 'NONE', #1978, #5935, #2066 ) ;
#8123 =( NAMED_UNIT ( * ) PLANE_ANGLE_UNIT ( ) SI_UNIT ( $, .RADIAN. ) );
#8124 = SURFACE_STYLE_FILL_AREA ( #1399 ) ;
#8125 = VERTEX_POINT ( 'NONE', #6469 ) ;
#8126 = DIMENSIONAL_EXPONENTS ( 1.000000000000000000, 0.0000000000000000000, 0.0000000000000000000, 0.0000000000000000000, 0.0000000000000000000, 0.0000000000000000000, 0.0000000000000000000 ) ;
#8127 = FILL_AREA_STYLE_COLOUR ( '', #2075 ) ;
#8128 = DIRECTION ( 'NONE',  ( 0.0000000000000000000, 0.0000000000000000000, 1.000000000000000000 ) ) ;
#8129 = EDGE_LOOP ( 'NONE', ( #7810, #6336, #1584, #2854 ) ) ;
#8130 = DIRECTION ( 'NONE',  ( 1.000000000000000000, 0.0000000000000000000, 0.0000000000000000000 ) ) ;
#8131 = CARTESIAN_POINT ( 'NONE',  ( -0.01968503937007873295, 0.01968503937007873988, 0.0000000000000000000 ) ) ;
#8132 = AXIS2_PLACEMENT_3D ( 'NONE', #5861, #4022, #2460 ) ;
#8133 = STYLED_ITEM ( 'NONE', ( #8074 ), #3090 ) ;
#8134 = UNCERTAINTY_MEASURE_WITH_UNIT (LENGTH_MEASURE( 1.000000000000000082E-05 ), #2599, 'distance_accuracy_value', 'NONE');
#8135 = DIRECTION ( 'NONE',  ( 0.0000000000000000000, 0.0000000000000000000, -1.000000000000000000 ) ) ;
#8136 = VECTOR ( 'NONE', #7307, 39.37007874015748143 ) ;
#8137 = DIRECTION ( 'NONE',  ( 0.0000000000000000000, 0.0000000000000000000, 1.000000000000000000 ) ) ;
#8138 = VERTEX_POINT ( 'NONE', #6649 ) ;
#8139 =( GEOMETRIC_REPRESENTATION_CONTEXT ( 3 ) GLOBAL_UNCERTAINTY_ASSIGNED_CONTEXT ( ( #8600 ) ) GLOBAL_UNIT_ASSIGNED_CONTEXT ( ( #5700, #5034, #1001 ) ) REPRESENTATION_CONTEXT ( 'NONE', 'WORKASPACE' ) );
#8140 = PRESENTATION_STYLE_ASSIGNMENT (( #3521 ) ) ;
#8141 = DIRECTION ( 'NONE',  ( -0.0000000000000000000, -0.0000000000000000000, -1.000000000000000000 ) ) ;
#8142 = ORIENTED_EDGE ( 'NONE', *, *, #1224, .T. ) ;
#8143 = DIRECTION ( 'NONE',  ( 0.0000000000000000000, 0.0000000000000000000, 1.000000000000000000 ) ) ;
#8144 = STYLED_ITEM ( 'NONE', ( #2621 ), #6584 ) ;
#8145 = VECTOR ( 'NONE', #7686, 39.37007874015748143 ) ;
#8146 = AXIS2_PLACEMENT_3D ( 'NONE', #3707, #8468, #3617 ) ;
#8147 = EDGE_CURVE ( 'NONE', #3075, #701, #5888, .T. ) ;
#8148 = UNCERTAINTY_MEASURE_WITH_UNIT (LENGTH_MEASURE( 1.000000000000000082E-05 ), #8687, 'distance_accuracy_value', 'NONE');
#8149 = DIRECTION ( 'NONE',  ( 0.0000000000000000000, 0.0000000000000000000, 1.000000000000000000 ) ) ;
#8150 = ORIENTED_EDGE ( 'NONE', *, *, #6091, .T. ) ;
#8151 = PRESENTATION_STYLE_ASSIGNMENT (( #6772 ) ) ;
#8152 = VECTOR ( 'NONE', #4774, 39.37007874015748143 ) ;
#8153 = ORIENTED_EDGE ( 'NONE', *, *, #2681, .F. ) ;
#8154 = LENGTH_MEASURE_WITH_UNIT ( LENGTH_MEASURE( 0.02539999999999999897 ), #8341 );
#8155 = COLOUR_RGB ( '',0.7450980392156862919, 0.7450980392156862919, 0.7450980392156862919 ) ;
#8156 = DIRECTION ( 'NONE',  ( 0.0000000000000000000, -1.000000000000000000, 0.0000000000000000000 ) ) ;
#8157 = CARTESIAN_POINT ( 'NONE',  ( 0.07086614173228344971, 0.07874015748031495954, 0.0000000000000000000 ) ) ;
#8158 = SURFACE_STYLE_FILL_AREA ( #1338 ) ;
#8159 = LENGTH_MEASURE_WITH_UNIT ( LENGTH_MEASURE( 0.02539999999999999897 ), #1431 );
#8160 = PRESENTATION_LAYER_ASSIGNMENT (  '', '', ( #5869 ) ) ;
#8161 = EDGE_CURVE ( 'NONE', #405, #8684, #7352, .T. ) ;
#8162 =( NAMED_UNIT ( * ) SI_UNIT ( $, .STERADIAN. ) SOLID_ANGLE_UNIT ( ) );
#8163 = ORIENTED_EDGE ( 'NONE', *, *, #8087, .F. ) ;
#8164 = FILL_AREA_STYLE_COLOUR ( '', #4182 ) ;
#8165 =( GEOMETRIC_REPRESENTATION_CONTEXT ( 3 ) GLOBAL_UNCERTAINTY_ASSIGNED_CONTEXT ( ( #3880 ) ) GLOBAL_UNIT_ASSIGNED_CONTEXT ( ( #3768, #1645, #1086 ) ) REPRESENTATION_CONTEXT ( 'NONE', 'WORKASPACE' ) );
#8166 = CARTESIAN_POINT ( 'NONE',  ( 0.1771653543307086798, 0.0000000000000000000, 0.2007874015748031260 ) ) ;
#8167 = LINE ( 'NONE', #2224, #7872 ) ;
#8168 =( CONVERSION_BASED_UNIT ( 'INCH', #6025 ) LENGTH_UNIT ( ) NAMED_UNIT ( #3693 ) );
#8169 = FACE_OUTER_BOUND ( 'NONE', #8301, .T. ) ;
#8170 = ADVANCED_FACE ( 'NONE', ( #2438, #7844 ), #6934, .F. ) ;
#8171 = ADVANCED_FACE ( 'NONE', ( #3567 ), #6019, .F. ) ;
#8172 = CIRCLE ( 'NONE', #6475, 0.09842519685039410882 ) ;
#8173 = COLOUR_RGB ( '',0.2509803921568627416, 0.2509803921568627416, 0.2509803921568627416 ) ;
#8174 =( NAMED_UNIT ( * ) SI_UNIT ( $, .STERADIAN. ) SOLID_ANGLE_UNIT ( ) );
#8175 = LENGTH_MEASURE_WITH_UNIT ( LENGTH_MEASURE( 0.02539999999999999897 ), #6744 );
#8176 = ORIENTED_EDGE ( 'NONE', *, *, #4200, .T. ) ;
#8177 = CARTESIAN_POINT ( 'NONE',  ( 0.02952755905511811330, 0.1141732283464566844, -1.267716535433071057 ) ) ;
#8178 = VECTOR ( 'NONE', #600, 39.37007874015748143 ) ;
#8179 =( CONVERSION_BASED_UNIT ( 'INCH', #6747 ) LENGTH_UNIT ( ) NAMED_UNIT ( #2342 ) );
#8180 =( NAMED_UNIT ( * ) PLANE_ANGLE_UNIT ( ) SI_UNIT ( $, .RADIAN. ) );
#8181 = ORIENTED_EDGE ( 'NONE', *, *, #3925, .T. ) ;
#8182 = FILL_AREA_STYLE_COLOUR ( '', #5866 ) ;
#8183 = CARTESIAN_POINT ( 'NONE',  ( -0.09389165368277065105, -0.02952755905511811330, -1.464566929133858109 ) ) ;
#8184 = VECTOR ( 'NONE', #1884, 39.37007874015748143 ) ;
#8185 = STYLED_ITEM ( 'NONE', ( #1063 ), #4953 ) ;
#8186 = DIRECTION ( 'NONE',  ( -1.000000000000000000, 0.0000000000000000000, 0.0000000000000000000 ) ) ;
#8187 = AXIS2_PLACEMENT_3D ( 'NONE', #890, #4699, #5602 ) ;
#8188 = DIRECTION ( 'NONE',  ( -1.000000000000000000, 0.0000000000000000000, 0.0000000000000000000 ) ) ;
#8189 = ORIENTED_EDGE ( 'NONE', *, *, #3748, .T. ) ;
#8190 = CARTESIAN_POINT ( 'NONE',  ( 0.03937007874015745895, 0.07874015748031495954, 0.1968503936985494807 ) ) ;
#8191 =( LENGTH_UNIT ( ) NAMED_UNIT ( * ) SI_UNIT ( $, .METRE. ) );
#8192 = CARTESIAN_POINT ( 'NONE',  ( 0.03937007874015745895, 0.07874015748031495954, 0.1968503936985494807 ) ) ;
#8193 = ORIENTED_EDGE ( 'NONE', *, *, #4990, .F. ) ;
#8194 = SURFACE_STYLE_FILL_AREA ( #7467 ) ;
#8195 = DIRECTION ( 'NONE',  ( 1.000000000000000000, 0.0000000000000000000, 0.0000000000000000000 ) ) ;
#8196 = DIMENSIONAL_EXPONENTS ( 1.000000000000000000, 0.0000000000000000000, 0.0000000000000000000, 0.0000000000000000000, 0.0000000000000000000, 0.0000000000000000000, 0.0000000000000000000 ) ;
#8197 = VECTOR ( 'NONE', #449, 39.37007874015748143 ) ;
#8198 = LINE ( 'NONE', #3363, #7460 ) ;
#8199 = COLOUR_RGB ( '',0.2509803921568627416, 0.2509803921568627416, 0.2509803921568627416 ) ;
#8200 = LINE ( 'NONE', #1422, #2452 ) ;
#8201 = ORIENTED_EDGE ( 'NONE', *, *, #3554, .F. ) ;
#8202 = ORIENTED_EDGE ( 'NONE', *, *, #2111, .T. ) ;
#8203 = PRESENTATION_STYLE_ASSIGNMENT (( #893 ) ) ;
#8204 = PLANE ( 'NONE',  #6581 ) ;
#8205 = EDGE_CURVE ( 'NONE', #1482, #840, #8337, .T. ) ;
#8206 = FILL_AREA_STYLE ('',( #27 ) ) ;
#8207 = SURFACE_STYLE_FILL_AREA ( #6816 ) ;
#8208 = CARTESIAN_POINT ( 'NONE',  ( 0.1771653543307086798, 0.0000000000000000000, 0.03937007874015747977 ) ) ;
#8209 = LINE ( 'NONE', #5486, #5606 ) ;
#8210 = LENGTH_MEASURE_WITH_UNIT ( LENGTH_MEASURE( 0.02539999999999999897 ), #2130 );
#8211 = ORIENTED_EDGE ( 'NONE', *, *, #2859, .F. ) ;
#8212 =( GEOMETRIC_REPRESENTATION_CONTEXT ( 3 ) GLOBAL_UNCERTAINTY_ASSIGNED_CONTEXT ( ( #986 ) ) GLOBAL_UNIT_ASSIGNED_CONTEXT ( ( #1709, #6429, #6966 ) ) REPRESENTATION_CONTEXT ( 'NONE', 'WORKASPACE' ) );
#8213 = DIRECTION ( 'NONE',  ( -0.0000000000000000000, -0.0000000000000000000, -1.000000000000000000 ) ) ;
#8214 = EDGE_CURVE ( 'NONE', #4227, #3753, #7641, .T. ) ;
#8215 =( CONVERSION_BASED_UNIT ( 'INCH', #1438 ) LENGTH_UNIT ( ) NAMED_UNIT ( #5724 ) );
#8216 = SURFACE_STYLE_FILL_AREA ( #3384 ) ;
#8217 = AXIS2_PLACEMENT_3D ( 'NONE', #6052, #5082, #7898 ) ;
#8218 = ORIENTED_EDGE ( 'NONE', *, *, #6285, .F. ) ;
#8219 =( LENGTH_UNIT ( ) NAMED_UNIT ( * ) SI_UNIT ( $, .METRE. ) );
#8220 =( CONVERSION_BASED_UNIT ( 'INCH', #1355 ) LENGTH_UNIT ( ) NAMED_UNIT ( #3996 ) );
#8221 = ORIENTED_EDGE ( 'NONE', *, *, #4103, .F. ) ;
#8222 = PRESENTATION_STYLE_ASSIGNMENT (( #7413 ) ) ;
#8223 = ORIENTED_EDGE ( 'NONE', *, *, #6350, .T. ) ;
#8224 = EDGE_CURVE ( 'NONE', #1194, #6116, #2665, .T. ) ;
#8225 = CARTESIAN_POINT ( 'NONE',  ( -0.06334935371447217300, 0.1654521748393905090, 0.2007874015748032093 ) ) ;
#8226 = ADVANCED_FACE ( 'NONE', ( #1343 ), #6736, .T. ) ;
#8227 = FILL_AREA_STYLE ('',( #6837 ) ) ;
#8228 = LINE ( 'NONE', #8691, #896 ) ;
#8229 = STYLED_ITEM ( 'NONE', ( #620 ), #958 ) ;
#8230 = COLOUR_RGB ( '',0.2509803921568627416, 0.2509803921568627416, 0.2509803921568627416 ) ;
#8231 = CARTESIAN_POINT ( 'NONE',  ( 0.1771653543307086798, 0.0000000000000000000, 0.2007874015748031260 ) ) ;
#8232 = ORIENTED_EDGE ( 'NONE', *, *, #4927, .F. ) ;
#8233 = DIRECTION ( 'NONE',  ( -0.0000000000000000000, -0.0000000000000000000, -1.000000000000000000 ) ) ;
#8234 = ORIENTED_EDGE ( 'NONE', *, *, #2790, .T. ) ;
#8235 = EDGE_CURVE ( 'NONE', #4674, #6229, #8172, .T. ) ;
#8236 = AXIS2_PLACEMENT_3D ( 'NONE', #5974, #5224, #521 ) ;
#8237 = LENGTH_MEASURE_WITH_UNIT ( LENGTH_MEASURE( 0.02539999999999999897 ), #7468 );
#8238 = UNCERTAINTY_MEASURE_WITH_UNIT (LENGTH_MEASURE( 1.000000000000000082E-05 ), #2122, 'distance_accuracy_value', 'NONE');
#8239 = VECTOR ( 'NONE', #3373, 39.37007874015748143 ) ;
#8240 = AXIS2_PLACEMENT_3D ( 'NONE', #2733, #5426, #4201 ) ;
#8241 = DIRECTION ( 'NONE',  ( 1.000000000000000000, 0.0000000000000000000, 0.0000000000000000000 ) ) ;
#8242 = VERTEX_POINT ( 'NONE', #2508 ) ;
#8243 =( CONVERSION_BASED_UNIT ( 'INCH', #2738 ) LENGTH_UNIT ( ) NAMED_UNIT ( #6699 ) );
#8244 = SURFACE_SIDE_STYLE ('',( #6899 ) ) ;
#8245 = EDGE_LOOP ( 'NONE', ( #8495, #491, #4216, #5957, #5420, #6255, #5467, #8401, #4291, #1556, #5496, #617, #4632, #4494, #8467, #3918 ) ) ;
#8246 = LINE ( 'NONE', #1508, #4324 ) ;
#8247 = CARTESIAN_POINT ( 'NONE',  ( 0.0000000000000000000, 0.0000000000000000000, 0.0000000000000000000 ) ) ;
#8248 = STYLED_ITEM ( 'NONE', ( #4830 ), #1650 ) ;
#8249 = CARTESIAN_POINT ( 'NONE',  ( 0.1590441819772528131, -0.02689103927563765012, 0.2007874015748031260 ) ) ;
#8250 = CARTESIAN_POINT ( 'NONE',  ( -0.08858267716535508929, -0.1534296975208646885, 0.03937007874015747977 ) ) ;
#8251 = DIMENSIONAL_EXPONENTS ( 1.000000000000000000, 0.0000000000000000000, 0.0000000000000000000, 0.0000000000000000000, 0.0000000000000000000, 0.0000000000000000000, 0.0000000000000000000 ) ;
#8252 = CARTESIAN_POINT ( 'NONE',  ( 0.02952755905511811330, -0.09389165368277065105, -1.346456692913385877 ) ) ;
#8253 =( NAMED_UNIT ( * ) PLANE_ANGLE_UNIT ( ) SI_UNIT ( $, .RADIAN. ) );
#8254 = ORIENTED_EDGE ( 'NONE', *, *, #4066, .F. ) ;
#8255 = CIRCLE ( 'NONE', #4969, 0.1482529527559054983 ) ;
#8256 = PRESENTATION_STYLE_ASSIGNMENT (( #1472 ) ) ;
#8257 = FILL_AREA_STYLE_COLOUR ( '', #3985 ) ;
#8258 = LINE ( 'NONE', #4180, #5462 ) ;
#8259 = SURFACE_STYLE_FILL_AREA ( #6204 ) ;
#8260 = VECTOR ( 'NONE', #6941, 39.37007874015748143 ) ;
#8261 = EDGE_CURVE ( 'NONE', #5677, #7820, #4645, .T. ) ;
#8262 = ORIENTED_EDGE ( 'NONE', *, *, #4791, .T. ) ;
#8263 = CARTESIAN_POINT ( 'NONE',  ( -0.07141893351509352728, 0.1578207716103513236, 0.03937007874015751446 ) ) ;
#8264 = DIRECTION ( 'NONE',  ( 1.000000000000000000, 0.0000000000000000000, 0.0000000000000000000 ) ) ;
#8265 = SURFACE_SIDE_STYLE ('',( #2925 ) ) ;
#8266 = VERTEX_POINT ( 'NONE', #7779 ) ;
#8267 = COLOUR_RGB ( '',0.7450980392156862919, 0.7450980392156862919, 0.7450980392156862919 ) ;
#8268 = EDGE_LOOP ( 'NONE', ( #4670, #6217, #6211, #5629 ) ) ;
#8269 = CARTESIAN_POINT ( 'NONE',  ( 0.1141732283464566844, -0.02952755905511811330, -1.307086614173228467 ) ) ;
#8270 = CARTESIAN_POINT ( 'NONE',  ( -0.02952755905511811330, 0.1141732283464566844, -1.464566929133858109 ) ) ;
#8271 = AXIS2_PLACEMENT_3D ( 'NONE', #19, #60, #1462 ) ;
#8272 = EDGE_CURVE ( 'NONE', #8407, #8064, #6489, .T. ) ;
#8273 = ORIENTED_EDGE ( 'NONE', *, *, #1916, .T. ) ;
#8274 = SURFACE_SIDE_STYLE ('',( #841 ) ) ;
#8275 = LENGTH_MEASURE_WITH_UNIT ( LENGTH_MEASURE( 0.02539999999999999897 ), #8191 );
#8276 = AXIS2_PLACEMENT_3D ( 'NONE', #8009, #1994, #8737 ) ;
#8277 = FILL_AREA_STYLE_COLOUR ( '', #2178 ) ;
#8278 = VERTEX_POINT ( 'NONE', #5860 ) ;
#8279 = CARTESIAN_POINT ( 'NONE',  ( 0.0000000000000000000, 0.0000000000000000000, -1.307086614173228467 ) ) ;
#8280 = PRESENTATION_LAYER_ASSIGNMENT (  '', '', ( #87 ) ) ;
#8281 = EDGE_CURVE ( 'NONE', #8064, #3883, #5146, .T. ) ;
#8282 = VECTOR ( 'NONE', #5456, 39.37007874015748143 ) ;
#8283 = EDGE_CURVE ( 'NONE', #7685, #6591, #3651, .T. ) ;
#8284 = STYLED_ITEM ( 'NONE', ( #3272 ), #3163 ) ;
#8285 =( LENGTH_UNIT ( ) NAMED_UNIT ( * ) SI_UNIT ( $, .METRE. ) );
#8286 = CYLINDRICAL_SURFACE ( 'NONE', #7831, 0.1771653543307086798 ) ;
#8287 = ORIENTED_EDGE ( 'NONE', *, *, #8261, .F. ) ;
#8288 = FILL_AREA_STYLE_COLOUR ( '', #5898 ) ;
#8289 = LINE ( 'NONE', #1464, #7348 ) ;
#8290 = VERTEX_POINT ( 'NONE', #2379 ) ;
#8291 = CARTESIAN_POINT ( 'NONE',  ( -0.05817145902824096687, -0.1505710246549112619, 0.2007874015748032093 ) ) ;
#8292 = PRESENTATION_STYLE_ASSIGNMENT (( #2952 ) ) ;
#8293 = AXIS2_PLACEMENT_3D ( 'NONE', #2393, #5618, #1002 ) ;
#8294 = VECTOR ( 'NONE', #6537, 39.37007874015748143 ) ;
#8295 = CARTESIAN_POINT ( 'NONE',  ( 0.0000000000000000000, 0.0000000000000000000, -1.346456692913385877 ) ) ;
#8296 = DIMENSIONAL_EXPONENTS ( 1.000000000000000000, 0.0000000000000000000, 0.0000000000000000000, 0.0000000000000000000, 0.0000000000000000000, 0.0000000000000000000, 0.0000000000000000000 ) ;
#8297 =( GEOMETRIC_REPRESENTATION_CONTEXT ( 3 ) GLOBAL_UNCERTAINTY_ASSIGNED_CONTEXT ( ( #4510 ) ) GLOBAL_UNIT_ASSIGNED_CONTEXT ( ( #3038, #7822, #3800 ) ) REPRESENTATION_CONTEXT ( 'NONE', 'WORKASPACE' ) );
#8298 = FACE_OUTER_BOUND ( 'NONE', #5575, .T. ) ;
#8299 = DIRECTION ( 'NONE',  ( 1.000000000000000000, 0.0000000000000000000, 0.0000000000000000000 ) ) ;
#8300 = STYLED_ITEM ( 'NONE', ( #2145 ), #4169 ) ;
#8301 = EDGE_LOOP ( 'NONE', ( #3970, #3342, #8633, #8142, #2174, #8726, #2037, #1611, #6567, #5208, #5707, #1205, #2678, #6967 ) ) ;
#8302 = PRESENTATION_LAYER_ASSIGNMENT (  '', '', ( #3337 ) ) ;
#8303 = FACE_OUTER_BOUND ( 'NONE', #728, .T. ) ;
#8304 =( NAMED_UNIT ( * ) SI_UNIT ( $, .STERADIAN. ) SOLID_ANGLE_UNIT ( ) );
#8305 = DIRECTION ( 'NONE',  ( 1.000000000000000000, 0.0000000000000000000, 0.0000000000000000000 ) ) ;
#8306 = LINE ( 'NONE', #4256, #1939 ) ;
#8307 = PRESENTATION_STYLE_ASSIGNMENT (( #329 ) ) ;
#8308 = VERTEX_POINT ( 'NONE', #6354 ) ;
#8309 = AXIS2_PLACEMENT_3D ( 'NONE', #5076, #7793, #5037 ) ;
#8310 = FILL_AREA_STYLE_COLOUR ( '', #696 ) ;
#8311 = ORIENTED_EDGE ( 'NONE', *, *, #5281, .T. ) ;
#8312 = DIMENSIONAL_EXPONENTS ( 1.000000000000000000, 0.0000000000000000000, 0.0000000000000000000, 0.0000000000000000000, 0.0000000000000000000, 0.0000000000000000000, 0.0000000000000000000 ) ;
#8313 = LINE ( 'NONE', #966, #6089 ) ;
#8314 = ORIENTED_EDGE ( 'NONE', *, *, #6152, .F. ) ;
#8315 = FACE_BOUND ( 'NONE', #8245, .T. ) ;
#8316 = CARTESIAN_POINT ( 'NONE',  ( 0.02952755905511811330, 0.1141732283464566844, -1.543307086614173151 ) ) ;
#8317 = EDGE_CURVE ( 'NONE', #1579, #4907, #5067, .T. ) ;
#8318 =( LENGTH_UNIT ( ) NAMED_UNIT ( * ) SI_UNIT ( $, .METRE. ) );
#8319 = AXIS2_PLACEMENT_3D ( 'NONE', #638, #8557, #3323 ) ;
#8320 = PRESENTATION_LAYER_ASSIGNMENT (  '', '', ( #5323 ) ) ;
#8321 = PRESENTATION_STYLE_ASSIGNMENT (( #6342 ) ) ;
#8322 = ORIENTED_EDGE ( 'NONE', *, *, #2397, .F. ) ;
#8323 = DIRECTION ( 'NONE',  ( 1.000000000000000000, 0.0000000000000000000, 0.0000000000000000000 ) ) ;
#8324 = COLOUR_RGB ( '',0.7450980392156862919, 0.7450980392156862919, 0.7450980392156862919 ) ;
#8325 = SURFACE_SIDE_STYLE ('',( #5112 ) ) ;
#8326 =( CONVERSION_BASED_UNIT ( 'INCH', #6387 ) LENGTH_UNIT ( ) NAMED_UNIT ( #5154 ) );
#8327 = ORIENTED_EDGE ( 'NONE', *, *, #8205, .F. ) ;
#8328 = SURFACE_STYLE_USAGE ( .BOTH. , #4884 ) ;
#8329 = CARTESIAN_POINT ( 'NONE',  ( -0.02952755905511811330, 0.1141732283464566844, -1.425196850393700698 ) ) ;
#8330 = EDGE_CURVE ( 'NONE', #3728, #8593, #3845, .T. ) ;
#8331 = AXIS2_PLACEMENT_3D ( 'NONE', #6220, #5339, #2780 ) ;
#8332 = AXIS2_PLACEMENT_3D ( 'NONE', #6999, #3774, #7088 ) ;
#8333 = UNCERTAINTY_MEASURE_WITH_UNIT (LENGTH_MEASURE( 1.000000000000000082E-05 ), #7740, 'distance_accuracy_value', 'NONE');
#8334 = CARTESIAN_POINT ( 'NONE',  ( -0.1141732283464566844, -0.02952755905511811330, -1.622047244094488194 ) ) ;
#8335 = DIRECTION ( 'NONE',  ( -0.0000000000000000000, -0.0000000000000000000, -1.000000000000000000 ) ) ;
#8336 = ORIENTED_EDGE ( 'NONE', *, *, #4258, .F. ) ;
#8337 = LINE ( 'NONE', #4046, #1824 ) ;
#8338 = CIRCLE ( 'NONE', #4776, 0.1771653543307086798 ) ;
#8339 = DIRECTION ( 'NONE',  ( 0.0000000000000000000, 0.0000000000000000000, -1.000000000000000000 ) ) ;
#8340 = ORIENTED_EDGE ( 'NONE', *, *, #3218, .T. ) ;
#8341 =( LENGTH_UNIT ( ) NAMED_UNIT ( * ) SI_UNIT ( $, .METRE. ) );
#8342 = FILL_AREA_STYLE ('',( #4377 ) ) ;
#8343 = AXIS2_PLACEMENT_3D ( 'NONE', #877, #176, #5544 ) ;
#8344 = EDGE_CURVE ( 'NONE', #2333, #4674, #7737, .T. ) ;
#8345 = FACE_BOUND ( 'NONE', #4753, .T. ) ;
#8346 = EDGE_CURVE ( 'NONE', #1797, #7577, #6441, .T. ) ;
#8347 = CARTESIAN_POINT ( 'NONE',  ( 0.0000000000000000000, 0.0000000000000000000, -1.307086614173228467 ) ) ;
#8348 = CARTESIAN_POINT ( 'NONE',  ( 0.05118110236220473758, 0.01968503937007873988, 0.0000000000000000000 ) ) ;
#8349 = VECTOR ( 'NONE', #7385, 39.37007874015748143 ) ;
#8350 = UNCERTAINTY_MEASURE_WITH_UNIT (LENGTH_MEASURE( 1.000000000000000082E-05 ), #6956, 'distance_accuracy_value', 'NONE');
#8351 = DIRECTION ( 'NONE',  ( -0.0000000000000000000, -0.0000000000000000000, -1.000000000000000000 ) ) ;
#8352 = DIRECTION ( 'NONE',  ( 1.000000000000000000, 0.0000000000000000000, 0.0000000000000000000 ) ) ;
#8353 = ORIENTED_EDGE ( 'NONE', *, *, #5440, .F. ) ;
#8354 = CARTESIAN_POINT ( 'NONE',  ( 0.0000000000000000000, 0.0000000000000000000, -1.771653543307086576 ) ) ;
#8355 = DIRECTION ( 'NONE',  ( 1.000000000000000000, 0.0000000000000000000, 0.0000000000000000000 ) ) ;
#8356 = DIMENSIONAL_EXPONENTS ( 1.000000000000000000, 0.0000000000000000000, 0.0000000000000000000, 0.0000000000000000000, 0.0000000000000000000, 0.0000000000000000000, 0.0000000000000000000 ) ;
#8357 = DIRECTION ( 'NONE',  ( 0.0000000000000000000, 0.0000000000000000000, 1.000000000000000000 ) ) ;
#8358 = ORIENTED_EDGE ( 'NONE', *, *, #6838, .T. ) ;
#8359 = FILL_AREA_STYLE ('',( #5624 ) ) ;
#8360 =( CONVERSION_BASED_UNIT ( 'INCH', #1564 ) LENGTH_UNIT ( ) NAMED_UNIT ( #5276 ) );
#8361 = ORIENTED_EDGE ( 'NONE', *, *, #2640, .T. ) ;
#8362 = DIRECTION ( 'NONE',  ( 0.0000000000000000000, 0.0000000000000000000, 1.000000000000000000 ) ) ;
#8363 = ORIENTED_EDGE ( 'NONE', *, *, #4782, .T. ) ;
#8364 = CARTESIAN_POINT ( 'NONE',  ( 0.02952755905511811330, -0.09389165368277065105, -1.700787401574803237 ) ) ;
#8365 = CARTESIAN_POINT ( 'NONE',  ( 0.0000000000000000000, 0.0000000000000000000, -1.464566929133858109 ) ) ;
#8366 = MECHANICAL_DESIGN_GEOMETRIC_PRESENTATION_REPRESENTATION (  '', ( #1847 ), #8649 ) ;
#8367 =( CONVERSION_BASED_UNIT ( 'INCH', #3648 ) LENGTH_UNIT ( ) NAMED_UNIT ( #7769 ) );
#8368 = AXIS2_PLACEMENT_3D ( 'NONE', #7089, #1046, #383 ) ;
#8369 = ORIENTED_EDGE ( 'NONE', *, *, #1129, .F. ) ;
#8370 =( NAMED_UNIT ( * ) SI_UNIT ( $, .STERADIAN. ) SOLID_ANGLE_UNIT ( ) );
#8371 =( NAMED_UNIT ( * ) PLANE_ANGLE_UNIT ( ) SI_UNIT ( $, .RADIAN. ) );
#8372 = ORIENTED_EDGE ( 'NONE', *, *, #7716, .T. ) ;
#8373 = CARTESIAN_POINT ( 'NONE',  ( -0.02952755905511811330, -0.1141732283464566844, -1.385826771653543510 ) ) ;
#8374 = COLOUR_RGB ( '',0.7450980392156862919, 0.7450980392156862919, 0.7450980392156862919 ) ;
#8375 = DIRECTION ( 'NONE',  ( 0.0000000000000000000, 0.0000000000000000000, 1.000000000000000000 ) ) ;
#8376 = CARTESIAN_POINT ( 'NONE',  ( -0.02952755905511811330, 0.1141732283464566844, -1.622047244094488194 ) ) ;
#8377 = EDGE_CURVE ( 'NONE', #720, #6353, #4412, .T. ) ;
#8378 = ORIENTED_EDGE ( 'NONE', *, *, #7728, .F. ) ;
#8379 = AXIS2_PLACEMENT_3D ( 'NONE', #1794, #7902, #4486 ) ;
#8380 = SURFACE_STYLE_USAGE ( .BOTH. , #2334 ) ;
#8381 = AXIS2_PLACEMENT_3D ( 'NONE', #1011, #5628, #4999 ) ;
#8382 = DIRECTION ( 'NONE',  ( -0.0000000000000000000, -0.0000000000000000000, -1.000000000000000000 ) ) ;
#8383 = ORIENTED_EDGE ( 'NONE', *, *, #8235, .F. ) ;
#8384 = LINE ( 'NONE', #4977, #5721 ) ;
#8385 = DIRECTION ( 'NONE',  ( 1.000000000000000000, 0.0000000000000000000, 0.0000000000000000000 ) ) ;
#8386 =( LENGTH_UNIT ( ) NAMED_UNIT ( * ) SI_UNIT ( $, .METRE. ) );
#8387 =( NAMED_UNIT ( * ) SI_UNIT ( $, .STERADIAN. ) SOLID_ANGLE_UNIT ( ) );
#8388 = STYLED_ITEM ( 'NONE', ( #2613 ), #1390 ) ;
#8389 = STYLED_ITEM ( 'NONE', ( #4076 ), #468 ) ;
#8390 = DIRECTION ( 'NONE',  ( 0.0000000000000000000, 0.0000000000000000000, 1.000000000000000000 ) ) ;
#8391 = EDGE_CURVE ( 'NONE', #4467, #7516, #3039, .T. ) ;
#8392 = DIRECTION ( 'NONE',  ( 0.0000000000000000000, 0.0000000000000000000, -1.000000000000000000 ) ) ;
#8393 = ORIENTED_EDGE ( 'NONE', *, *, #2132, .T. ) ;
#8394 = SURFACE_SIDE_STYLE ('',( #1162 ) ) ;
#8395 = FILL_AREA_STYLE_COLOUR ( '', #6708 ) ;
#8396 = LENGTH_MEASURE_WITH_UNIT ( LENGTH_MEASURE( 0.02539999999999999897 ), #4293 );
#8397 = FACE_OUTER_BOUND ( 'NONE', #879, .T. ) ;
#8398 = LINE ( 'NONE', #330, #2160 ) ;
#8399 = STYLED_ITEM ( 'NONE', ( #1829 ), #2086 ) ;
#8400 = EDGE_CURVE ( 'NONE', #8290, #8584, #8469, .T. ) ;
#8401 = ORIENTED_EDGE ( 'NONE', *, *, #2095, .F. ) ;
#8402 = EDGE_CURVE ( 'NONE', #6835, #6530, #2809, .T. ) ;
#8403 =( NAMED_UNIT ( * ) PLANE_ANGLE_UNIT ( ) SI_UNIT ( $, .RADIAN. ) );
#8404 =( CONVERSION_BASED_UNIT ( 'INCH', #3588 ) LENGTH_UNIT ( ) NAMED_UNIT ( #7548 ) );
#8405 = ORIENTED_EDGE ( 'NONE', *, *, #5501, .F. ) ;
#8406 = DIRECTION ( 'NONE',  ( -1.000000000000000000, 0.0000000000000000000, 0.0000000000000000000 ) ) ;
#8407 = VERTEX_POINT ( 'NONE', #8095 ) ;
#8408 =( LENGTH_UNIT ( ) NAMED_UNIT ( * ) SI_UNIT ( $, .METRE. ) );
#8409 =( NAMED_UNIT ( * ) PLANE_ANGLE_UNIT ( ) SI_UNIT ( $, .RADIAN. ) );
#8410 = VECTOR ( 'NONE', #2516, 39.37007874015748143 ) ;
#8411 = FILL_AREA_STYLE ('',( #3058 ) ) ;
#8412 = FILL_AREA_STYLE_COLOUR ( '', #2433 ) ;
#8413 = UNCERTAINTY_MEASURE_WITH_UNIT (LENGTH_MEASURE( 1.000000000000000082E-05 ), #8569, 'distance_accuracy_value', 'NONE');
#8414 = MECHANICAL_DESIGN_GEOMETRIC_PRESENTATION_REPRESENTATION (  '', ( #2044 ), #3727 ) ;
#8415 = ORIENTED_EDGE ( 'NONE', *, *, #8535, .T. ) ;
#8416 = DIMENSIONAL_EXPONENTS ( 1.000000000000000000, 0.0000000000000000000, 0.0000000000000000000, 0.0000000000000000000, 0.0000000000000000000, 0.0000000000000000000, 0.0000000000000000000 ) ;
#8417 = DIRECTION ( 'NONE',  ( 0.0000000000000000000, 0.0000000000000000000, 1.000000000000000000 ) ) ;
#8418 = CARTESIAN_POINT ( 'NONE',  ( 0.1141732283464566844, 0.02952755905511811330, -1.700787401574803237 ) ) ;
#8419 = PRESENTATION_STYLE_ASSIGNMENT (( #3790 ) ) ;
#8420 = ORIENTED_EDGE ( 'NONE', *, *, #5148, .F. ) ;
#8421 = DIRECTION ( 'NONE',  ( 0.0000000000000000000, 0.0000000000000000000, 1.000000000000000000 ) ) ;
#8422 = CARTESIAN_POINT ( 'NONE',  ( 0.02952755905511811330, 0.1141732283464566844, -1.385826771653543510 ) ) ;
#8423 = AXIS2_PLACEMENT_3D ( 'NONE', #4818, #5447, #8077 ) ;
#8424 = UNCERTAINTY_MEASURE_WITH_UNIT (LENGTH_MEASURE( 1.000000000000000082E-05 ), #4711, 'distance_accuracy_value', 'NONE');
#8425 = ORIENTED_EDGE ( 'NONE', *, *, #6091, .F. ) ;
#8426 = FILL_AREA_STYLE_COLOUR ( '', #948 ) ;
#8427 = CARTESIAN_POINT ( 'NONE',  ( 0.0000000000000000000, 0.0000000000000000000, -1.661417322834645827 ) ) ;
#8428 = CARTESIAN_POINT ( 'NONE',  ( -0.01968503937007873295, -0.01968503937007873988, 0.1968503937007874127 ) ) ;
#8429 = ORIENTED_EDGE ( 'NONE', *, *, #2407, .F. ) ;
#8430 =( CONVERSION_BASED_UNIT ( 'INCH', #1635 ) LENGTH_UNIT ( ) NAMED_UNIT ( #5455 ) );
#8431 = DIRECTION ( 'NONE',  ( 1.000000000000000000, 0.0000000000000000000, 0.0000000000000000000 ) ) ;
#8432 = ADVANCED_FACE ( 'NONE', ( #7281 ), #7915, .T. ) ;
#8433 = LINE ( 'NONE', #2344, #7818 ) ;
#8434 = VECTOR ( 'NONE', #3819, 39.37007874015748143 ) ;
#8435 = UNCERTAINTY_MEASURE_WITH_UNIT (LENGTH_MEASURE( 1.000000000000000082E-05 ), #4665, 'distance_accuracy_value', 'NONE');
#8436 = LINE ( 'NONE', #7746, #409 ) ;
#8437 = LENGTH_MEASURE_WITH_UNIT ( LENGTH_MEASURE( 0.02539999999999999897 ), #323 );
#8438 = ORIENTED_EDGE ( 'NONE', *, *, #5451, .F. ) ;
#8439 =( GEOMETRIC_REPRESENTATION_CONTEXT ( 3 ) GLOBAL_UNCERTAINTY_ASSIGNED_CONTEXT ( ( #16 ) ) GLOBAL_UNIT_ASSIGNED_CONTEXT ( ( #5173, #7932, #4610 ) ) REPRESENTATION_CONTEXT ( 'NONE', 'WORKASPACE' ) );
#8440 = AXIS2_PLACEMENT_3D ( 'NONE', #4838, #5015, #7675 ) ;
#8441 = FACE_OUTER_BOUND ( 'NONE', #5085, .T. ) ;
#8442 = PRESENTATION_LAYER_ASSIGNMENT (  '', '', ( #8284 ) ) ;
#8443 = PLANE ( 'NONE',  #951 ) ;
#8444 = CARTESIAN_POINT ( 'NONE',  ( 0.0000000000000000000, 0.0000000000000000000, -1.181102362204724310 ) ) ;
#8445 = VECTOR ( 'NONE', #2930, 39.37007874015748143 ) ;
#8446 = EDGE_LOOP ( 'NONE', ( #3569, #386, #4608, #3432 ) ) ;
#8447 = DIRECTION ( 'NONE',  ( 0.0000000000000000000, 0.0000000000000000000, -1.000000000000000000 ) ) ;
#8448 = CARTESIAN_POINT ( 'NONE',  ( 2.987958743070287587E-17, -0.09055118110236221041, 0.1968503936985494807 ) ) ;
#8449 = CARTESIAN_POINT ( 'NONE',  ( 0.1141732283464566844, -0.02952755905511811330, -1.700787401574803237 ) ) ;
#8450 = ORIENTED_EDGE ( 'NONE', *, *, #1830, .T. ) ;
#8451 = CIRCLE ( 'NONE', #530, 0.09842519685039410882 ) ;
#8452 = DIRECTION ( 'NONE',  ( 1.000000000000000000, 0.0000000000000000000, 0.0000000000000000000 ) ) ;
#8453 = ORIENTED_EDGE ( 'NONE', *, *, #4507, .T. ) ;
#8454 = PLANE ( 'NONE',  #1372 ) ;
#8455 = STYLED_ITEM ( 'NONE', ( #2818 ), #3508 ) ;
#8456 = DIRECTION ( 'NONE',  ( 0.0000000000000000000, 0.0000000000000000000, 1.000000000000000000 ) ) ;
#8457 = EDGE_CURVE ( 'NONE', #3883, #2312, #5464, .T. ) ;
#8458 = EDGE_CURVE ( 'NONE', #4011, #3427, #5054, .T. ) ;
#8459 = FILL_AREA_STYLE ('',( #6383 ) ) ;
#8460 = ORIENTED_EDGE ( 'NONE', *, *, #7605, .F. ) ;
#8461 = ORIENTED_EDGE ( 'NONE', *, *, #7334, .T. ) ;
#8462 = LENGTH_MEASURE_WITH_UNIT ( LENGTH_MEASURE( 0.02539999999999999897 ), #2327 );
#8463 = CARTESIAN_POINT ( 'NONE',  ( -0.02952755905511805085, -0.09389165368277066492, -1.700787401574803237 ) ) ;
#8464 = AXIS2_PLACEMENT_3D ( 'NONE', #7936, #3912, #610 ) ;
#8465 = MECHANICAL_DESIGN_GEOMETRIC_PRESENTATION_REPRESENTATION (  '', ( #8609 ), #3923 ) ;
#8466 = STYLED_ITEM ( 'NONE', ( #1165 ), #7488 ) ;
#8467 = ORIENTED_EDGE ( 'NONE', *, *, #4800, .F. ) ;
#8468 = DIRECTION ( 'NONE',  ( -0.0000000000000000000, -0.0000000000000000000, -1.000000000000000000 ) ) ;
#8469 = LINE ( 'NONE', #5906, #5620 ) ;
#8470 = SURFACE_SIDE_STYLE ('',( #3620 ) ) ;
#8471 = VERTEX_POINT ( 'NONE', #4673 ) ;
#8472 = CIRCLE ( 'NONE', #6463, 0.1771653543307086798 ) ;
#8473 = DIMENSIONAL_EXPONENTS ( 1.000000000000000000, 0.0000000000000000000, 0.0000000000000000000, 0.0000000000000000000, 0.0000000000000000000, 0.0000000000000000000, 0.0000000000000000000 ) ;
#8474 = DIRECTION ( 'NONE',  ( -1.000000000000000000, 0.0000000000000000000, 0.0000000000000000000 ) ) ;
#8475 = VECTOR ( 'NONE', #8675, 39.37007874015748143 ) ;
#8476 = CARTESIAN_POINT ( 'NONE',  ( 0.0000000000000000000, 0.0000000000000000000, -1.661417322834645827 ) ) ;
#8477 = DIRECTION ( 'NONE',  ( 1.000000000000000000, 0.0000000000000000000, 0.0000000000000000000 ) ) ;
#8478 = CIRCLE ( 'NONE', #2376, 0.01574803149606300232 ) ;
#8479 =( NAMED_UNIT ( * ) SI_UNIT ( $, .STERADIAN. ) SOLID_ANGLE_UNIT ( ) );
#8480 = VERTEX_POINT ( 'NONE', #8642 ) ;
#8481 =( CONVERSION_BASED_UNIT ( 'INCH', #5657 ) LENGTH_UNIT ( ) NAMED_UNIT ( #2226 ) );
#8482 = PRESENTATION_LAYER_ASSIGNMENT (  '', '', ( #3223 ) ) ;
#8483 = EDGE_CURVE ( 'NONE', #3585, #3848, #5190, .T. ) ;
#8484 = LENGTH_MEASURE_WITH_UNIT ( LENGTH_MEASURE( 0.02539999999999999897 ), #3677 );
#8485 = FILL_AREA_STYLE ('',( #2434 ) ) ;
#8486 = VECTOR ( 'NONE', #5884, 39.37007874015748143 ) ;
#8487 = COLOUR_RGB ( '',0.2509803921568627416, 0.2509803921568627416, 0.2509803921568627416 ) ;
#8488 = PLANE ( 'NONE',  #1267 ) ;
#8489 = ORIENTED_EDGE ( 'NONE', *, *, #5696, .T. ) ;
#8490 = SURFACE_STYLE_FILL_AREA ( #5886 ) ;
#8491 = PRESENTATION_LAYER_ASSIGNMENT (  '', '', ( #2527 ) ) ;
#8492 = EDGE_CURVE ( 'NONE', #754, #2596, #2644, .T. ) ;
#8493 = PLANE ( 'NONE',  #8217 ) ;
#8494 = DIRECTION ( 'NONE',  ( 0.03903273174035342546, 0.0000000000000000000, 0.9992379325530460488 ) ) ;
#8495 = ORIENTED_EDGE ( 'NONE', *, *, #8585, .F. ) ;
#8496 = SURFACE_STYLE_USAGE ( .BOTH. , #7717 ) ;
#8497 =( NAMED_UNIT ( * ) SI_UNIT ( $, .STERADIAN. ) SOLID_ANGLE_UNIT ( ) );
#8498 =( NAMED_UNIT ( * ) SI_UNIT ( $, .STERADIAN. ) SOLID_ANGLE_UNIT ( ) );
#8499 = UNCERTAINTY_MEASURE_WITH_UNIT (LENGTH_MEASURE( 1.000000000000000082E-05 ), #1971, 'distance_accuracy_value', 'NONE');
#8500 = EDGE_CURVE ( 'NONE', #7171, #2431, #669, .T. ) ;
#8501 = ORIENTED_EDGE ( 'NONE', *, *, #2837, .F. ) ;
#8502 = SURFACE_SIDE_STYLE ('',( #1016 ) ) ;
#8503 = LINE ( 'NONE', #8418, #1520 ) ;
#8504 = COLOUR_RGB ( '',0.7450980392156862919, 0.7450980392156862919, 0.7450980392156862919 ) ;
#8505 = EDGE_LOOP ( 'NONE', ( #3030, #7528, #6058, #63 ) ) ;
#8506 = DIRECTION ( 'NONE',  ( 0.0000000000000000000, 0.0000000000000000000, 1.000000000000000000 ) ) ;
#8507 = DIRECTION ( 'NONE',  ( 0.0000000000000000000, 0.0000000000000000000, -1.000000000000000000 ) ) ;
#8508 = EDGE_CURVE ( 'NONE', #701, #4153, #2686, .T. ) ;
#8509 = EDGE_LOOP ( 'NONE', ( #3482, #4305, #1112, #8114 ) ) ;
#8510 =( LENGTH_UNIT ( ) NAMED_UNIT ( * ) SI_UNIT ( $, .METRE. ) );
#8511 = DIRECTION ( 'NONE',  ( 0.0000000000000000000, 0.0000000000000000000, -1.000000000000000000 ) ) ;
#8512 = PRESENTATION_STYLE_ASSIGNMENT (( #2949 ) ) ;
#8513 = ORIENTED_EDGE ( 'NONE', *, *, #8116, .F. ) ;
#8514 = CIRCLE ( 'NONE', #8079, 0.09842519685039410882 ) ;
#8515 =( NAMED_UNIT ( * ) SI_UNIT ( $, .STERADIAN. ) SOLID_ANGLE_UNIT ( ) );
#8516 = FILL_AREA_STYLE ('',( #8257 ) ) ;
#8517 = CARTESIAN_POINT ( 'NONE',  ( 0.09389165368277066492, -0.02952755905511809942, -1.543307086614173151 ) ) ;
#8518 = SURFACE_STYLE_USAGE ( .BOTH. , #5244 ) ;
#8519 = DIRECTION ( 'NONE',  ( -1.000000000000000000, 0.0000000000000000000, 0.0000000000000000000 ) ) ;
#8520 = UNCERTAINTY_MEASURE_WITH_UNIT (LENGTH_MEASURE( 1.000000000000000082E-05 ), #2128, 'distance_accuracy_value', 'NONE');
#8521 = STYLED_ITEM ( 'NONE', ( #6381 ), #1031 ) ;
#8522 = LINE ( 'NONE', #6985, #7885 ) ;
#8523 = CIRCLE ( 'NONE', #2012, 0.09842519685039410882 ) ;
#8524 = SURFACE_STYLE_USAGE ( .BOTH. , #7747 ) ;
#8525 = ORIENTED_EDGE ( 'NONE', *, *, #2723, .F. ) ;
#8526 = DIRECTION ( 'NONE',  ( 0.0000000000000000000, 1.000000000000000000, 0.0000000000000000000 ) ) ;
#8527 = VECTOR ( 'NONE', #4676, 39.37007874015748143 ) ;
#8528 = DIMENSIONAL_EXPONENTS ( 1.000000000000000000, 0.0000000000000000000, 0.0000000000000000000, 0.0000000000000000000, 0.0000000000000000000, 0.0000000000000000000, 0.0000000000000000000 ) ;
#8529 = ORIENTED_EDGE ( 'NONE', *, *, #7766, .T. ) ;
#8530 = AXIS2_PLACEMENT_3D ( 'NONE', #363, #5027, #8474 ) ;
#8531 = LINE ( 'NONE', #8566, #984 ) ;
#8532 = CARTESIAN_POINT ( 'NONE',  ( -0.02952755905511811330, 0.1141732283464566844, -1.543307086614173151 ) ) ;
#8533 = EDGE_LOOP ( 'NONE', ( #393, #3902, #5319, #7814 ) ) ;
#8534 = PLANE ( 'NONE',  #3142 ) ;
#8535 = EDGE_CURVE ( 'NONE', #5413, #5784, #1368, .T. ) ;
#8536 = ORIENTED_EDGE ( 'NONE', *, *, #4370, .F. ) ;
#8537 = CONICAL_SURFACE ( 'NONE', #3004, 0.1377952755905511584, 0.03904264995516706221 ) ;
#8538 = CARTESIAN_POINT ( 'NONE',  ( 2.987958743070287587E-17, -0.09055118110236221041, 0.1968503936985494807 ) ) ;
#8539 = ORIENTED_EDGE ( 'NONE', *, *, #741, .T. ) ;
#8540 = SURFACE_STYLE_FILL_AREA ( #2329 ) ;
#8541 = EDGE_CURVE ( 'NONE', #527, #4907, #718, .T. ) ;
#8542 = CIRCLE ( 'NONE', #7526, 0.1421013779527558751 ) ;
#8543 = ORIENTED_EDGE ( 'NONE', *, *, #7827, .F. ) ;
#8544 = VERTEX_POINT ( 'NONE', #53 ) ;
#8545 = CARTESIAN_POINT ( 'NONE',  ( 0.0000000000000000000, 0.0000000000000000000, 0.2007874015748032093 ) ) ;
#8546 = FILL_AREA_STYLE_COLOUR ( '', #4778 ) ;
#8547 = LENGTH_MEASURE_WITH_UNIT ( LENGTH_MEASURE( 0.02539999999999999897 ), #1286 );
#8548 = DIRECTION ( 'NONE',  ( 0.0000000000000000000, 0.0000000000000000000, 1.000000000000000000 ) ) ;
#8549 = COLOUR_RGB ( '',0.2509803921568627416, 0.2509803921568627416, 0.2509803921568627416 ) ;
#8550 = ADVANCED_FACE ( 'NONE', ( #2728 ), #6576, .F. ) ;
#8551 = LINE ( 'NONE', #8650, #3436 ) ;
#8552 = EDGE_CURVE ( 'NONE', #4245, #3409, #93, .T. ) ;
#8553 = VECTOR ( 'NONE', #3449, 39.37007874015748143 ) ;
#8554 = DIRECTION ( 'NONE',  ( 0.0000000000000000000, -1.000000000000000000, 0.0000000000000000000 ) ) ;
#8555 = VERTEX_POINT ( 'NONE', #4798 ) ;
#8556 = COLOUR_RGB ( '',0.5019607843137254832, 0.5019607843137254832, 0.5019607843137254832 ) ;
#8557 = DIRECTION ( 'NONE',  ( 0.0000000000000000000, 0.0000000000000000000, -1.000000000000000000 ) ) ;
#8558 = COLOUR_RGB ( '',0.2509803921568627416, 0.2509803921568627416, 0.2509803921568627416 ) ;
#8559 = DIRECTION ( 'NONE',  ( 0.0000000000000000000, 0.0000000000000000000, 1.000000000000000000 ) ) ;
#8560 = MECHANICAL_DESIGN_GEOMETRIC_PRESENTATION_REPRESENTATION (  '', ( #7417 ), #8439 ) ;
#8561 = AXIS2_PLACEMENT_3D ( 'NONE', #2006, #3944, #1296 ) ;
#8562 = LINE ( 'NONE', #6996, #4906 ) ;
#8563 = ORIENTED_EDGE ( 'NONE', *, *, #3578, .T. ) ;
#8564 = VECTOR ( 'NONE', #7474, 39.37007874015748143 ) ;
#8565 = CARTESIAN_POINT ( 'NONE',  ( 0.1590441819772528131, -0.02689103927563765012, 0.4298724771940015676 ) ) ;
#8566 = CARTESIAN_POINT ( 'NONE',  ( 0.02952755905511811330, -0.1141732283464566844, -1.307086614173228467 ) ) ;
#8567 = DIRECTION ( 'NONE',  ( 1.000000000000000000, 0.0000000000000000000, 0.0000000000000000000 ) ) ;
#8568 = CARTESIAN_POINT ( 'NONE',  ( 0.2755905511811023723, 0.0000000000000000000, 0.4298724771940015676 ) ) ;
#8569 =( CONVERSION_BASED_UNIT ( 'INCH', #8711 ) LENGTH_UNIT ( ) NAMED_UNIT ( #5778 ) );
#8570 = ORIENTED_EDGE ( 'NONE', *, *, #1129, .T. ) ;
#8571 = FACE_OUTER_BOUND ( 'NONE', #2531, .T. ) ;
#8572 = DIRECTION ( 'NONE',  ( 0.0000000000000000000, 0.0000000000000000000, -1.000000000000000000 ) ) ;
#8573 = DIRECTION ( 'NONE',  ( 0.0000000000000000000, 0.0000000000000000000, -1.000000000000000000 ) ) ;
#8574 = VECTOR ( 'NONE', #5661, 39.37007874015748143 ) ;
#8575 =( GEOMETRIC_REPRESENTATION_CONTEXT ( 3 ) GLOBAL_UNCERTAINTY_ASSIGNED_CONTEXT ( ( #3266 ) ) GLOBAL_UNIT_ASSIGNED_CONTEXT ( ( #3754, #2337, #6492 ) ) REPRESENTATION_CONTEXT ( 'NONE', 'WORKASPACE' ) );
#8576 = LINE ( 'NONE', #2494, #4418 ) ;
#8577 = PRESENTATION_LAYER_ASSIGNMENT (  '', '', ( #1084 ) ) ;
#8578 = SURFACE_STYLE_USAGE ( .BOTH. , #5846 ) ;
#8579 =( GEOMETRIC_REPRESENTATION_CONTEXT ( 3 ) GLOBAL_UNCERTAINTY_ASSIGNED_CONTEXT ( ( #1076 ) ) GLOBAL_UNIT_ASSIGNED_CONTEXT ( ( #2889, #6836, #4713 ) ) REPRESENTATION_CONTEXT ( 'NONE', 'WORKASPACE' ) );
#8580 = ORIENTED_EDGE ( 'NONE', *, *, #974, .F. ) ;
#8581 = DIMENSIONAL_EXPONENTS ( 1.000000000000000000, 0.0000000000000000000, 0.0000000000000000000, 0.0000000000000000000, 0.0000000000000000000, 0.0000000000000000000, 0.0000000000000000000 ) ;
#8582 = MECHANICAL_DESIGN_GEOMETRIC_PRESENTATION_REPRESENTATION (  '', ( #1231 ), #7288 ) ;
#8583 = CARTESIAN_POINT ( 'NONE',  ( 0.1141732283464566844, 0.02952755905511811330, -1.307086614173228467 ) ) ;
#8584 = VERTEX_POINT ( 'NONE', #4275 ) ;
#8585 = EDGE_CURVE ( 'NONE', #7042, #3682, #6843, .T. ) ;
#8586 = COLOUR_RGB ( '',0.2509803921568627416, 0.2509803921568627416, 0.2509803921568627416 ) ;
#8587 = PRODUCT_DEFINITION_CONTEXT ( 'detailed design', #5927, 'design' ) ;
#8588 = ORIENTED_EDGE ( 'NONE', *, *, #4294, .T. ) ;
#8589 = ORIENTED_EDGE ( 'NONE', *, *, #555, .T. ) ;
#8590 =( NAMED_UNIT ( * ) SI_UNIT ( $, .STERADIAN. ) SOLID_ANGLE_UNIT ( ) );
#8591 = MECHANICAL_DESIGN_GEOMETRIC_PRESENTATION_REPRESENTATION (  '', ( #3349 ), #5737 ) ;
#8592 = SURFACE_SIDE_STYLE ('',( #7331 ) ) ;
#8593 = VERTEX_POINT ( 'NONE', #7542 ) ;
#8594 = EDGE_CURVE ( 'NONE', #4880, #7188, #8026, .T. ) ;
#8595 = LINE ( 'NONE', #7959, #1775 ) ;
#8596 = DIRECTION ( 'NONE',  ( -1.000000000000000000, 0.0000000000000000000, 0.0000000000000000000 ) ) ;
#8597 = LENGTH_MEASURE_WITH_UNIT ( LENGTH_MEASURE( 0.02539999999999999897 ), #2426 );
#8598 =( LENGTH_UNIT ( ) NAMED_UNIT ( * ) SI_UNIT ( $, .METRE. ) );
#8599 = COLOUR_RGB ( '',0.2509803921568627416, 0.2509803921568627416, 0.2509803921568627416 ) ;
#8600 = UNCERTAINTY_MEASURE_WITH_UNIT (LENGTH_MEASURE( 1.000000000000000082E-05 ), #5700, 'distance_accuracy_value', 'NONE');
#8601 = DIRECTION ( 'NONE',  ( -1.000000000000000000, 0.0000000000000000000, 0.0000000000000000000 ) ) ;
#8602 = DIRECTION ( 'NONE',  ( 0.0000000000000000000, -1.000000000000000000, 0.0000000000000000000 ) ) ;
#8603 = VERTEX_POINT ( 'NONE', #4114 ) ;
#8604 = SURFACE_STYLE_FILL_AREA ( #462 ) ;
#8605 = CIRCLE ( 'NONE', #1109, 0.1771653543307086798 ) ;
#8606 = ORIENTED_EDGE ( 'NONE', *, *, #6350, .F. ) ;
#8607 = ADVANCED_FACE ( 'NONE', ( #4762 ), #4235, .T. ) ;
#8608 = EDGE_CURVE ( 'NONE', #5000, #4651, #2856, .T. ) ;
#8609 = STYLED_ITEM ( 'NONE', ( #4014 ), #5102 ) ;
#8610 = SURFACE_STYLE_FILL_AREA ( #5876 ) ;
#8611 = VECTOR ( 'NONE', #13, 39.37007874015748143 ) ;
#8612 = SURFACE_SIDE_STYLE ('',( #4647 ) ) ;
#8613 =( LENGTH_UNIT ( ) NAMED_UNIT ( * ) SI_UNIT ( $, .METRE. ) );
#8614 = CARTESIAN_POINT ( 'NONE',  ( 0.02952755905511811330, -0.1141732283464566844, -1.385826771653543510 ) ) ;
#8615 = CIRCLE ( 'NONE', #415, 0.01377952755905510404 ) ;
#8616 = AXIS2_PLACEMENT_3D ( 'NONE', #3055, #915, #5043 ) ;
#8617 = FILL_AREA_STYLE ('',( #3862 ) ) ;
#8618 = ORIENTED_EDGE ( 'NONE', *, *, #1509, .F. ) ;
#8619 = DIRECTION ( 'NONE',  ( 0.0000000000000000000, 0.0000000000000000000, 1.000000000000000000 ) ) ;
#8620 = CARTESIAN_POINT ( 'NONE',  ( 0.02952755905511810289, 0.09389165368277065105, -1.307086614173228467 ) ) ;
#8621 = EDGE_CURVE ( 'NONE', #3037, #151, #8503, .T. ) ;
#8622 = CARTESIAN_POINT ( 'NONE',  ( -0.02952755905511805085, -0.09389165368277066492, -1.503937007874015741 ) ) ;
#8623 =( NAMED_UNIT ( * ) PLANE_ANGLE_UNIT ( ) SI_UNIT ( $, .RADIAN. ) );
#8624 = LINE ( 'NONE', #5264, #4394 ) ;
#8625 = DIRECTION ( 'NONE',  ( 0.0000000000000000000, 0.0000000000000000000, -1.000000000000000000 ) ) ;
#8626 = FILL_AREA_STYLE_COLOUR ( '', #5881 ) ;
#8627 = DIRECTION ( 'NONE',  ( 0.3286249371676925879, 0.9444605077352520306, 0.0000000000000000000 ) ) ;
#8628 = VECTOR ( 'NONE', #1026, 39.37007874015748143 ) ;
#8629 =( NAMED_UNIT ( * ) PLANE_ANGLE_UNIT ( ) SI_UNIT ( $, .RADIAN. ) );
#8630 = VECTOR ( 'NONE', #1831, 39.37007874015748143 ) ;
#8631 = CARTESIAN_POINT ( 'NONE',  ( -0.1141732283464566844, 0.02952755905511811330, -1.346456692913385877 ) ) ;
#8632 = DIRECTION ( 'NONE',  ( 0.3286249371676925879, 0.9444605077352520306, 0.0000000000000000000 ) ) ;
#8633 = ORIENTED_EDGE ( 'NONE', *, *, #1986, .F. ) ;
#8634 =( LENGTH_UNIT ( ) NAMED_UNIT ( * ) SI_UNIT ( $, .METRE. ) );
#8635 = SURFACE_STYLE_USAGE ( .BOTH. , #3969 ) ;
#8636 = VERTEX_POINT ( 'NONE', #8538 ) ;
#8637 = CARTESIAN_POINT ( 'NONE',  ( -0.09389165368277023471, -0.02952755905511811330, -1.307086614173228467 ) ) ;
#8638 = DIRECTION ( 'NONE',  ( -1.000000000000000000, 0.0000000000000000000, 0.0000000000000000000 ) ) ;
#8639 = VERTEX_POINT ( 'NONE', #3788 ) ;
#8640 = STYLED_ITEM ( 'NONE', ( #1934 ), #5765 ) ;
#8641 = ORIENTED_EDGE ( 'NONE', *, *, #2259, .T. ) ;
#8642 = CARTESIAN_POINT ( 'NONE',  ( -0.09389165368277023471, -0.02952755905511811330, -1.464566929133858109 ) ) ;
#8643 = FACE_OUTER_BOUND ( 'NONE', #8010, .T. ) ;
#8644 = VERTEX_POINT ( 'NONE', #7813 ) ;
#8645 = FACE_BOUND ( 'NONE', #7227, .T. ) ;
#8646 = DIRECTION ( 'NONE',  ( -1.000000000000000000, 0.0000000000000000000, 0.0000000000000000000 ) ) ;
#8647 = FILL_AREA_STYLE_COLOUR ( '', #400 ) ;
#8648 = DIMENSIONAL_EXPONENTS ( 1.000000000000000000, 0.0000000000000000000, 0.0000000000000000000, 0.0000000000000000000, 0.0000000000000000000, 0.0000000000000000000, 0.0000000000000000000 ) ;
#8649 =( GEOMETRIC_REPRESENTATION_CONTEXT ( 3 ) GLOBAL_UNCERTAINTY_ASSIGNED_CONTEXT ( ( #1503 ) ) GLOBAL_UNIT_ASSIGNED_CONTEXT ( ( #6508, #6417, #1094 ) ) REPRESENTATION_CONTEXT ( 'NONE', 'WORKASPACE' ) );
#8650 = CARTESIAN_POINT ( 'NONE',  ( -0.09389165368277065105, 0.02952755905511811330, -1.543307086614173151 ) ) ;
#8651 = ADVANCED_FACE ( 'NONE', ( #4965 ), #3360, .T. ) ;
#8652 = CARTESIAN_POINT ( 'NONE',  ( 0.1476377952755905942, 0.0000000000000000000, 0.03937007874015747977 ) ) ;
#8653 = ORIENTED_EDGE ( 'NONE', *, *, #4529, .T. ) ;
#8654 = LINE ( 'NONE', #1334, #4178 ) ;
#8655 = ORIENTED_EDGE ( 'NONE', *, *, #2953, .F. ) ;
#8656 = DIRECTION ( 'NONE',  ( -1.000000000000000000, 0.0000000000000000000, 0.0000000000000000000 ) ) ;
#8657 = MECHANICAL_DESIGN_GEOMETRIC_PRESENTATION_REPRESENTATION (  '', ( #8229 ), #1021 ) ;
#8658 = CIRCLE ( 'NONE', #172, 0.01574803149606301619 ) ;
#8659 = EDGE_CURVE ( 'NONE', #1423, #8544, #8755, .T. ) ;
#8660 = DIRECTION ( 'NONE',  ( -1.000000000000000000, 0.0000000000000000000, 0.0000000000000000000 ) ) ;
#8661 = DIRECTION ( 'NONE',  ( -1.000000000000000000, 0.0000000000000000000, 0.0000000000000000000 ) ) ;
#8662 = EDGE_LOOP ( 'NONE', ( #1866, #3751, #8340, #4372 ) ) ;
#8663 = SURFACE_SIDE_STYLE ('',( #1174 ) ) ;
#8664 = STYLED_ITEM ( 'NONE', ( #5358 ), #1295 ) ;
#8665 = FACE_OUTER_BOUND ( 'NONE', #6135, .T. ) ;
#8666 = CARTESIAN_POINT ( 'NONE',  ( -0.09448818897637792369, 0.03149606299212599769, 0.1968503936985494807 ) ) ;
#8667 = LENGTH_MEASURE_WITH_UNIT ( LENGTH_MEASURE( 0.02539999999999999897 ), #1791 );
#8668 = SURFACE_STYLE_USAGE ( .BOTH. , #5797 ) ;
#8669 = CARTESIAN_POINT ( 'NONE',  ( 0.02952755905511811330, -0.09389165368277023471, -1.700787401574803237 ) ) ;
#8670 = DIRECTION ( 'NONE',  ( 0.0000000000000000000, 0.0000000000000000000, 1.000000000000000000 ) ) ;
#8671 = EDGE_CURVE ( 'NONE', #4153, #2631, #3113, .T. ) ;
#8672 = EDGE_CURVE ( 'NONE', #3307, #5818, #2370, .T. ) ;
#8673 = PRESENTATION_LAYER_ASSIGNMENT (  '', '', ( #8388 ) ) ;
#8674 = PRESENTATION_LAYER_ASSIGNMENT (  '', '', ( #54 ) ) ;
#8675 = DIRECTION ( 'NONE',  ( 0.0000000000000000000, 0.0000000000000000000, 1.000000000000000000 ) ) ;
#8676 = ORIENTED_EDGE ( 'NONE', *, *, #7438, .T. ) ;
#8677 = DIRECTION ( 'NONE',  ( 0.0000000000000000000, -1.000000000000000000, 0.0000000000000000000 ) ) ;
#8678 = SURFACE_STYLE_FILL_AREA ( #1313 ) ;
#8679 = ORIENTED_EDGE ( 'NONE', *, *, #4664, .T. ) ;
#8680 = PLANE ( 'NONE',  #1365 ) ;
#8681 =( GEOMETRIC_REPRESENTATION_CONTEXT ( 3 ) GLOBAL_UNCERTAINTY_ASSIGNED_CONTEXT ( ( #3180 ) ) GLOBAL_UNIT_ASSIGNED_CONTEXT ( ( #8367, #7721, #8498 ) ) REPRESENTATION_CONTEXT ( 'NONE', 'WORKASPACE' ) );
#8682 = AXIS2_PLACEMENT_3D ( 'NONE', #1927, #8670, #2540 ) ;
#8683 = CARTESIAN_POINT ( 'NONE',  ( -0.09389165368277065105, -0.02952755905511811330, -1.622047244094488194 ) ) ;
#8684 = VERTEX_POINT ( 'NONE', #5058 ) ;
#8685 = CARTESIAN_POINT ( 'NONE',  ( -0.09448818897637792369, 0.03149606299212599769, 0.1968503936985494807 ) ) ;
#8686 = DIRECTION ( 'NONE',  ( -1.000000000000000000, 0.0000000000000000000, 0.0000000000000000000 ) ) ;
#8687 =( CONVERSION_BASED_UNIT ( 'INCH', #2509 ) LENGTH_UNIT ( ) NAMED_UNIT ( #3815 ) );
#8688 = ORIENTED_EDGE ( 'NONE', *, *, #8283, .F. ) ;
#8689 = FACE_OUTER_BOUND ( 'NONE', #4892, .T. ) ;
#8690 = CARTESIAN_POINT ( 'NONE',  ( 1.067128122525102820E-17, 0.09055118110236221041, 0.1968503937007874127 ) ) ;
#8691 = CARTESIAN_POINT ( 'NONE',  ( -0.02952755905511811330, -0.09389165368277065105, -1.582677165354331006 ) ) ;
#8692 = UNCERTAINTY_MEASURE_WITH_UNIT (LENGTH_MEASURE( 1.000000000000000082E-05 ), #632, 'distance_accuracy_value', 'NONE');
#8693 = CARTESIAN_POINT ( 'NONE',  ( 0.1763041338582677364, -0.01744749723059352622, 0.4298724771940015676 ) ) ;
#8694 = DIRECTION ( 'NONE',  ( 0.0000000000000000000, 0.0000000000000000000, 1.000000000000000000 ) ) ;
#8695 =( NAMED_UNIT ( * ) SI_UNIT ( $, .STERADIAN. ) SOLID_ANGLE_UNIT ( ) );
#8696 = ORIENTED_EDGE ( 'NONE', *, *, #1818, .T. ) ;
#8697 = COLOUR_RGB ( '',0.2509803921568627416, 0.2509803921568627416, 0.2509803921568627416 ) ;
#8698 = PRESENTATION_STYLE_ASSIGNMENT (( #3227 ) ) ;
#8699 = ORIENTED_EDGE ( 'NONE', *, *, #4585, .F. ) ;
#8700 = EDGE_CURVE ( 'NONE', #3205, #2507, #978, .T. ) ;
#8701 = DIRECTION ( 'NONE',  ( 1.000000000000000000, 0.0000000000000000000, 0.0000000000000000000 ) ) ;
#8702 = DIRECTION ( 'NONE',  ( 0.0000000000000000000, 1.000000000000000000, 0.0000000000000000000 ) ) ;
#8703 = CIRCLE ( 'NONE', #2177, 0.2755905511811023723 ) ;
#8704 = DIMENSIONAL_EXPONENTS ( 1.000000000000000000, 0.0000000000000000000, 0.0000000000000000000, 0.0000000000000000000, 0.0000000000000000000, 0.0000000000000000000, 0.0000000000000000000 ) ;
#8705 = CARTESIAN_POINT ( 'NONE',  ( -0.02952755905511811330, -0.1141732283464566844, -1.700787401574803237 ) ) ;
#8706 = ORIENTED_EDGE ( 'NONE', *, *, #2319, .T. ) ;
#8707 = VECTOR ( 'NONE', #4764, 39.37007874015748143 ) ;
#8708 = DIRECTION ( 'NONE',  ( 1.000000000000000000, 0.0000000000000000000, 0.0000000000000000000 ) ) ;
#8709 = COLOUR_RGB ( '',0.2509803921568627416, 0.2509803921568627416, 0.2509803921568627416 ) ;
#8710 = CARTESIAN_POINT ( 'NONE',  ( 0.1141732283464566844, 0.02952755905511811330, -1.346456692913385877 ) ) ;
#8711 = LENGTH_MEASURE_WITH_UNIT ( LENGTH_MEASURE( 0.02539999999999999897 ), #567 );
#8712 = EDGE_CURVE ( 'NONE', #6486, #2730, #6345, .T. ) ;
#8713 = FACE_BOUND ( 'NONE', #2722, .T. ) ;
#8714 = CARTESIAN_POINT ( 'NONE',  ( -0.1771653543307083190, 2.772330352400502663E-17, -1.267716535433071057 ) ) ;
#8715 = CARTESIAN_POINT ( 'NONE',  ( -0.09887340626147853029, 0.1174716846110027968, 0.2007874015748031260 ) ) ;
#8716 = COLOUR_RGB ( '',0.7450980392156862919, 0.7450980392156862919, 0.7450980392156862919 ) ;
#8717 = PRESENTATION_LAYER_ASSIGNMENT (  '', '', ( #1489 ) ) ;
#8718 = SURFACE_SIDE_STYLE ('',( #6657 ) ) ;
#8719 = CARTESIAN_POINT ( 'NONE',  ( 0.1763232720909886364, 0.01705977506991343887, 0.03937007874015747977 ) ) ;
#8720 = PRESENTATION_STYLE_ASSIGNMENT (( #5361 ) ) ;
#8721 = ORIENTED_EDGE ( 'NONE', *, *, #2692, .T. ) ;
#8722 = LENGTH_MEASURE_WITH_UNIT ( LENGTH_MEASURE( 0.02539999999999999897 ), #8634 );
#8723 = DIRECTION ( 'NONE',  ( 1.000000000000000000, 0.0000000000000000000, 0.0000000000000000000 ) ) ;
#8724 = PRESENTATION_LAYER_ASSIGNMENT (  '', '', ( #2615 ) ) ;
#8725 =( LENGTH_UNIT ( ) NAMED_UNIT ( * ) SI_UNIT ( $, .METRE. ) );
#8726 = ORIENTED_EDGE ( 'NONE', *, *, #47, .T. ) ;
#8727 = EDGE_CURVE ( 'NONE', #3682, #960, #3635, .T. ) ;
#8728 = AXIS2_PLACEMENT_3D ( 'NONE', #3041, #7782, #5775 ) ;
#8729 = EDGE_CURVE ( 'NONE', #7371, #8754, #2938, .T. ) ;
#8730 = MECHANICAL_DESIGN_GEOMETRIC_PRESENTATION_REPRESENTATION (  '', ( #1494 ), #7562 ) ;
#8731 = DIRECTION ( 'NONE',  ( 1.000000000000000000, 0.0000000000000000000, 0.0000000000000000000 ) ) ;
#8732 = CIRCLE ( 'NONE', #7006, 0.2755905511811023723 ) ;
#8733 = VECTOR ( 'NONE', #2069, 39.37007874015748143 ) ;
#8734 = ORIENTED_EDGE ( 'NONE', *, *, #557, .F. ) ;
#8735 = ORIENTED_EDGE ( 'NONE', *, *, #4369, .T. ) ;
#8736 = FILL_AREA_STYLE_COLOUR ( '', #543 ) ;
#8737 = DIRECTION ( 'NONE',  ( -1.000000000000000000, 0.0000000000000000000, 0.0000000000000000000 ) ) ;
#8738 = VERTEX_POINT ( 'NONE', #394 ) ;
#8739 = DIRECTION ( 'NONE',  ( 1.000000000000000000, 0.0000000000000000000, 0.0000000000000000000 ) ) ;
#8740 = DIRECTION ( 'NONE',  ( -1.000000000000000000, 0.0000000000000000000, 0.0000000000000000000 ) ) ;
#8741 =( GEOMETRIC_REPRESENTATION_CONTEXT ( 3 ) GLOBAL_UNCERTAINTY_ASSIGNED_CONTEXT ( ( #631 ) ) GLOBAL_UNIT_ASSIGNED_CONTEXT ( ( #1706, #8409, #5714 ) ) REPRESENTATION_CONTEXT ( 'NONE', 'WORKASPACE' ) );
#8742 = DIRECTION ( 'NONE',  ( -0.0000000000000000000, -0.0000000000000000000, -1.000000000000000000 ) ) ;
#8743 = FACE_OUTER_BOUND ( 'NONE', #3577, .T. ) ;
#8744 = CARTESIAN_POINT ( 'NONE',  ( 0.02952755905511811330, -0.09389165368277065105, -1.464566929133858109 ) ) ;
#8745 = VERTEX_POINT ( 'NONE', #5762 ) ;
#8746 = SURFACE_STYLE_FILL_AREA ( #683 ) ;
#8747 = LINE ( 'NONE', #5961, #4346 ) ;
#8748 = CARTESIAN_POINT ( 'NONE',  ( -0.02952755905511811330, -0.09389165368277065105, -1.385826771653543510 ) ) ;
#8749 =( GEOMETRIC_REPRESENTATION_CONTEXT ( 3 ) GLOBAL_UNCERTAINTY_ASSIGNED_CONTEXT ( ( #352 ) ) GLOBAL_UNIT_ASSIGNED_CONTEXT ( ( #6231, #6189, #3493 ) ) REPRESENTATION_CONTEXT ( 'NONE', 'WORKASPACE' ) );
#8750 = DIRECTION ( 'NONE',  ( 0.0000000000000000000, 0.0000000000000000000, 1.000000000000000000 ) ) ;
#8751 = CARTESIAN_POINT ( 'NONE',  ( -0.1039438373518107722, 0.1234958735654132084, 0.03937007874015751446 ) ) ;
#8752 = VECTOR ( 'NONE', #8477, 39.37007874015748143 ) ;
#8753 = EDGE_CURVE ( 'NONE', #7756, #7048, #2981, .T. ) ;
#8754 = VERTEX_POINT ( 'NONE', #1617 ) ;
#8755 = CIRCLE ( 'NONE', #2502, 0.007874015748031482076 ) ;
#8756 = DIRECTION ( 'NONE',  ( 0.0000000000000000000, 0.0000000000000000000, 1.000000000000000000 ) ) ;
#8757 = DIRECTION ( 'NONE',  ( -1.000000000000000000, 0.0000000000000000000, 0.0000000000000000000 ) ) ;
#8758 = CARTESIAN_POINT ( 'NONE',  ( 0.0000000000000000000, 0.0000000000000000000, -1.700787401574803237 ) ) ;
#8759 = DIRECTION ( 'NONE',  ( -1.000000000000000000, 0.0000000000000000000, 0.0000000000000000000 ) ) ;
#8760 = VECTOR ( 'NONE', #6003, 39.37007874015748143 ) ;
#8761 = LINE ( 'NONE', #5269, #5405 ) ;
#8762 = EDGE_CURVE ( 'NONE', #2185, #1000, #4318, .T. ) ;
#8763 = LINE ( 'NONE', #5360, #2882 ) ;
#8764 = AXIS2_PLACEMENT_3D ( 'NONE', #2263, #1987, #7416 ) ;
#8765 = CARTESIAN_POINT ( 'NONE',  ( -0.02952755905511811330, 0.09389165368277023471, -1.385826771653543510 ) ) ;
#8766 = PRESENTATION_STYLE_ASSIGNMENT (( #6030 ) ) ;
#8767 = ORIENTED_EDGE ( 'NONE', *, *, #2309, .F. ) ;
#8768 = DIMENSIONAL_EXPONENTS ( 1.000000000000000000, 0.0000000000000000000, 0.0000000000000000000, 0.0000000000000000000, 0.0000000000000000000, 0.0000000000000000000, 0.0000000000000000000 ) ;
#8769 = LINE ( 'NONE', #6275, #8733 ) ;
#8770 = SURFACE_STYLE_USAGE ( .BOTH. , #2545 ) ;
#8771 = PRESENTATION_LAYER_ASSIGNMENT (  '', '', ( #847 ) ) ;
#8772 = DIRECTION ( 'NONE',  ( -1.000000000000000000, 0.0000000000000000000, 0.0000000000000000000 ) ) ;
#8773 = LENGTH_MEASURE_WITH_UNIT ( LENGTH_MEASURE( 0.02539999999999999897 ), #4015 );
#8774 = VERTEX_POINT ( 'NONE', #5317 ) ;
ENDSEC;
END-ISO-10303-21;
