solid CATIA STL
  facet normal  0.000000e+000  0.000000e+000 -1.000000e+000
    outer loop
      vertex  5.520000e+000  0.000000e+000 -2.300000e+000
      vertex -5.187103e+000  1.887951e+000 -2.300000e+000
      vertex  5.187103e+000  1.887951e+000 -2.300000e+000
    endloop
  endfacet
  facet normal  0.000000e+000  0.000000e+000 -1.000000e+000
    outer loop
      vertex  5.187103e+000  1.887951e+000 -2.300000e+000
      vertex -5.187103e+000  1.887951e+000 -2.300000e+000
      vertex -4.228565e+000  3.548187e+000 -2.300000e+000
    endloop
  endfacet
  facet normal  0.000000e+000  0.000000e+000 -9.999999e-001
    outer loop
      vertex  5.187103e+000  1.887951e+000 -2.300000e+000
      vertex -4.228565e+000  3.548187e+000 -2.300000e+000
      vertex  4.228565e+000  3.548187e+000 -2.300000e+000
    endloop
  endfacet
  facet normal  0.000000e+000  0.000000e+000 -1.000000e+000
    outer loop
      vertex  4.228565e+000  3.548187e+000 -2.300000e+000
      vertex -4.228565e+000  3.548187e+000 -2.300000e+000
      vertex -2.760000e+000  4.780460e+000 -2.300000e+000
    endloop
  endfacet
  facet normal  0.000000e+000  0.000000e+000 -1.000000e+000
    outer loop
      vertex  4.228565e+000  3.548187e+000 -2.300000e+000
      vertex -2.760000e+000  4.780460e+000 -2.300000e+000
      vertex  2.760000e+000  4.780460e+000 -2.300000e+000
    endloop
  endfacet
  facet normal  0.000000e+000  0.000000e+000 -1.000000e+000
    outer loop
      vertex  2.760000e+000  4.780460e+000 -2.300000e+000
      vertex -2.760000e+000  4.780460e+000 -2.300000e+000
      vertex -9.585379e-001  5.436139e+000 -2.300000e+000
    endloop
  endfacet
  facet normal  0.000000e+000  0.000000e+000 -1.000000e+000
    outer loop
      vertex  2.760000e+000  4.780460e+000 -2.300000e+000
      vertex -9.585379e-001  5.436139e+000 -2.300000e+000
      vertex  9.585379e-001  5.436139e+000 -2.300000e+000
    endloop
  endfacet
  facet normal  0.000000e+000  0.000000e+000 -1.000000e+000
    outer loop
      vertex -5.187103e+000  1.887951e+000 -2.300000e+000
      vertex  5.520000e+000  0.000000e+000 -2.300000e+000
      vertex -5.520000e+000  6.759827e-016 -2.300000e+000
    endloop
  endfacet
  facet normal  0.000000e+000  0.000000e+000 -1.000000e+000
    outer loop
      vertex -5.520000e+000  6.759827e-016 -2.300000e+000
      vertex  5.520000e+000  0.000000e+000 -2.300000e+000
      vertex  5.187103e+000 -1.887951e+000 -2.300000e+000
    endloop
  endfacet
  facet normal  0.000000e+000  0.000000e+000 -1.000000e+000
    outer loop
      vertex -5.520000e+000  6.759827e-016 -2.300000e+000
      vertex  5.187103e+000 -1.887951e+000 -2.300000e+000
      vertex -5.187103e+000 -1.887951e+000 -2.300000e+000
    endloop
  endfacet
  facet normal  0.000000e+000  0.000000e+000 -1.000000e+000
    outer loop
      vertex -5.187103e+000 -1.887951e+000 -2.300000e+000
      vertex  5.187103e+000 -1.887951e+000 -2.300000e+000
      vertex  4.228565e+000 -3.548187e+000 -2.300000e+000
    endloop
  endfacet
  facet normal  0.000000e+000  0.000000e+000 -9.999999e-001
    outer loop
      vertex -5.187103e+000 -1.887951e+000 -2.300000e+000
      vertex  4.228565e+000 -3.548187e+000 -2.300000e+000
      vertex -4.228565e+000 -3.548187e+000 -2.300000e+000
    endloop
  endfacet
  facet normal  0.000000e+000  0.000000e+000 -1.000000e+000
    outer loop
      vertex -4.228565e+000 -3.548187e+000 -2.300000e+000
      vertex  4.228565e+000 -3.548187e+000 -2.300000e+000
      vertex  2.760000e+000 -4.780460e+000 -2.300000e+000
    endloop
  endfacet
  facet normal  0.000000e+000  0.000000e+000 -1.000000e+000
    outer loop
      vertex -4.228565e+000 -3.548187e+000 -2.300000e+000
      vertex  2.760000e+000 -4.780460e+000 -2.300000e+000
      vertex -2.760000e+000 -4.780460e+000 -2.300000e+000
    endloop
  endfacet
  facet normal  0.000000e+000  0.000000e+000 -1.000000e+000
    outer loop
      vertex -2.760000e+000 -4.780460e+000 -2.300000e+000
      vertex  2.760000e+000 -4.780460e+000 -2.300000e+000
      vertex  9.585379e-001 -5.436139e+000 -2.300000e+000
    endloop
  endfacet
  facet normal  0.000000e+000  0.000000e+000 -1.000000e+000
    outer loop
      vertex -2.760000e+000 -4.780460e+000 -2.300000e+000
      vertex  9.585379e-001 -5.436139e+000 -2.300000e+000
      vertex -9.585379e-001 -5.436139e+000 -2.300000e+000
    endloop
  endfacet
  facet normal  7.016743e-001 -1.237241e-001 -7.016734e-001
    outer loop
      vertex  5.520000e+000  0.000000e+000 -2.300000e+000
      vertex  5.700000e+000 -1.396051e-015 -2.120000e+000
      vertex  5.187103e+000 -1.887951e+000 -2.300000e+000
    endloop
  endfacet
  facet normal  7.016740e-001 -1.237240e-001 -7.016737e-001
    outer loop
      vertex  5.187103e+000 -1.887951e+000 -2.300000e+000
      vertex  5.700000e+000 -1.396051e-015 -2.120000e+000
      vertex  5.356248e+000 -1.949515e+000 -2.120000e+000
    endloop
  endfacet
  facet normal  6.170417e-001 -3.562492e-001 -7.016737e-001
    outer loop
      vertex  5.187103e+000 -1.887951e+000 -2.300000e+000
      vertex  5.356248e+000 -1.949515e+000 -2.120000e+000
      vertex  4.228565e+000 -3.548187e+000 -2.300000e+000
    endloop
  endfacet
  facet normal  6.170416e-001 -3.562492e-001 -7.016737e-001
    outer loop
      vertex  4.228565e+000 -3.548187e+000 -2.300000e+000
      vertex  5.356248e+000 -1.949515e+000 -2.120000e+000
      vertex  4.366453e+000 -3.663889e+000 -2.120000e+000
    endloop
  endfacet
  facet normal  4.579851e-001 -5.458053e-001 -7.016739e-001
    outer loop
      vertex  4.228565e+000 -3.548187e+000 -2.300000e+000
      vertex  4.366453e+000 -3.663889e+000 -2.120000e+000
      vertex  2.760000e+000 -4.780460e+000 -2.300000e+000
    endloop
  endfacet
  facet normal  4.579855e-001 -5.458059e-001 -7.016732e-001
    outer loop
      vertex  2.760000e+000 -4.780460e+000 -2.300000e+000
      vertex  4.366453e+000 -3.663889e+000 -2.120000e+000
      vertex  2.850000e+000 -4.936345e+000 -2.120000e+000
    endloop
  endfacet
  facet normal  2.436889e-001 -6.695302e-001 -7.016730e-001
    outer loop
      vertex  2.760000e+000 -4.780460e+000 -2.300000e+000
      vertex  2.850000e+000 -4.936345e+000 -2.120000e+000
      vertex  9.585379e-001 -5.436139e+000 -2.300000e+000
    endloop
  endfacet
  facet normal  2.436888e-001 -6.695291e-001 -7.016742e-001
    outer loop
      vertex  9.585379e-001 -5.436139e+000 -2.300000e+000
      vertex  2.850000e+000 -4.936345e+000 -2.120000e+000
      vertex  9.897946e-001 -5.613404e+000 -2.120000e+000
    endloop
  endfacet
  facet normal  0.000000e+000 -7.124979e-001 -7.016742e-001
    outer loop
      vertex  9.585379e-001 -5.436139e+000 -2.300000e+000
      vertex  9.897946e-001 -5.613404e+000 -2.120000e+000
      vertex -9.585379e-001 -5.436139e+000 -2.300000e+000
    endloop
  endfacet
  facet normal  0.000000e+000 -7.124979e-001 -7.016742e-001
    outer loop
      vertex -9.585379e-001 -5.436139e+000 -2.300000e+000
      vertex  9.897946e-001 -5.613404e+000 -2.120000e+000
      vertex -9.897946e-001 -5.613404e+000 -2.120000e+000
    endloop
  endfacet
  facet normal -2.436886e-001 -6.695291e-001 -7.016742e-001
    outer loop
      vertex -9.585379e-001 -5.436139e+000 -2.300000e+000
      vertex -9.897946e-001 -5.613404e+000 -2.120000e+000
      vertex -2.760000e+000 -4.780460e+000 -2.300000e+000
    endloop
  endfacet
  facet normal -2.436891e-001 -6.695301e-001 -7.016731e-001
    outer loop
      vertex -2.760000e+000 -4.780460e+000 -2.300000e+000
      vertex -9.897946e-001 -5.613404e+000 -2.120000e+000
      vertex -2.850000e+000 -4.936345e+000 -2.120000e+000
    endloop
  endfacet
  facet normal -4.579856e-001 -5.458058e-001 -7.016732e-001
    outer loop
      vertex -2.760000e+000 -4.780460e+000 -2.300000e+000
      vertex -2.850000e+000 -4.936345e+000 -2.120000e+000
      vertex -4.228565e+000 -3.548187e+000 -2.300000e+000
    endloop
  endfacet
  facet normal -4.579851e-001 -5.458054e-001 -7.016739e-001
    outer loop
      vertex -4.228565e+000 -3.548187e+000 -2.300000e+000
      vertex -2.850000e+000 -4.936345e+000 -2.120000e+000
      vertex -4.366453e+000 -3.663889e+000 -2.120000e+000
    endloop
  endfacet
  facet normal -6.170416e-001 -3.562492e-001 -7.016738e-001
    outer loop
      vertex -4.228565e+000 -3.548187e+000 -2.300000e+000
      vertex -4.366453e+000 -3.663889e+000 -2.120000e+000
      vertex -5.187103e+000 -1.887951e+000 -2.300000e+000
    endloop
  endfacet
  facet normal -6.170417e-001 -3.562492e-001 -7.016737e-001
    outer loop
      vertex -5.187103e+000 -1.887951e+000 -2.300000e+000
      vertex -4.366453e+000 -3.663889e+000 -2.120000e+000
      vertex -5.356248e+000 -1.949515e+000 -2.120000e+000
    endloop
  endfacet
  facet normal -7.016740e-001 -1.237241e-001 -7.016737e-001
    outer loop
      vertex -5.187103e+000 -1.887951e+000 -2.300000e+000
      vertex -5.356248e+000 -1.949515e+000 -2.120000e+000
      vertex -5.520000e+000  6.759827e-016 -2.300000e+000
    endloop
  endfacet
  facet normal -7.016743e-001 -1.237241e-001 -7.016734e-001
    outer loop
      vertex -5.520000e+000  6.759827e-016 -2.300000e+000
      vertex -5.356248e+000 -1.949515e+000 -2.120000e+000
      vertex -5.700000e+000  6.980256e-016 -2.120000e+000
    endloop
  endfacet
  facet normal  7.016743e-001  1.237241e-001 -7.016734e-001
    outer loop
      vertex  5.700000e+000 -1.396051e-015 -2.120000e+000
      vertex  5.520000e+000  0.000000e+000 -2.300000e+000
      vertex  5.356248e+000  1.949515e+000 -2.120000e+000
    endloop
  endfacet
  facet normal  7.016740e-001  1.237241e-001 -7.016737e-001
    outer loop
      vertex  5.356248e+000  1.949515e+000 -2.120000e+000
      vertex  5.520000e+000  0.000000e+000 -2.300000e+000
      vertex  5.187103e+000  1.887951e+000 -2.300000e+000
    endloop
  endfacet
  facet normal  6.170417e-001  3.562492e-001 -7.016737e-001
    outer loop
      vertex  5.356248e+000  1.949515e+000 -2.120000e+000
      vertex  5.187103e+000  1.887951e+000 -2.300000e+000
      vertex  4.366453e+000  3.663889e+000 -2.120000e+000
    endloop
  endfacet
  facet normal  6.170416e-001  3.562492e-001 -7.016738e-001
    outer loop
      vertex  4.366453e+000  3.663889e+000 -2.120000e+000
      vertex  5.187103e+000  1.887951e+000 -2.300000e+000
      vertex  4.228565e+000  3.548187e+000 -2.300000e+000
    endloop
  endfacet
  facet normal  4.579851e-001  5.458054e-001 -7.016739e-001
    outer loop
      vertex  4.366453e+000  3.663889e+000 -2.120000e+000
      vertex  4.228565e+000  3.548187e+000 -2.300000e+000
      vertex  2.850000e+000  4.936345e+000 -2.120000e+000
    endloop
  endfacet
  facet normal  4.579856e-001  5.458058e-001 -7.016732e-001
    outer loop
      vertex  2.850000e+000  4.936345e+000 -2.120000e+000
      vertex  4.228565e+000  3.548187e+000 -2.300000e+000
      vertex  2.760000e+000  4.780460e+000 -2.300000e+000
    endloop
  endfacet
  facet normal  2.436891e-001  6.695301e-001 -7.016731e-001
    outer loop
      vertex  2.850000e+000  4.936345e+000 -2.120000e+000
      vertex  2.760000e+000  4.780460e+000 -2.300000e+000
      vertex  9.897946e-001  5.613404e+000 -2.120000e+000
    endloop
  endfacet
  facet normal  2.436886e-001  6.695291e-001 -7.016742e-001
    outer loop
      vertex  9.897946e-001  5.613404e+000 -2.120000e+000
      vertex  2.760000e+000  4.780460e+000 -2.300000e+000
      vertex  9.585379e-001  5.436139e+000 -2.300000e+000
    endloop
  endfacet
  facet normal  0.000000e+000  7.124979e-001 -7.016742e-001
    outer loop
      vertex  9.897946e-001  5.613404e+000 -2.120000e+000
      vertex  9.585379e-001  5.436139e+000 -2.300000e+000
      vertex -9.897946e-001  5.613404e+000 -2.120000e+000
    endloop
  endfacet
  facet normal  0.000000e+000  7.124979e-001 -7.016742e-001
    outer loop
      vertex -9.897946e-001  5.613404e+000 -2.120000e+000
      vertex  9.585379e-001  5.436139e+000 -2.300000e+000
      vertex -9.585379e-001  5.436139e+000 -2.300000e+000
    endloop
  endfacet
  facet normal -2.436888e-001  6.695291e-001 -7.016742e-001
    outer loop
      vertex -9.897946e-001  5.613404e+000 -2.120000e+000
      vertex -9.585379e-001  5.436139e+000 -2.300000e+000
      vertex -2.850000e+000  4.936345e+000 -2.120000e+000
    endloop
  endfacet
  facet normal -2.436889e-001  6.695302e-001 -7.016730e-001
    outer loop
      vertex -2.850000e+000  4.936345e+000 -2.120000e+000
      vertex -9.585379e-001  5.436139e+000 -2.300000e+000
      vertex -2.760000e+000  4.780460e+000 -2.300000e+000
    endloop
  endfacet
  facet normal -4.579855e-001  5.458059e-001 -7.016732e-001
    outer loop
      vertex -2.850000e+000  4.936345e+000 -2.120000e+000
      vertex -2.760000e+000  4.780460e+000 -2.300000e+000
      vertex -4.366453e+000  3.663889e+000 -2.120000e+000
    endloop
  endfacet
  facet normal -4.579851e-001  5.458053e-001 -7.016739e-001
    outer loop
      vertex -4.366453e+000  3.663889e+000 -2.120000e+000
      vertex -2.760000e+000  4.780460e+000 -2.300000e+000
      vertex -4.228565e+000  3.548187e+000 -2.300000e+000
    endloop
  endfacet
  facet normal -6.170416e-001  3.562492e-001 -7.016737e-001
    outer loop
      vertex -4.366453e+000  3.663889e+000 -2.120000e+000
      vertex -4.228565e+000  3.548187e+000 -2.300000e+000
      vertex -5.356248e+000  1.949515e+000 -2.120000e+000
    endloop
  endfacet
  facet normal -6.170417e-001  3.562492e-001 -7.016737e-001
    outer loop
      vertex -5.356248e+000  1.949515e+000 -2.120000e+000
      vertex -4.228565e+000  3.548187e+000 -2.300000e+000
      vertex -5.187103e+000  1.887951e+000 -2.300000e+000
    endloop
  endfacet
  facet normal -7.016740e-001  1.237240e-001 -7.016737e-001
    outer loop
      vertex -5.356248e+000  1.949515e+000 -2.120000e+000
      vertex -5.187103e+000  1.887951e+000 -2.300000e+000
      vertex -5.700000e+000  6.980256e-016 -2.120000e+000
    endloop
  endfacet
  facet normal -7.016743e-001  1.237241e-001 -7.016734e-001
    outer loop
      vertex -5.700000e+000  6.980256e-016 -2.120000e+000
      vertex -5.187103e+000  1.887951e+000 -2.300000e+000
      vertex -5.520000e+000  6.759827e-016 -2.300000e+000
    endloop
  endfacet
  facet normal  9.848077e-001  1.736481e-001 -1.574166e-016
    outer loop
      vertex  5.700000e+000  0.000000e+000 -5.800000e-001
      vertex  5.700000e+000 -1.396051e-015 -2.120000e+000
      vertex  5.356248e+000  1.949515e+000 -5.800000e-001
    endloop
  endfacet
  facet normal  9.848077e-001  1.736481e-001  0.000000e+000
    outer loop
      vertex  5.356248e+000  1.949515e+000 -5.800000e-001
      vertex  5.700000e+000 -1.396051e-015 -2.120000e+000
      vertex  5.356248e+000  1.949515e+000 -2.120000e+000
    endloop
  endfacet
  facet normal  8.660254e-001  5.000001e-001  -0.000000e+000
    outer loop
      vertex  5.356248e+000  1.949515e+000 -5.800000e-001
      vertex  5.356248e+000  1.949515e+000 -2.120000e+000
      vertex  4.366453e+000  3.663889e+000 -5.800000e-001
    endloop
  endfacet
  facet normal  8.660254e-001  5.000001e-001  0.000000e+000
    outer loop
      vertex  4.366453e+000  3.663889e+000 -5.800000e-001
      vertex  5.356248e+000  1.949515e+000 -2.120000e+000
      vertex  4.366453e+000  3.663889e+000 -2.120000e+000
    endloop
  endfacet
  facet normal  6.427876e-001  7.660445e-001  -0.000000e+000
    outer loop
      vertex  4.366453e+000  3.663889e+000 -5.800000e-001
      vertex  4.366453e+000  3.663889e+000 -2.120000e+000
      vertex  2.850000e+000  4.936345e+000 -5.800000e-001
    endloop
  endfacet
  facet normal  6.427876e-001  7.660445e-001  0.000000e+000
    outer loop
      vertex  2.850000e+000  4.936345e+000 -5.800000e-001
      vertex  4.366453e+000  3.663889e+000 -2.120000e+000
      vertex  2.850000e+000  4.936345e+000 -2.120000e+000
    endloop
  endfacet
  facet normal  3.420202e-001  9.396926e-001  -0.000000e+000
    outer loop
      vertex  2.850000e+000  4.936345e+000 -5.800000e-001
      vertex  2.850000e+000  4.936345e+000 -2.120000e+000
      vertex  9.897946e-001  5.613404e+000 -5.800000e-001
    endloop
  endfacet
  facet normal  3.420202e-001  9.396926e-001  0.000000e+000
    outer loop
      vertex  9.897946e-001  5.613404e+000 -5.800000e-001
      vertex  2.850000e+000  4.936345e+000 -2.120000e+000
      vertex  9.897946e-001  5.613404e+000 -2.120000e+000
    endloop
  endfacet
  facet normal  0.000000e+000  9.999999e-001  -0.000000e+000
    outer loop
      vertex  9.897946e-001  5.613404e+000 -5.800000e-001
      vertex  9.897946e-001  5.613404e+000 -2.120000e+000
      vertex -9.897946e-001  5.613404e+000 -5.800000e-001
    endloop
  endfacet
  facet normal  0.000000e+000  9.999999e-001  0.000000e+000
    outer loop
      vertex -9.897946e-001  5.613404e+000 -5.800000e-001
      vertex  9.897946e-001  5.613404e+000 -2.120000e+000
      vertex -9.897946e-001  5.613404e+000 -2.120000e+000
    endloop
  endfacet
  facet normal -3.420202e-001  9.396926e-001  0.000000e+000
    outer loop
      vertex -9.897946e-001  5.613404e+000 -5.800000e-001
      vertex -9.897946e-001  5.613404e+000 -2.120000e+000
      vertex -2.850000e+000  4.936345e+000 -5.800000e-001
    endloop
  endfacet
  facet normal -3.420202e-001  9.396926e-001  0.000000e+000
    outer loop
      vertex -2.850000e+000  4.936345e+000 -5.800000e-001
      vertex -9.897946e-001  5.613404e+000 -2.120000e+000
      vertex -2.850000e+000  4.936345e+000 -2.120000e+000
    endloop
  endfacet
  facet normal -6.427876e-001  7.660445e-001  0.000000e+000
    outer loop
      vertex -2.850000e+000  4.936345e+000 -5.800000e-001
      vertex -2.850000e+000  4.936345e+000 -2.120000e+000
      vertex -4.366453e+000  3.663889e+000 -5.800000e-001
    endloop
  endfacet
  facet normal -6.427876e-001  7.660445e-001  0.000000e+000
    outer loop
      vertex -4.366453e+000  3.663889e+000 -5.800000e-001
      vertex -2.850000e+000  4.936345e+000 -2.120000e+000
      vertex -4.366453e+000  3.663889e+000 -2.120000e+000
    endloop
  endfacet
  facet normal -8.660254e-001  5.000001e-001  0.000000e+000
    outer loop
      vertex -4.366453e+000  3.663889e+000 -5.800000e-001
      vertex -4.366453e+000  3.663889e+000 -2.120000e+000
      vertex -5.356248e+000  1.949515e+000 -5.800000e-001
    endloop
  endfacet
  facet normal -8.660254e-001  5.000001e-001  0.000000e+000
    outer loop
      vertex -5.356248e+000  1.949515e+000 -5.800000e-001
      vertex -4.366453e+000  3.663889e+000 -2.120000e+000
      vertex -5.356248e+000  1.949515e+000 -2.120000e+000
    endloop
  endfacet
  facet normal -9.848077e-001  1.736481e-001  0.000000e+000
    outer loop
      vertex -5.356248e+000  1.949515e+000 -5.800000e-001
      vertex -5.356248e+000  1.949515e+000 -2.120000e+000
      vertex -5.700000e+000 -6.980256e-016 -5.800000e-001
    endloop
  endfacet
  facet normal -9.848077e-001  1.736481e-001  1.574166e-016
    outer loop
      vertex -5.700000e+000 -6.980256e-016 -5.800000e-001
      vertex -5.356248e+000  1.949515e+000 -2.120000e+000
      vertex -5.700000e+000  6.980256e-016 -2.120000e+000
    endloop
  endfacet
  facet normal -9.848077e-001 -1.736481e-001 -1.574166e-016
    outer loop
      vertex -5.700000e+000 -6.980256e-016 -5.800000e-001
      vertex -5.700000e+000  6.980256e-016 -2.120000e+000
      vertex -5.356248e+000 -1.949515e+000 -5.800000e-001
    endloop
  endfacet
  facet normal -9.848077e-001 -1.736481e-001  -0.000000e+000
    outer loop
      vertex -5.356248e+000 -1.949515e+000 -5.800000e-001
      vertex -5.700000e+000  6.980256e-016 -2.120000e+000
      vertex -5.356248e+000 -1.949515e+000 -2.120000e+000
    endloop
  endfacet
  facet normal -8.660254e-001 -5.000001e-001  0.000000e+000
    outer loop
      vertex -5.356248e+000 -1.949515e+000 -5.800000e-001
      vertex -5.356248e+000 -1.949515e+000 -2.120000e+000
      vertex -4.366453e+000 -3.663889e+000 -5.800000e-001
    endloop
  endfacet
  facet normal -8.660254e-001 -5.000001e-001  -0.000000e+000
    outer loop
      vertex -4.366453e+000 -3.663889e+000 -5.800000e-001
      vertex -5.356248e+000 -1.949515e+000 -2.120000e+000
      vertex -4.366453e+000 -3.663889e+000 -2.120000e+000
    endloop
  endfacet
  facet normal -6.427876e-001 -7.660445e-001  0.000000e+000
    outer loop
      vertex -4.366453e+000 -3.663889e+000 -5.800000e-001
      vertex -4.366453e+000 -3.663889e+000 -2.120000e+000
      vertex -2.850000e+000 -4.936345e+000 -5.800000e-001
    endloop
  endfacet
  facet normal -6.427876e-001 -7.660445e-001  -0.000000e+000
    outer loop
      vertex -2.850000e+000 -4.936345e+000 -5.800000e-001
      vertex -4.366453e+000 -3.663889e+000 -2.120000e+000
      vertex -2.850000e+000 -4.936345e+000 -2.120000e+000
    endloop
  endfacet
  facet normal -3.420202e-001 -9.396926e-001  0.000000e+000
    outer loop
      vertex -2.850000e+000 -4.936345e+000 -5.800000e-001
      vertex -2.850000e+000 -4.936345e+000 -2.120000e+000
      vertex -9.897946e-001 -5.613404e+000 -5.800000e-001
    endloop
  endfacet
  facet normal -3.420202e-001 -9.396926e-001  -0.000000e+000
    outer loop
      vertex -9.897946e-001 -5.613404e+000 -5.800000e-001
      vertex -2.850000e+000 -4.936345e+000 -2.120000e+000
      vertex -9.897946e-001 -5.613404e+000 -2.120000e+000
    endloop
  endfacet
  facet normal  0.000000e+000 -9.999999e-001  0.000000e+000
    outer loop
      vertex -9.897946e-001 -5.613404e+000 -5.800000e-001
      vertex -9.897946e-001 -5.613404e+000 -2.120000e+000
      vertex  9.897946e-001 -5.613404e+000 -5.800000e-001
    endloop
  endfacet
  facet normal  0.000000e+000 -9.999999e-001  -0.000000e+000
    outer loop
      vertex  9.897946e-001 -5.613404e+000 -5.800000e-001
      vertex -9.897946e-001 -5.613404e+000 -2.120000e+000
      vertex  9.897946e-001 -5.613404e+000 -2.120000e+000
    endloop
  endfacet
  facet normal  3.420202e-001 -9.396926e-001  0.000000e+000
    outer loop
      vertex  9.897946e-001 -5.613404e+000 -5.800000e-001
      vertex  9.897946e-001 -5.613404e+000 -2.120000e+000
      vertex  2.850000e+000 -4.936345e+000 -5.800000e-001
    endloop
  endfacet
  facet normal  3.420202e-001 -9.396926e-001  0.000000e+000
    outer loop
      vertex  2.850000e+000 -4.936345e+000 -5.800000e-001
      vertex  9.897946e-001 -5.613404e+000 -2.120000e+000
      vertex  2.850000e+000 -4.936345e+000 -2.120000e+000
    endloop
  endfacet
  facet normal  6.427876e-001 -7.660445e-001  0.000000e+000
    outer loop
      vertex  2.850000e+000 -4.936345e+000 -5.800000e-001
      vertex  2.850000e+000 -4.936345e+000 -2.120000e+000
      vertex  4.366453e+000 -3.663889e+000 -5.800000e-001
    endloop
  endfacet
  facet normal  6.427876e-001 -7.660445e-001  0.000000e+000
    outer loop
      vertex  4.366453e+000 -3.663889e+000 -5.800000e-001
      vertex  2.850000e+000 -4.936345e+000 -2.120000e+000
      vertex  4.366453e+000 -3.663889e+000 -2.120000e+000
    endloop
  endfacet
  facet normal  8.660254e-001 -5.000001e-001  0.000000e+000
    outer loop
      vertex  4.366453e+000 -3.663889e+000 -5.800000e-001
      vertex  4.366453e+000 -3.663889e+000 -2.120000e+000
      vertex  5.356248e+000 -1.949515e+000 -5.800000e-001
    endloop
  endfacet
  facet normal  8.660254e-001 -5.000001e-001  0.000000e+000
    outer loop
      vertex  5.356248e+000 -1.949515e+000 -5.800000e-001
      vertex  4.366453e+000 -3.663889e+000 -2.120000e+000
      vertex  5.356248e+000 -1.949515e+000 -2.120000e+000
    endloop
  endfacet
  facet normal  9.848077e-001 -1.736481e-001  0.000000e+000
    outer loop
      vertex  5.356248e+000 -1.949515e+000 -5.800000e-001
      vertex  5.356248e+000 -1.949515e+000 -2.120000e+000
      vertex  5.700000e+000  0.000000e+000 -5.800000e-001
    endloop
  endfacet
  facet normal  9.848077e-001 -1.736481e-001  1.574166e-016
    outer loop
      vertex  5.700000e+000  0.000000e+000 -5.800000e-001
      vertex  5.356248e+000 -1.949515e+000 -2.120000e+000
      vertex  5.700000e+000 -1.396051e-015 -2.120000e+000
    endloop
  endfacet
  facet normal  7.016742e-001  1.237241e-001  7.016736e-001
    outer loop
      vertex  5.520000e+000  4.870225e-016 -4.000000e-001
      vertex  5.700000e+000  0.000000e+000 -5.800000e-001
      vertex  5.187103e+000  1.887951e+000 -4.000000e-001
    endloop
  endfacet
  facet normal  7.016739e-001  1.237240e-001  7.016739e-001
    outer loop
      vertex  5.187103e+000  1.887951e+000 -4.000000e-001
      vertex  5.700000e+000  0.000000e+000 -5.800000e-001
      vertex  5.356248e+000  1.949515e+000 -5.800000e-001
    endloop
  endfacet
  facet normal  6.170416e-001  3.562492e-001  7.016739e-001
    outer loop
      vertex  5.187103e+000  1.887951e+000 -4.000000e-001
      vertex  5.356248e+000  1.949515e+000 -5.800000e-001
      vertex  4.228565e+000  3.548187e+000 -4.000000e-001
    endloop
  endfacet
  facet normal  6.170415e-001  3.562491e-001  7.016740e-001
    outer loop
      vertex  4.228565e+000  3.548187e+000 -4.000000e-001
      vertex  5.356248e+000  1.949515e+000 -5.800000e-001
      vertex  4.366453e+000  3.663889e+000 -5.800000e-001
    endloop
  endfacet
  facet normal  4.579850e-001  5.458052e-001  7.016740e-001
    outer loop
      vertex  4.228565e+000  3.548187e+000 -4.000000e-001
      vertex  4.366453e+000  3.663889e+000 -5.800000e-001
      vertex  2.760000e+000  4.780460e+000 -4.000000e-001
    endloop
  endfacet
  facet normal  4.579854e-001  5.458058e-001  7.016733e-001
    outer loop
      vertex  2.760000e+000  4.780460e+000 -4.000000e-001
      vertex  4.366453e+000  3.663889e+000 -5.800000e-001
      vertex  2.850000e+000  4.936345e+000 -5.800000e-001
    endloop
  endfacet
  facet normal  2.436889e-001  6.695299e-001  7.016732e-001
    outer loop
      vertex  2.760000e+000  4.780460e+000 -4.000000e-001
      vertex  2.850000e+000  4.936345e+000 -5.800000e-001
      vertex  9.585379e-001  5.436139e+000 -4.000000e-001
    endloop
  endfacet
  facet normal  2.436887e-001  6.695288e-001  7.016744e-001
    outer loop
      vertex  9.585379e-001  5.436139e+000 -4.000000e-001
      vertex  2.850000e+000  4.936345e+000 -5.800000e-001
      vertex  9.897946e-001  5.613404e+000 -5.800000e-001
    endloop
  endfacet
  facet normal  0.000000e+000  7.124977e-001  7.016743e-001
    outer loop
      vertex  9.585379e-001  5.436139e+000 -4.000000e-001
      vertex  9.897946e-001  5.613404e+000 -5.800000e-001
      vertex -9.585379e-001  5.436139e+000 -4.000000e-001
    endloop
  endfacet
  facet normal  0.000000e+000  7.124978e-001  7.016745e-001
    outer loop
      vertex -9.585379e-001  5.436139e+000 -4.000000e-001
      vertex  9.897946e-001  5.613404e+000 -5.800000e-001
      vertex -9.897946e-001  5.613404e+000 -5.800000e-001
    endloop
  endfacet
  facet normal -2.436885e-001  6.695289e-001  7.016743e-001
    outer loop
      vertex -9.585379e-001  5.436139e+000 -4.000000e-001
      vertex -9.897946e-001  5.613404e+000 -5.800000e-001
      vertex -2.760000e+000  4.780460e+000 -4.000000e-001
    endloop
  endfacet
  facet normal -2.436891e-001  6.695299e-001  7.016733e-001
    outer loop
      vertex -2.760000e+000  4.780460e+000 -4.000000e-001
      vertex -9.897946e-001  5.613404e+000 -5.800000e-001
      vertex -2.850000e+000  4.936345e+000 -5.800000e-001
    endloop
  endfacet
  facet normal -4.579855e-001  5.458057e-001  7.016733e-001
    outer loop
      vertex -2.760000e+000  4.780460e+000 -4.000000e-001
      vertex -2.850000e+000  4.936345e+000 -5.800000e-001
      vertex -4.228565e+000  3.548187e+000 -4.000000e-001
    endloop
  endfacet
  facet normal -4.579850e-001  5.458053e-001  7.016741e-001
    outer loop
      vertex -4.228565e+000  3.548187e+000 -4.000000e-001
      vertex -2.850000e+000  4.936345e+000 -5.800000e-001
      vertex -4.366453e+000  3.663889e+000 -5.800000e-001
    endloop
  endfacet
  facet normal -6.170415e-001  3.562491e-001  7.016739e-001
    outer loop
      vertex -4.228565e+000  3.548187e+000 -4.000000e-001
      vertex -4.366453e+000  3.663889e+000 -5.800000e-001
      vertex -5.187103e+000  1.887951e+000 -4.000000e-001
    endloop
  endfacet
  facet normal -6.170415e-001  3.562491e-001  7.016739e-001
    outer loop
      vertex -5.187103e+000  1.887951e+000 -4.000000e-001
      vertex -4.366453e+000  3.663889e+000 -5.800000e-001
      vertex -5.356248e+000  1.949515e+000 -5.800000e-001
    endloop
  endfacet
  facet normal -7.016739e-001  1.237240e-001  7.016739e-001
    outer loop
      vertex -5.187103e+000  1.887951e+000 -4.000000e-001
      vertex -5.356248e+000  1.949515e+000 -5.800000e-001
      vertex -5.520000e+000 -4.001889e-016 -4.000000e-001
    endloop
  endfacet
  facet normal -7.016741e-001  1.237240e-001  7.016735e-001
    outer loop
      vertex -5.520000e+000 -4.001889e-016 -4.000000e-001
      vertex -5.356248e+000  1.949515e+000 -5.800000e-001
      vertex -5.700000e+000 -6.980256e-016 -5.800000e-001
    endloop
  endfacet
  facet normal  7.016741e-001 -1.237240e-001  7.016735e-001
    outer loop
      vertex  5.700000e+000  0.000000e+000 -5.800000e-001
      vertex  5.520000e+000  4.870225e-016 -4.000000e-001
      vertex  5.356248e+000 -1.949515e+000 -5.800000e-001
    endloop
  endfacet
  facet normal  7.016739e-001 -1.237240e-001  7.016739e-001
    outer loop
      vertex  5.356248e+000 -1.949515e+000 -5.800000e-001
      vertex  5.520000e+000  4.870225e-016 -4.000000e-001
      vertex  5.187103e+000 -1.887951e+000 -4.000000e-001
    endloop
  endfacet
  facet normal  6.170415e-001 -3.562491e-001  7.016739e-001
    outer loop
      vertex  5.356248e+000 -1.949515e+000 -5.800000e-001
      vertex  5.187103e+000 -1.887951e+000 -4.000000e-001
      vertex  4.366453e+000 -3.663889e+000 -5.800000e-001
    endloop
  endfacet
  facet normal  6.170415e-001 -3.562491e-001  7.016739e-001
    outer loop
      vertex  4.366453e+000 -3.663889e+000 -5.800000e-001
      vertex  5.187103e+000 -1.887951e+000 -4.000000e-001
      vertex  4.228565e+000 -3.548187e+000 -4.000000e-001
    endloop
  endfacet
  facet normal  4.579850e-001 -5.458053e-001  7.016741e-001
    outer loop
      vertex  4.366453e+000 -3.663889e+000 -5.800000e-001
      vertex  4.228565e+000 -3.548187e+000 -4.000000e-001
      vertex  2.850000e+000 -4.936345e+000 -5.800000e-001
    endloop
  endfacet
  facet normal  4.579855e-001 -5.458057e-001  7.016733e-001
    outer loop
      vertex  2.850000e+000 -4.936345e+000 -5.800000e-001
      vertex  4.228565e+000 -3.548187e+000 -4.000000e-001
      vertex  2.760000e+000 -4.780460e+000 -4.000000e-001
    endloop
  endfacet
  facet normal  2.436891e-001 -6.695299e-001  7.016733e-001
    outer loop
      vertex  2.850000e+000 -4.936345e+000 -5.800000e-001
      vertex  2.760000e+000 -4.780460e+000 -4.000000e-001
      vertex  9.897946e-001 -5.613404e+000 -5.800000e-001
    endloop
  endfacet
  facet normal  2.436885e-001 -6.695289e-001  7.016743e-001
    outer loop
      vertex  9.897946e-001 -5.613404e+000 -5.800000e-001
      vertex  2.760000e+000 -4.780460e+000 -4.000000e-001
      vertex  9.585379e-001 -5.436139e+000 -4.000000e-001
    endloop
  endfacet
  facet normal  0.000000e+000 -7.124978e-001  7.016745e-001
    outer loop
      vertex  9.897946e-001 -5.613404e+000 -5.800000e-001
      vertex  9.585379e-001 -5.436139e+000 -4.000000e-001
      vertex -9.897946e-001 -5.613404e+000 -5.800000e-001
    endloop
  endfacet
  facet normal  0.000000e+000 -7.124977e-001  7.016743e-001
    outer loop
      vertex -9.897946e-001 -5.613404e+000 -5.800000e-001
      vertex  9.585379e-001 -5.436139e+000 -4.000000e-001
      vertex -9.585379e-001 -5.436139e+000 -4.000000e-001
    endloop
  endfacet
  facet normal -2.436887e-001 -6.695288e-001  7.016744e-001
    outer loop
      vertex -9.897946e-001 -5.613404e+000 -5.800000e-001
      vertex -9.585379e-001 -5.436139e+000 -4.000000e-001
      vertex -2.850000e+000 -4.936345e+000 -5.800000e-001
    endloop
  endfacet
  facet normal -2.436889e-001 -6.695299e-001  7.016732e-001
    outer loop
      vertex -2.850000e+000 -4.936345e+000 -5.800000e-001
      vertex -9.585379e-001 -5.436139e+000 -4.000000e-001
      vertex -2.760000e+000 -4.780460e+000 -4.000000e-001
    endloop
  endfacet
  facet normal -4.579854e-001 -5.458058e-001  7.016733e-001
    outer loop
      vertex -2.850000e+000 -4.936345e+000 -5.800000e-001
      vertex -2.760000e+000 -4.780460e+000 -4.000000e-001
      vertex -4.366453e+000 -3.663889e+000 -5.800000e-001
    endloop
  endfacet
  facet normal -4.579850e-001 -5.458052e-001  7.016740e-001
    outer loop
      vertex -4.366453e+000 -3.663889e+000 -5.800000e-001
      vertex -2.760000e+000 -4.780460e+000 -4.000000e-001
      vertex -4.228565e+000 -3.548187e+000 -4.000000e-001
    endloop
  endfacet
  facet normal -6.170415e-001 -3.562491e-001  7.016740e-001
    outer loop
      vertex -4.366453e+000 -3.663889e+000 -5.800000e-001
      vertex -4.228565e+000 -3.548187e+000 -4.000000e-001
      vertex -5.356248e+000 -1.949515e+000 -5.800000e-001
    endloop
  endfacet
  facet normal -6.170416e-001 -3.562492e-001  7.016739e-001
    outer loop
      vertex -5.356248e+000 -1.949515e+000 -5.800000e-001
      vertex -4.228565e+000 -3.548187e+000 -4.000000e-001
      vertex -5.187103e+000 -1.887951e+000 -4.000000e-001
    endloop
  endfacet
  facet normal -7.016739e-001 -1.237240e-001  7.016739e-001
    outer loop
      vertex -5.356248e+000 -1.949515e+000 -5.800000e-001
      vertex -5.187103e+000 -1.887951e+000 -4.000000e-001
      vertex -5.700000e+000 -6.980256e-016 -5.800000e-001
    endloop
  endfacet
  facet normal -7.016742e-001 -1.237241e-001  7.016736e-001
    outer loop
      vertex -5.700000e+000 -6.980256e-016 -5.800000e-001
      vertex -5.187103e+000 -1.887951e+000 -4.000000e-001
      vertex -5.520000e+000 -4.001889e-016 -4.000000e-001
    endloop
  endfacet
  facet normal  0.000000e+000  0.000000e+000  1.000000e+000
    outer loop
      vertex -5.510729e-016  3.000000e+000 -4.000000e-001
      vertex -2.760000e+000  4.780460e+000 -4.000000e-001
      vertex -4.228565e+000  3.548187e+000 -4.000000e-001
    endloop
  endfacet
  facet normal  0.000000e+000  0.000000e+000  1.000000e+000
    outer loop
      vertex -3.000000e+000 -3.673819e-016 -4.000000e-001
      vertex -2.771639e+000  1.148050e+000 -4.000000e-001
      vertex -5.520000e+000 -4.001889e-016 -4.000000e-001
    endloop
  endfacet
  facet normal  -0.000000e+000  0.000000e+000  1.000000e+000
    outer loop
      vertex  4.228565e+000  3.548187e+000 -4.000000e-001
      vertex -5.510729e-016  3.000000e+000 -4.000000e-001
      vertex  1.168235e+000  2.763191e+000 -4.000000e-001
    endloop
  endfacet
  facet normal  0.000000e+000  0.000000e+000  1.000000e+000
    outer loop
      vertex -4.228565e+000 -3.548187e+000 -4.000000e-001
      vertex  1.836910e-016 -3.000000e+000 -4.000000e-001
      vertex -1.168235e+000 -2.763191e+000 -4.000000e-001
    endloop
  endfacet
  facet normal  0.000000e+000  0.000000e+000  9.999999e-001
    outer loop
      vertex -4.228565e+000 -3.548187e+000 -4.000000e-001
      vertex -1.168235e+000 -2.763191e+000 -4.000000e-001
      vertex -2.152038e+000 -2.090152e+000 -4.000000e-001
    endloop
  endfacet
  facet normal  0.000000e+000  0.000000e+000  1.000000e+000
    outer loop
      vertex -4.228565e+000 -3.548187e+000 -4.000000e-001
      vertex -2.152038e+000 -2.090152e+000 -4.000000e-001
      vertex -5.187103e+000 -1.887951e+000 -4.000000e-001
    endloop
  endfacet
  facet normal  0.000000e+000  0.000000e+000  1.000000e+000
    outer loop
      vertex  2.760000e+000 -4.780460e+000 -4.000000e-001
      vertex  4.228565e+000 -3.548187e+000 -4.000000e-001
      vertex  9.585379e-001 -5.436139e+000 -4.000000e-001
    endloop
  endfacet
  facet normal  0.000000e+000  -0.000000e+000  1.000000e+000
    outer loop
      vertex  9.585379e-001 -5.436139e+000 -4.000000e-001
      vertex  4.228565e+000 -3.548187e+000 -4.000000e-001
      vertex  1.836910e-016 -3.000000e+000 -4.000000e-001
    endloop
  endfacet
  facet normal  0.000000e+000  0.000000e+000  1.000000e+000
    outer loop
      vertex  9.585379e-001 -5.436139e+000 -4.000000e-001
      vertex  1.836910e-016 -3.000000e+000 -4.000000e-001
      vertex -9.585379e-001 -5.436139e+000 -4.000000e-001
    endloop
  endfacet
  facet normal  0.000000e+000  -0.000000e+000  1.000000e+000
    outer loop
      vertex -9.585379e-001 -5.436139e+000 -4.000000e-001
      vertex  1.836910e-016 -3.000000e+000 -4.000000e-001
      vertex -4.228565e+000 -3.548187e+000 -4.000000e-001
    endloop
  endfacet
  facet normal  0.000000e+000  0.000000e+000  1.000000e+000
    outer loop
      vertex -9.585379e-001 -5.436139e+000 -4.000000e-001
      vertex -4.228565e+000 -3.548187e+000 -4.000000e-001
      vertex -2.760000e+000 -4.780460e+000 -4.000000e-001
    endloop
  endfacet
  facet normal  0.000000e+000  0.000000e+000  1.000000e+000
    outer loop
      vertex  4.228565e+000  3.548187e+000 -4.000000e-001
      vertex  2.760000e+000  4.780460e+000 -4.000000e-001
      vertex -5.510729e-016  3.000000e+000 -4.000000e-001
    endloop
  endfacet
  facet normal  0.000000e+000  0.000000e+000  1.000000e+000
    outer loop
      vertex -5.510729e-016  3.000000e+000 -4.000000e-001
      vertex  2.760000e+000  4.780460e+000 -4.000000e-001
      vertex  9.585379e-001  5.436139e+000 -4.000000e-001
    endloop
  endfacet
  facet normal  0.000000e+000  0.000000e+000  1.000000e+000
    outer loop
      vertex -5.510729e-016  3.000000e+000 -4.000000e-001
      vertex  9.585379e-001  5.436139e+000 -4.000000e-001
      vertex -2.760000e+000  4.780460e+000 -4.000000e-001
    endloop
  endfacet
  facet normal  0.000000e+000  0.000000e+000  1.000000e+000
    outer loop
      vertex -2.760000e+000  4.780460e+000 -4.000000e-001
      vertex  9.585379e-001  5.436139e+000 -4.000000e-001
      vertex -9.585379e-001  5.436139e+000 -4.000000e-001
    endloop
  endfacet
  facet normal  0.000000e+000  0.000000e+000  1.000000e+000
    outer loop
      vertex -5.520000e+000 -4.001889e-016 -4.000000e-001
      vertex -2.771639e+000  1.148050e+000 -4.000000e-001
      vertex -5.187103e+000  1.887951e+000 -4.000000e-001
    endloop
  endfacet
  facet normal  -0.000000e+000  0.000000e+000  1.000000e+000
    outer loop
      vertex -5.187103e+000  1.887951e+000 -4.000000e-001
      vertex -2.771639e+000  1.148050e+000 -4.000000e-001
      vertex -2.121320e+000  2.121320e+000 -4.000000e-001
    endloop
  endfacet
  facet normal  0.000000e+000  0.000000e+000  1.000000e+000
    outer loop
      vertex -5.187103e+000  1.887951e+000 -4.000000e-001
      vertex -2.121320e+000  2.121320e+000 -4.000000e-001
      vertex -4.228565e+000  3.548187e+000 -4.000000e-001
    endloop
  endfacet
  facet normal  0.000000e+000  0.000000e+000  1.000000e+000
    outer loop
      vertex -4.228565e+000  3.548187e+000 -4.000000e-001
      vertex -2.121320e+000  2.121320e+000 -4.000000e-001
      vertex -1.148050e+000  2.771639e+000 -4.000000e-001
    endloop
  endfacet
  facet normal  0.000000e+000  -0.000000e+000  1.000000e+000
    outer loop
      vertex -4.228565e+000  3.548187e+000 -4.000000e-001
      vertex -1.148050e+000  2.771639e+000 -4.000000e-001
      vertex -5.510729e-016  3.000000e+000 -4.000000e-001
    endloop
  endfacet
  facet normal  -0.000000e+000  0.000000e+000  1.000000e+000
    outer loop
      vertex -3.000000e+000 -3.673819e-016 -4.000000e-001
      vertex -5.520000e+000 -4.001889e-016 -4.000000e-001
      vertex -2.779938e+000 -1.127805e+000 -4.000000e-001
    endloop
  endfacet
  facet normal  0.000000e+000  0.000000e+000  1.000000e+000
    outer loop
      vertex -2.779938e+000 -1.127805e+000 -4.000000e-001
      vertex -5.520000e+000 -4.001889e-016 -4.000000e-001
      vertex -5.187103e+000 -1.887951e+000 -4.000000e-001
    endloop
  endfacet
  facet normal  -0.000000e+000  0.000000e+000  1.000000e+000
    outer loop
      vertex -2.779938e+000 -1.127805e+000 -4.000000e-001
      vertex -5.187103e+000 -1.887951e+000 -4.000000e-001
      vertex -2.152038e+000 -2.090152e+000 -4.000000e-001
    endloop
  endfacet
  facet normal  -0.000000e+000  0.000000e+000  1.000000e+000
    outer loop
      vertex  4.228565e+000  3.548187e+000 -4.000000e-001
      vertex  1.168235e+000  2.763191e+000 -4.000000e-001
      vertex  5.187103e+000  1.887951e+000 -4.000000e-001
    endloop
  endfacet
  facet normal  0.000000e+000  0.000000e+000  1.000000e+000
    outer loop
      vertex  5.187103e+000  1.887951e+000 -4.000000e-001
      vertex  1.168235e+000  2.763191e+000 -4.000000e-001
      vertex  2.152038e+000  2.090152e+000 -4.000000e-001
    endloop
  endfacet
  facet normal  0.000000e+000  0.000000e+000  1.000000e+000
    outer loop
      vertex  5.187103e+000  1.887951e+000 -4.000000e-001
      vertex  2.152038e+000  2.090152e+000 -4.000000e-001
      vertex  5.520000e+000  4.870225e-016 -4.000000e-001
    endloop
  endfacet
  facet normal  0.000000e+000  0.000000e+000  9.999999e-001
    outer loop
      vertex  5.520000e+000  4.870225e-016 -4.000000e-001
      vertex  2.152038e+000  2.090152e+000 -4.000000e-001
      vertex  2.779938e+000  1.127805e+000 -4.000000e-001
    endloop
  endfacet
  facet normal  0.000000e+000  0.000000e+000  1.000000e+000
    outer loop
      vertex  5.520000e+000  4.870225e-016 -4.000000e-001
      vertex  2.779938e+000  1.127805e+000 -4.000000e-001
      vertex  3.000000e+000  0.000000e+000 -4.000000e-001
    endloop
  endfacet
  facet normal  -0.000000e+000  0.000000e+000  1.000000e+000
    outer loop
      vertex  5.520000e+000  4.870225e-016 -4.000000e-001
      vertex  3.000000e+000  0.000000e+000 -4.000000e-001
      vertex  5.187103e+000 -1.887951e+000 -4.000000e-001
    endloop
  endfacet
  facet normal  0.000000e+000  0.000000e+000  9.999999e-001
    outer loop
      vertex  5.187103e+000 -1.887951e+000 -4.000000e-001
      vertex  3.000000e+000  0.000000e+000 -4.000000e-001
      vertex  2.771639e+000 -1.148050e+000 -4.000000e-001
    endloop
  endfacet
  facet normal  0.000000e+000  0.000000e+000  1.000000e+000
    outer loop
      vertex  5.187103e+000 -1.887951e+000 -4.000000e-001
      vertex  2.771639e+000 -1.148050e+000 -4.000000e-001
      vertex  2.121320e+000 -2.121320e+000 -4.000000e-001
    endloop
  endfacet
  facet normal  -0.000000e+000  0.000000e+000  1.000000e+000
    outer loop
      vertex  5.187103e+000 -1.887951e+000 -4.000000e-001
      vertex  2.121320e+000 -2.121320e+000 -4.000000e-001
      vertex  4.228565e+000 -3.548187e+000 -4.000000e-001
    endloop
  endfacet
  facet normal  0.000000e+000  0.000000e+000  1.000000e+000
    outer loop
      vertex  4.228565e+000 -3.548187e+000 -4.000000e-001
      vertex  2.121320e+000 -2.121320e+000 -4.000000e-001
      vertex  1.148050e+000 -2.771639e+000 -4.000000e-001
    endloop
  endfacet
  facet normal  0.000000e+000  0.000000e+000  1.000000e+000
    outer loop
      vertex  4.228565e+000 -3.548187e+000 -4.000000e-001
      vertex  1.148050e+000 -2.771639e+000 -4.000000e-001
      vertex  1.836910e-016 -3.000000e+000 -4.000000e-001
    endloop
  endfacet
  facet normal  9.981159e-001  6.135604e-002  1.486172e-017
    outer loop
      vertex  3.000000e+000 -4.926615e-016  1.633934e+000
      vertex  3.000000e+000  0.000000e+000 -4.000000e-001
      vertex  2.977404e+000  3.675770e-001  1.632617e+000
    endloop
  endfacet
  facet normal  9.812142e-001  1.914585e-001 -2.371551e-002
    outer loop
      vertex  2.977404e+000  3.675770e-001  1.632617e+000
      vertex  3.000000e+000  0.000000e+000 -4.000000e-001
      vertex  2.779938e+000  1.127805e+000 -4.000000e-001
    endloop
  endfacet
  facet normal  9.640844e-001  2.655358e-001  5.654575e-003
    outer loop
      vertex  2.977404e+000  3.675770e-001  1.632617e+000
      vertex  2.779938e+000  1.127805e+000 -4.000000e-001
      vertex  2.745902e+000  1.208313e+000  1.622396e+000
    endloop
  endfacet
  facet normal  8.420205e-001  5.393962e-001 -7.301708e-003
    outer loop
      vertex  2.745902e+000  1.208313e+000  1.622396e+000
      vertex  2.779938e+000  1.127805e+000 -4.000000e-001
      vertex  2.244923e+000  1.990079e+000  1.601423e+000
    endloop
  endfacet
  facet normal  8.374421e-001  5.464040e-001 -1.154479e-002
    outer loop
      vertex  2.244923e+000  1.990079e+000  1.601423e+000
      vertex  2.779938e+000  1.127805e+000 -4.000000e-001
      vertex  2.152038e+000  2.090152e+000 -4.000000e-001
    endloop
  endfacet
  facet normal  6.774575e-001  7.355425e-001  5.337039e-003
    outer loop
      vertex  2.244923e+000  1.990079e+000  1.601423e+000
      vertex  2.152038e+000  2.090152e+000 -4.000000e-001
      vertex  1.800000e+000  2.400000e+000  1.583107e+000
    endloop
  endfacet
  facet normal  5.644006e-001  8.250016e-001 -2.871007e-002
    outer loop
      vertex  1.800000e+000  2.400000e+000  1.583107e+000
      vertex  2.152038e+000  2.090152e+000 -4.000000e-001
      vertex  1.168235e+000  2.763191e+000 -4.000000e-001
    endloop
  endfacet
  facet normal  4.568716e-001  8.893637e-001  1.733325e-002
    outer loop
      vertex  1.800000e+000  2.400000e+000  1.583107e+000
      vertex  1.168235e+000  2.763191e+000 -4.000000e-001
      vertex  9.063891e-001  2.859763e+000  1.546705e+000
    endloop
  endfacet
  facet normal  1.407029e-001  9.895923e-001 -3.016580e-002
    outer loop
      vertex  9.063891e-001  2.859763e+000  1.546705e+000
      vertex  1.168235e+000  2.763191e+000 -4.000000e-001
      vertex -8.049049e-002  2.998866e+000  1.506878e+000
    endloop
  endfacet
  facet normal  1.986578e-001  9.800279e-001  8.968236e-003
    outer loop
      vertex -8.049049e-002  2.998866e+000  1.506878e+000
      vertex  1.168235e+000  2.763191e+000 -4.000000e-001
      vertex -5.510729e-016  3.000000e+000 -4.000000e-001
    endloop
  endfacet
  facet normal -2.077710e-001  9.781432e-001 -8.188492e-003
    outer loop
      vertex -8.049049e-002  2.998866e+000  1.506878e+000
      vertex -5.510729e-016  3.000000e+000 -4.000000e-001
      vertex -1.147526e+000  2.771856e+000  1.464195e+000
    endloop
  endfacet
  facet normal -1.950903e-001  9.807853e-001 -5.938058e-005
    outer loop
      vertex -1.147526e+000  2.771856e+000  1.464195e+000
      vertex -5.510729e-016  3.000000e+000 -4.000000e-001
      vertex -1.148050e+000  2.771639e+000 -4.000000e-001
    endloop
  endfacet
  facet normal -5.510613e-001  8.344648e-001  5.782547e-005
    outer loop
      vertex -1.147526e+000  2.771856e+000  1.464195e+000
      vertex -1.148050e+000  2.771639e+000 -4.000000e-001
      vertex -2.098581e+000  2.143803e+000  1.426597e+000
    endloop
  endfacet
  facet normal -5.555673e-001  8.314649e-001 -3.318144e-003
    outer loop
      vertex -2.098581e+000  2.143803e+000  1.426597e+000
      vertex -1.148050e+000  2.771639e+000 -4.000000e-001
      vertex -2.121320e+000  2.121320e+000 -4.000000e-001
    endloop
  endfacet
  facet normal -8.262045e-001  5.633603e-001  3.350996e-003
    outer loop
      vertex -2.098581e+000  2.143803e+000  1.426597e+000
      vertex -2.121320e+000  2.121320e+000 -4.000000e-001
      vertex -2.762022e+000  1.170977e+000  1.400948e+000
    endloop
  endfacet
  facet normal -8.314667e-001  5.555684e-001 -2.632752e-003
    outer loop
      vertex -2.762022e+000  1.170977e+000  1.400948e+000
      vertex -2.121320e+000  2.121320e+000 -4.000000e-001
      vertex -2.771639e+000  1.148050e+000 -4.000000e-001
    endloop
  endfacet
  facet normal -9.799674e-001  1.991398e-001  2.697573e-003
    outer loop
      vertex -2.762022e+000  1.170977e+000  1.400948e+000
      vertex -2.771639e+000  1.148050e+000 -4.000000e-001
      vertex -3.000000e+000  4.397316e-013  1.392665e+000
    endloop
  endfacet
  facet normal -9.807853e-001  1.950903e-001 -4.789465e-014
    outer loop
      vertex -3.000000e+000  4.397316e-013  1.392665e+000
      vertex -2.771639e+000  1.148050e+000 -4.000000e-001
      vertex -3.000000e+000 -3.673819e-016 -4.000000e-001
    endloop
  endfacet
  facet normal -9.999653e-001 -8.334825e-003  2.046199e-015
    outer loop
      vertex -3.000000e+000  4.397316e-013  1.392665e+000
      vertex -3.000000e+000 -3.673819e-016 -4.000000e-001
      vertex -2.999583e+000 -5.000000e-002  1.392737e+000
    endloop
  endfacet
  facet normal -9.814774e-001 -1.915098e-001 -5.113106e-003
    outer loop
      vertex -2.999583e+000 -5.000000e-002  1.392737e+000
      vertex -3.000000e+000 -3.673819e-016 -4.000000e-001
      vertex -2.779938e+000 -1.127805e+000 -4.000000e-001
    endloop
  endfacet
  facet normal -9.679990e-001 -2.490180e-001  3.111254e-002
    outer loop
      vertex -2.999583e+000 -5.000000e-002  1.392737e+000
      vertex -2.779938e+000 -1.127805e+000 -4.000000e-001
      vertex -2.650386e+000 -1.405473e+000  1.408334e+000
    endloop
  endfacet
  facet normal -7.548949e-001 -6.542046e-001 -4.637078e-002
    outer loop
      vertex -2.650386e+000 -1.405473e+000  1.408334e+000
      vertex -2.779938e+000 -1.127805e+000 -4.000000e-001
      vertex -1.774200e+000 -2.419098e+000  1.444770e+000
    endloop
  endfacet
  facet normal -8.352084e-001 -5.449466e-001  7.389273e-002
    outer loop
      vertex -1.774200e+000 -2.419098e+000  1.444770e+000
      vertex -2.779938e+000 -1.127805e+000 -4.000000e-001
      vertex -2.152038e+000 -2.090152e+000 -4.000000e-001
    endloop
  endfacet
  facet normal -4.026943e-001 -9.118220e-001 -8.011158e-002
    outer loop
      vertex -1.774200e+000 -2.419098e+000  1.444770e+000
      vertex -2.152038e+000 -2.090152e+000 -4.000000e-001
      vertex -6.103821e-001 -2.937249e+000  1.492193e+000
    endloop
  endfacet
  facet normal -5.623330e-001 -8.219793e-001  9.017418e-002
    outer loop
      vertex -6.103821e-001 -2.937249e+000  1.492193e+000
      vertex -2.152038e+000 -2.090152e+000 -4.000000e-001
      vertex -1.168235e+000 -2.763191e+000 -4.000000e-001
    endloop
  endfacet
  facet normal -1.985668e-001 -9.795789e-001 -3.156785e-002
    outer loop
      vertex -6.103821e-001 -2.937249e+000  1.492193e+000
      vertex -1.168235e+000 -2.763191e+000 -4.000000e-001
      vertex  1.836910e-016 -3.000000e+000 -4.000000e-001
    endloop
  endfacet
  facet normal  2.492568e-002 -9.988414e-001  4.116496e-002
    outer loop
      vertex -6.103821e-001 -2.937249e+000  1.492193e+000
      vertex  1.836910e-016 -3.000000e+000 -4.000000e-001
      vertex  7.658177e-001 -2.900628e+000  1.547482e+000
    endloop
  endfacet
  facet normal  1.950209e-001 -9.804367e-001 -2.666154e-002
    outer loop
      vertex  7.658177e-001 -2.900628e+000  1.547482e+000
      vertex  1.836910e-016 -3.000000e+000 -4.000000e-001
      vertex  1.148050e+000 -2.771639e+000 -4.000000e-001
    endloop
  endfacet
  facet normal  4.347450e-001 -9.001867e-001  2.570442e-002
    outer loop
      vertex  7.658177e-001 -2.900628e+000  1.547482e+000
      vertex  1.148050e+000 -2.771639e+000 -4.000000e-001
      vertex  1.800000e+000 -2.400000e+000  1.588460e+000
    endloop
  endfacet
  facet normal  5.553716e-001 -8.311722e-001 -2.674368e-002
    outer loop
      vertex  1.800000e+000 -2.400000e+000  1.588460e+000
      vertex  1.148050e+000 -2.771639e+000 -4.000000e-001
      vertex  2.121320e+000 -2.121320e+000 -4.000000e-001
    endloop
  endfacet
  facet normal  6.977484e-001 -7.162361e-001  1.237146e-002
    outer loop
      vertex  1.800000e+000 -2.400000e+000  1.588460e+000
      vertex  2.121320e+000 -2.121320e+000 -4.000000e-001
      vertex  2.353365e+000 -1.860546e+000  1.610068e+000
    endloop
  endfacet
  facet normal  8.678244e-001 -4.955733e-001 -3.588985e-002
    outer loop
      vertex  2.353365e+000 -1.860546e+000  1.610068e+000
      vertex  2.121320e+000 -2.121320e+000 -4.000000e-001
      vertex  2.796880e+000 -1.085108e+000  1.626996e+000
    endloop
  endfacet
  facet normal  8.314497e-001 -5.555571e-001  6.897214e-003
    outer loop
      vertex  2.796880e+000 -1.085108e+000  1.626996e+000
      vertex  2.121320e+000 -2.121320e+000 -4.000000e-001
      vertex  2.771639e+000 -1.148050e+000 -4.000000e-001
    endloop
  endfacet
  facet normal  9.813489e-001 -1.921331e-001 -6.254476e-003
    outer loop
      vertex  2.796880e+000 -1.085108e+000  1.626996e+000
      vertex  2.771639e+000 -1.148050e+000 -4.000000e-001
      vertex  2.999583e+000 -5.000000e-002  1.633973e+000
    endloop
  endfacet
  facet normal  9.807853e-001 -1.950903e-001 -4.725497e-017
    outer loop
      vertex  3.000000e+000  0.000000e+000 -4.000000e-001
      vertex  3.000000e+000 -4.926615e-016  1.633934e+000
      vertex  2.771639e+000 -1.148050e+000 -4.000000e-001
    endloop
  endfacet
  facet normal  9.942341e-001 -8.370662e-003 -1.069035e-001
    outer loop
      vertex  2.771639e+000 -1.148050e+000 -4.000000e-001
      vertex  3.000000e+000 -4.926615e-016  1.633934e+000
      vertex  2.999583e+000 -5.000000e-002  1.633973e+000
    endloop
  endfacet
  facet normal -3.669045e-002  7.754416e-002 -9.963136e-001
    outer loop
      vertex  1.800000e+000 -2.400000e+000  1.588460e+000
      vertex  2.353365e+000 -1.860546e+000  1.610068e+000
      vertex  1.800001e+000 -4.664761e+000  1.412191e+000
    endloop
  endfacet
  facet normal -1.081238e-003  7.060129e-002 -9.975041e-001
    outer loop
      vertex  2.353365e+000 -1.860546e+000  1.610068e+000
      vertex  3.126776e+000 -3.901702e+000  1.464761e+000
      vertex  1.800001e+000 -4.664761e+000  1.412191e+000
    endloop
  endfacet
  facet normal -4.721870e-002  1.253084e-002 -9.988061e-001
    outer loop
      vertex  4.776522e+000 -1.478119e+000  1.528478e+000
      vertex  2.796880e+000 -1.085108e+000  1.626996e+000
      vertex  4.999750e+000 -5.000000e-002  1.535841e+000
    endloop
  endfacet
  facet normal -4.899602e-002  1.632564e-002 -9.986655e-001
    outer loop
      vertex  2.796880e+000 -1.085108e+000  1.626996e+000
      vertex  2.999583e+000 -5.000000e-002  1.633973e+000
      vertex  4.999750e+000 -5.000000e-002  1.535841e+000
    endloop
  endfacet
  facet normal -2.713217e-002  6.075032e-002 -9.977842e-001
    outer loop
      vertex  4.151632e+000 -2.786387e+000  1.504799e+000
      vertex  3.126776e+000 -3.901702e+000  1.464761e+000
      vertex  2.353365e+000 -1.860546e+000  1.610068e+000
    endloop
  endfacet
  facet normal -3.648230e-002  4.266218e-002 -9.984232e-001
    outer loop
      vertex  2.796880e+000 -1.085108e+000  1.626996e+000
      vertex  4.151632e+000 -2.786387e+000  1.504799e+000
      vertex  2.353365e+000 -1.860546e+000  1.610068e+000
    endloop
  endfacet
  facet normal -4.210531e-002  3.818164e-002 -9.983833e-001
    outer loop
      vertex  4.776522e+000 -1.478119e+000  1.528478e+000
      vertex  4.151632e+000 -2.786387e+000  1.504799e+000
      vertex  2.796880e+000 -1.085108e+000  1.626996e+000
    endloop
  endfacet
  facet normal  1.238234e-001  2.048431e-002 -9.920928e-001
    outer loop
      vertex -2.650386e+000 -1.405473e+000  1.408334e+000
      vertex -4.707261e+000 -1.685732e+000  1.145828e+000
      vertex -2.999583e+000 -5.000000e-002  1.392737e+000
    endloop
  endfacet
  facet normal  1.291870e-001  1.479681e-002 -9.915099e-001
    outer loop
      vertex -4.707261e+000 -1.685732e+000  1.145828e+000
      vertex -4.999750e+000 -5.000000e-002  1.132129e+000
      vertex -2.999583e+000 -5.000000e-002  1.392737e+000
    endloop
  endfacet
  facet normal  1.882347e-002  8.741721e-002 -9.959939e-001
    outer loop
      vertex  5.206043e-001 -4.972823e+000  1.360973e+000
      vertex  7.658177e-001 -2.900628e+000  1.547482e+000
      vertex  1.800001e+000 -4.664761e+000  1.412191e+000
    endloop
  endfacet
  facet normal  1.941317e-003  7.759628e-002 -9.969830e-001
    outer loop
      vertex  7.658177e-001 -2.900628e+000  1.547482e+000
      vertex  1.800000e+000 -2.400000e+000  1.588460e+000
      vertex  1.800001e+000 -4.664761e+000  1.412191e+000
    endloop
  endfacet
  facet normal  1.205863e-001  4.390331e-002 -9.917315e-001
    outer loop
      vertex -3.897192e+000 -3.132394e+000  1.180283e+000
      vertex -4.707261e+000 -1.685732e+000  1.145828e+000
      vertex -2.650386e+000 -1.405473e+000  1.408334e+000
    endloop
  endfacet
  facet normal  1.051532e-001  5.520307e-002 -9.929227e-001
    outer loop
      vertex -1.774200e+000 -2.419098e+000  1.444770e+000
      vertex -3.897192e+000 -3.132394e+000  1.180283e+000
      vertex -2.650386e+000 -1.405473e+000  1.408334e+000
    endloop
  endfacet
  facet normal  1.010662e-001  6.724921e-002 -9.926043e-001
    outer loop
      vertex -2.660838e+000 -4.233195e+000  1.231588e+000
      vertex -3.897192e+000 -3.132394e+000  1.180283e+000
      vertex -1.774200e+000 -2.419098e+000  1.444770e+000
    endloop
  endfacet
  facet normal  7.597056e-002  7.966953e-002 -9.939221e-001
    outer loop
      vertex -6.103821e-001 -2.937249e+000  1.492193e+000
      vertex -2.660838e+000 -4.233195e+000  1.231588e+000
      vertex -1.774200e+000 -2.419098e+000  1.444770e+000
    endloop
  endfacet
  facet normal  7.469395e-002  8.167610e-002 -9.938560e-001
    outer loop
      vertex -1.132733e+000 -4.870002e+000  1.294100e+000
      vertex -2.660838e+000 -4.233195e+000  1.231588e+000
      vertex -6.103821e-001 -2.937249e+000  1.492193e+000
    endloop
  endfacet
  facet normal  3.753268e-002  9.184340e-002 -9.950659e-001
    outer loop
      vertex  7.658177e-001 -2.900628e+000  1.547482e+000
      vertex -1.132733e+000 -4.870002e+000  1.294100e+000
      vertex -6.103821e-001 -2.937249e+000  1.492193e+000
    endloop
  endfacet
  facet normal  4.549876e-002  8.420794e-002 -9.954090e-001
    outer loop
      vertex  5.206043e-001 -4.972823e+000  1.360973e+000
      vertex -1.132733e+000 -4.870002e+000  1.294100e+000
      vertex  7.658177e-001 -2.900628e+000  1.547482e+000
    endloop
  endfacet
  facet normal -4.532556e-004 -7.980555e-002 -9.968103e-001
    outer loop
      vertex  1.800000e+000  2.400000e+000  1.583107e+000
      vertex  9.063891e-001  2.859763e+000  1.546705e+000
      vertex  1.800000e+000  4.664762e+000  1.401788e+000
    endloop
  endfacet
  facet normal  2.394604e-002 -9.177915e-002 -9.954914e-001
    outer loop
      vertex  9.063891e-001  2.859763e+000  1.546705e+000
      vertex -7.104705e-002  4.999495e+000  1.325921e+000
      vertex  1.800000e+000  4.664762e+000  1.401788e+000
    endloop
  endfacet
  facet normal  2.746508e-002 -9.017737e-002 -9.955469e-001
    outer loop
      vertex -8.049049e-002  2.998866e+000  1.506878e+000
      vertex -7.104705e-002  4.999495e+000  1.325921e+000
      vertex  9.063891e-001  2.859763e+000  1.546705e+000
    endloop
  endfacet
  facet normal  5.876261e-002 -9.020221e-002 -9.941884e-001
    outer loop
      vertex -1.932320e+000  4.611523e+000  1.251109e+000
      vertex -7.104705e-002  4.999495e+000  1.325921e+000
      vertex -8.049049e-002  2.998866e+000  1.506878e+000
    endloop
  endfacet
  facet normal  5.892164e-002 -9.002072e-002 -9.941954e-001
    outer loop
      vertex -1.147526e+000  2.771856e+000  1.464195e+000
      vertex -1.932320e+000  4.611523e+000  1.251109e+000
      vertex -8.049049e-002  2.998866e+000  1.506878e+000
    endloop
  endfacet
  facet normal  9.021175e-002 -7.716553e-002 -9.929287e-001
    outer loop
      vertex -1.147526e+000  2.771856e+000  1.464195e+000
      vertex -2.098581e+000  2.143803e+000  1.426597e+000
      vertex -3.517895e+000  3.553086e+000  1.188124e+000
    endloop
  endfacet
  facet normal  9.046026e-002 -7.642378e-002 -9.929634e-001
    outer loop
      vertex -1.932320e+000  4.611523e+000  1.251109e+000
      vertex -1.147526e+000  2.771856e+000  1.464195e+000
      vertex -3.517895e+000  3.553086e+000  1.188124e+000
    endloop
  endfacet
  facet normal  1.150032e-001 -5.227533e-002 -9.919886e-001
    outer loop
      vertex -2.098581e+000  2.143803e+000  1.426597e+000
      vertex -2.762022e+000  1.170977e+000  1.400948e+000
      vertex -4.594829e+000  1.971686e+000  1.146272e+000
    endloop
  endfacet
  facet normal  1.149895e-001 -5.205461e-002 -9.920019e-001
    outer loop
      vertex -3.517895e+000  3.553086e+000  1.188124e+000
      vertex -2.098581e+000  2.143803e+000  1.426597e+000
      vertex -4.594829e+000  1.971686e+000  1.146272e+000
    endloop
  endfacet
  facet normal  1.256065e-001 -2.790885e-002 -9.916875e-001
    outer loop
      vertex -4.594829e+000  1.971686e+000  1.146272e+000
      vertex -2.762022e+000  1.170977e+000  1.400948e+000
      vertex -4.897647e+000  1.006506e+000  1.135080e+000
    endloop
  endfacet
  facet normal  1.292011e-001 -3.676219e-004 -9.916183e-001
    outer loop
      vertex -3.000000e+000  4.397316e-013  1.392665e+000
      vertex -2.999583e+000 -5.000000e-002  1.392737e+000
      vertex -4.999750e+000 -5.000000e-002  1.132129e+000
    endloop
  endfacet
  facet normal  1.292086e-001 -6.735353e-004 -9.916172e-001
    outer loop
      vertex -3.000000e+000  4.397316e-013  1.392665e+000
      vertex -4.999750e+000 -5.000000e-002  1.132129e+000
      vertex -5.000000e+000  1.608143e-015  1.132063e+000
    endloop
  endfacet
  facet normal  1.292019e-001 -1.016633e-002 -9.915662e-001
    outer loop
      vertex -3.000000e+000  4.397316e-013  1.392665e+000
      vertex -5.000000e+000  1.608143e-015  1.132063e+000
      vertex -4.897647e+000  1.006506e+000  1.135080e+000
    endloop
  endfacet
  facet normal  1.249104e-001 -1.836805e-002 -9.919980e-001
    outer loop
      vertex -3.000000e+000  4.397316e-013  1.392665e+000
      vertex -4.897647e+000  1.006506e+000  1.135080e+000
      vertex -2.762022e+000  1.170977e+000  1.400948e+000
    endloop
  endfacet
  facet normal  2.443823e-003 -7.402699e-002 -9.972532e-001
    outer loop
      vertex  2.768465e+000  4.163604e+000  1.441363e+000
      vertex  2.244923e+000  1.990079e+000  1.601423e+000
      vertex  1.800000e+000  4.664762e+000  1.401788e+000
    endloop
  endfacet
  facet normal -3.247599e-002 -7.976346e-002 -9.962847e-001
    outer loop
      vertex  2.244923e+000  1.990079e+000  1.601423e+000
      vertex  1.800000e+000  2.400000e+000  1.583107e+000
      vertex  1.800000e+000  4.664762e+000  1.401788e+000
    endloop
  endfacet
  facet normal -5.118740e-002 -1.876974e-002 -9.985127e-001
    outer loop
      vertex  2.977404e+000  3.675770e-001  1.632617e+000
      vertex  4.639829e+000  1.863326e+000  1.519279e+000
      vertex  5.000000e+000 -1.387779e-017  1.535841e+000
    endloop
  endfacet
  facet normal -4.581054e-002 -2.475566e-002 -9.986433e-001
    outer loop
      vertex  2.745902e+000  1.208313e+000  1.622396e+000
      vertex  4.639829e+000  1.863326e+000  1.519279e+000
      vertex  2.977404e+000  3.675770e-001  1.632617e+000
    endloop
  endfacet
  facet normal -3.675609e-002 -5.083951e-002 -9.980302e-001
    outer loop
      vertex  3.604886e+000  3.464794e+000  1.475816e+000
      vertex  4.639829e+000  1.863326e+000  1.519279e+000
      vertex  2.745902e+000  1.208313e+000  1.622396e+000
    endloop
  endfacet
  facet normal -5.292115e-002 -6.065439e-002 -9.967549e-001
    outer loop
      vertex  2.745902e+000  1.208313e+000  1.622396e+000
      vertex  2.244923e+000  1.990079e+000  1.601423e+000
      vertex  2.768465e+000  4.163604e+000  1.441363e+000
    endloop
  endfacet
  facet normal -9.905761e-003 -6.106426e-002 -9.980847e-001
    outer loop
      vertex  2.768465e+000  4.163604e+000  1.441363e+000
      vertex  3.604886e+000  3.464794e+000  1.475816e+000
      vertex  2.745902e+000  1.208313e+000  1.622396e+000
    endloop
  endfacet
  facet normal -4.898615e-002 -6.587612e-003 -9.987777e-001
    outer loop
      vertex  3.000000e+000 -4.926615e-016  1.633934e+000
      vertex  2.977404e+000  3.675770e-001  1.632617e+000
      vertex  5.000000e+000 -1.387779e-017  1.535841e+000
    endloop
  endfacet
  facet normal -4.898721e-002  2.448015e-004 -9.987993e-001
    outer loop
      vertex  3.000000e+000 -4.926615e-016  1.633934e+000
      vertex  5.000000e+000 -1.387779e-017  1.535841e+000
      vertex  4.999750e+000 -5.000000e-002  1.535841e+000
    endloop
  endfacet
  facet normal -4.900255e-002 -3.702503e-004 -9.987985e-001
    outer loop
      vertex  3.000000e+000 -4.926615e-016  1.633934e+000
      vertex  4.999750e+000 -5.000000e-002  1.535841e+000
      vertex  2.999583e+000 -5.000000e-002  1.633973e+000
    endloop
  endfacet
  facet normal  9.876822e-001  1.564739e-001  6.564374e-017
    outer loop
      vertex  5.000000e+000 -7.077672e-016  3.189854e+000
      vertex  5.000000e+000 -1.387779e-017  1.535841e+000
      vertex  4.755151e+000  1.545515e+000  3.178697e+000
    endloop
  endfacet
  facet normal  9.813786e-001  1.894114e-001 -3.192544e-002
    outer loop
      vertex  4.755151e+000  1.545515e+000  3.178697e+000
      vertex  5.000000e+000 -1.387779e-017  1.535841e+000
      vertex  4.639829e+000  1.863326e+000  1.519279e+000
    endloop
  endfacet
  facet normal  9.122847e-001  4.092822e-001  1.498582e-002
    outer loop
      vertex  4.755151e+000  1.545515e+000  3.178697e+000
      vertex  4.639829e+000  1.863326e+000  1.519279e+000
      vertex  4.317359e+000  2.522009e+000  3.160669e+000
    endloop
  endfacet
  facet normal  8.393810e-001  5.410303e-001 -5.220691e-002
    outer loop
      vertex  4.317359e+000  2.522009e+000  3.160669e+000
      vertex  4.639829e+000  1.863326e+000  1.519279e+000
      vertex  3.604886e+000  3.464794e+000  1.475816e+000
    endloop
  endfacet
  facet normal  7.978030e-001  6.029181e-001  5.472445e-006
    outer loop
      vertex  4.317359e+000  2.522009e+000  3.160669e+000
      vertex  3.604886e+000  3.464794e+000  1.475816e+000
      vertex  3.604832e+000  3.464851e+000  3.132011e+000
    endloop
  endfacet
  facet normal  6.450858e-001  7.641102e-001 -4.972319e-006
    outer loop
      vertex  3.604832e+000  3.464851e+000  3.132011e+000
      vertex  3.604886e+000  3.464794e+000  1.475816e+000
      vertex  2.811104e+000  4.134940e+000  3.100474e+000
    endloop
  endfacet
  facet normal  6.412296e-001  7.673423e-001 -3.222242e-003
    outer loop
      vertex  2.811104e+000  4.134940e+000  3.100474e+000
      vertex  3.604886e+000  3.464794e+000  1.475816e+000
      vertex  2.768465e+000  4.163604e+000  1.441363e+000
    endloop
  endfacet
  facet normal  4.640342e-001  8.858109e-001  3.378393e-003
    outer loop
      vertex  2.811104e+000  4.134940e+000  3.100474e+000
      vertex  2.768465e+000  4.163604e+000  1.441363e+000
      vertex  1.800000e+000  4.664762e+000  3.060620e+000
    endloop
  endfacet
  facet normal  4.595869e-001  8.881328e-001 -9.908244e-008
    outer loop
      vertex  1.800000e+000  4.664762e+000  3.060620e+000
      vertex  2.768465e+000  4.163604e+000  1.441363e+000
      vertex  1.800000e+000  4.664762e+000  1.401788e+000
    endloop
  endfacet
  facet normal  3.029024e-001  9.530216e-001 -6.530279e-008
    outer loop
      vertex  1.800000e+000  4.664762e+000  3.060620e+000
      vertex  1.800000e+000  4.664762e+000  1.401788e+000
      vertex  1.223423e+000  4.848017e+000  3.038006e+000
    endloop
  endfacet
  facet normal  1.777712e-001  9.829274e-001 -4.744375e-002
    outer loop
      vertex  1.223423e+000  4.848017e+000  3.038006e+000
      vertex  1.800000e+000  4.664762e+000  1.401788e+000
      vertex -7.104705e-002  4.999495e+000  1.325921e+000
    endloop
  endfacet
  facet normal  6.064784e-002  9.972591e-001  4.237863e-002
    outer loop
      vertex  1.223423e+000  4.848017e+000  3.038006e+000
      vertex -7.104705e-002  4.999495e+000  1.325921e+000
      vertex -6.104774e-001  4.962583e+000  2.966513e+000
    endloop
  endfacet
  facet normal -2.756537e-001  9.587728e-001 -6.906391e-002
    outer loop
      vertex -6.104774e-001  4.962583e+000  2.966513e+000
      vertex -7.104705e-002  4.999495e+000  1.325921e+000
      vertex -2.141460e+000  4.518152e+000  2.907333e+000
    endloop
  endfacet
  facet normal -2.050981e-001  9.783041e-001  2.925356e-002
    outer loop
      vertex -2.141460e+000  4.518152e+000  2.907333e+000
      vertex -7.104705e-002  4.999495e+000  1.325921e+000
      vertex -1.932320e+000  4.611523e+000  1.251109e+000
    endloop
  endfacet
  facet normal -5.583454e-001  8.292684e-001 -2.375477e-002
    outer loop
      vertex -2.141460e+000  4.518152e+000  2.907333e+000
      vertex -1.932320e+000  4.611523e+000  1.251109e+000
      vertex -3.386516e+000  3.678492e+000  2.859662e+000
    endloop
  endfacet
  facet normal -5.545880e-001  8.319120e-001 -1.882459e-002
    outer loop
      vertex -3.386516e+000  3.678492e+000  2.859662e+000
      vertex -1.932320e+000  4.611523e+000  1.251109e+000
      vertex -3.517895e+000  3.553086e+000  1.188124e+000
    endloop
  endfacet
  facet normal -7.834749e-001  6.212432e-001  1.497055e-002
    outer loop
      vertex -3.386516e+000  3.678492e+000  2.859662e+000
      vertex -3.517895e+000  3.553086e+000  1.188124e+000
      vertex -4.351936e+000  2.461839e+000  2.823277e+000
    endloop
  endfacet
  facet normal -8.251460e-001  5.631182e-001 -4.507532e-002
    outer loop
      vertex -4.351936e+000  2.461839e+000  2.823277e+000
      vertex -3.517895e+000  3.553086e+000  1.188124e+000
      vertex -4.594829e+000  1.971686e+000  1.146272e+000
    endloop
  endfacet
  facet normal -9.260592e-001  3.766108e-001  2.405282e-002
    outer loop
      vertex -4.351936e+000  2.461839e+000  2.823277e+000
      vertex -4.594829e+000  1.971686e+000  1.146272e+000
      vertex -4.834052e+000  1.277472e+000  2.805724e+000
    endloop
  endfacet
  facet normal -9.540297e-001  2.994615e-001 -1.225396e-002
    outer loop
      vertex -4.834052e+000  1.277472e+000  2.805724e+000
      vertex -4.594829e+000  1.971686e+000  1.146272e+000
      vertex -4.897647e+000  1.006506e+000  1.135080e+000
    endloop
  endfacet
  facet normal -9.915354e-001  1.287369e-001  1.686399e-002
    outer loop
      vertex -4.834052e+000  1.277472e+000  2.805724e+000
      vertex -4.897647e+000  1.006506e+000  1.135080e+000
      vertex -5.000000e+000  2.166066e-012  2.800624e+000
    endloop
  endfacet
  facet normal -9.948692e-001  1.011697e-001 -1.312373e-013
    outer loop
      vertex -5.000000e+000  2.166066e-012  2.800624e+000
      vertex -4.897647e+000  1.006506e+000  1.135080e+000
      vertex -5.000000e+000  1.608143e-015  1.132063e+000
    endloop
  endfacet
  facet normal -9.999875e-001 -4.997191e-003  6.482355e-015
    outer loop
      vertex -5.000000e+000  2.166066e-012  2.800624e+000
      vertex -5.000000e+000  1.608143e-015  1.132063e+000
      vertex -4.999750e+000 -5.000000e-002  2.800688e+000
    endloop
  endfacet
  facet normal -9.999875e-001 -4.997191e-003  -0.000000e+000
    outer loop
      vertex -4.999750e+000 -5.000000e-002  2.800688e+000
      vertex -5.000000e+000  1.608143e-015  1.132063e+000
      vertex -4.999750e+000 -5.000000e-002  1.132129e+000
    endloop
  endfacet
  facet normal -9.837502e-001 -1.795429e-001  0.000000e+000
    outer loop
      vertex -4.999750e+000 -5.000000e-002  2.800688e+000
      vertex -4.999750e+000 -5.000000e-002  1.132129e+000
      vertex -4.695065e+000 -1.719426e+000  2.814408e+000
    endloop
  endfacet
  facet normal -9.843853e-001 -1.759897e-001  3.641007e-003
    outer loop
      vertex -4.695065e+000 -1.719426e+000  2.814408e+000
      vertex -4.999750e+000 -5.000000e-002  1.132129e+000
      vertex -4.707261e+000 -1.685732e+000  1.145828e+000
    endloop
  endfacet
  facet normal -8.787534e-001 -4.772651e-001 -3.214822e-003
    outer loop
      vertex -4.695065e+000 -1.719426e+000  2.814408e+000
      vertex -4.707261e+000 -1.685732e+000  1.145828e+000
      vertex -3.998791e+000 -3.001617e+000  2.842998e+000
    endloop
  endfacet
  facet normal -8.722748e-001 -4.887902e-001 -1.485509e-002
    outer loop
      vertex -3.998791e+000 -3.001617e+000  2.842998e+000
      vertex -4.707261e+000 -1.685732e+000  1.145828e+000
      vertex -3.897192e+000 -3.132394e+000  1.180283e+000
    endloop
  endfacet
  facet normal -7.003358e-001 -7.136889e-001  1.333989e-002
    outer loop
      vertex -3.998791e+000 -3.001617e+000  2.842998e+000
      vertex -3.897192e+000 -3.132394e+000  1.180283e+000
      vertex -2.922495e+000 -4.056970e+000  2.886154e+000
    endloop
  endfacet
  facet normal -6.641726e-001 -7.471457e-001 -2.545641e-002
    outer loop
      vertex -2.922495e+000 -4.056970e+000  2.886154e+000
      vertex -3.897192e+000 -3.132394e+000  1.180283e+000
      vertex -2.660838e+000 -4.233195e+000  1.231588e+000
    endloop
  endfacet
  facet normal -4.614086e-001 -8.869272e-001  2.149713e-002
    outer loop
      vertex -2.922495e+000 -4.056970e+000  2.886154e+000
      vertex -2.660838e+000 -4.233195e+000  1.231588e+000
      vertex -1.637373e+000 -4.724300e+000  2.936988e+000
    endloop
  endfacet
  facet normal -3.831681e-001 -9.229830e-001 -3.584040e-002
    outer loop
      vertex -1.637373e+000 -4.724300e+000  2.936988e+000
      vertex -2.660838e+000 -4.233195e+000  1.231588e+000
      vertex -1.132733e+000 -4.870002e+000  1.294100e+000
    endloop
  endfacet
  facet normal -1.501542e-001 -9.877920e-001  4.148136e-002
    outer loop
      vertex -1.637373e+000 -4.724300e+000  2.936988e+000
      vertex -1.132733e+000 -4.870002e+000  1.294100e+000
      vertex  1.756709e-001 -4.996923e+000  3.007886e+000
    endloop
  endfacet
  facet normal -6.094440e-002 -9.977660e-001 -2.736528e-002
    outer loop
      vertex  1.756709e-001 -4.996923e+000  3.007886e+000
      vertex -1.132733e+000 -4.870002e+000  1.294100e+000
      vertex  5.206043e-001 -4.972823e+000  1.360973e+000
    endloop
  endfacet
  facet normal  1.992536e-001 -9.795648e-001  2.739757e-002
    outer loop
      vertex  1.756709e-001 -4.996923e+000  3.007886e+000
      vertex  5.206043e-001 -4.972823e+000  1.360973e+000
      vertex  1.800000e+000 -4.664762e+000  3.070692e+000
    endloop
  endfacet
  facet normal  2.340963e-001 -9.722134e-001 -1.112589e-007
    outer loop
      vertex  1.800000e+000 -4.664762e+000  3.070692e+000
      vertex  5.206043e-001 -4.972823e+000  1.360973e+000
      vertex  1.800001e+000 -4.664761e+000  1.412191e+000
    endloop
  endfacet
  facet normal  5.180300e-001 -8.553624e-001  1.264223e-007
    outer loop
      vertex  1.800000e+000 -4.664762e+000  3.070692e+000
      vertex  1.800001e+000 -4.664761e+000  1.412191e+000
      vertex  3.300363e+000 -3.756102e+000  3.127971e+000
    endloop
  endfacet
  facet normal  4.976952e-001 -8.670211e-001  2.395624e-002
    outer loop
      vertex  3.300363e+000 -3.756102e+000  3.127971e+000
      vertex  1.800001e+000 -4.664761e+000  1.412191e+000
      vertex  3.126776e+000 -3.901702e+000  1.464761e+000
    endloop
  endfacet
  facet normal  7.791206e-001 -6.263143e-001 -2.648751e-002
    outer loop
      vertex  3.300363e+000 -3.756102e+000  3.127971e+000
      vertex  3.126776e+000 -3.901702e+000  1.464761e+000
      vertex  4.374371e+000 -2.421763e+000  3.168206e+000
    endloop
  endfacet
  facet normal  7.345213e-001 -6.767420e-001  4.998800e-002
    outer loop
      vertex  4.374371e+000 -2.421763e+000  3.168206e+000
      vertex  3.126776e+000 -3.901702e+000  1.464761e+000
      vertex  4.151632e+000 -2.786387e+000  1.504799e+000
    endloop
  endfacet
  facet normal  9.264520e-001 -3.740552e-001 -4.206235e-002
    outer loop
      vertex  4.374371e+000 -2.421763e+000  3.168206e+000
      vertex  4.151632e+000 -2.786387e+000  1.504799e+000
      vertex  4.828077e+000 -1.299875e+000  3.184589e+000
    endloop
  endfacet
  facet normal  9.020692e-001 -4.312022e-001  1.832815e-002
    outer loop
      vertex  4.828077e+000 -1.299875e+000  3.184589e+000
      vertex  4.151632e+000 -2.786387e+000  1.504799e+000
      vertex  4.776522e+000 -1.478119e+000  1.528478e+000
    endloop
  endfacet
  facet normal  9.905778e-001 -1.359894e-001 -1.620034e-002
    outer loop
      vertex  4.828077e+000 -1.299875e+000  3.184589e+000
      vertex  4.776522e+000 -1.478119e+000  1.528478e+000
      vertex  4.999750e+000 -5.000000e-002  3.189898e+000
    endloop
  endfacet
  facet normal  9.880031e-001 -1.544338e-001  0.000000e+000
    outer loop
      vertex  4.999750e+000 -5.000000e-002  3.189898e+000
      vertex  4.776522e+000 -1.478119e+000  1.528478e+000
      vertex  4.999750e+000 -5.000000e-002  1.535841e+000
    endloop
  endfacet
  facet normal  9.999875e-001 -4.997191e-003  0.000000e+000
    outer loop
      vertex  4.999750e+000 -5.000000e-002  3.189898e+000
      vertex  4.999750e+000 -5.000000e-002  1.535841e+000
      vertex  5.000000e+000 -7.077672e-016  3.189854e+000
    endloop
  endfacet
  facet normal  9.999875e-001 -4.997191e-003 -2.096416e-018
    outer loop
      vertex  5.000000e+000 -7.077672e-016  3.189854e+000
      vertex  4.999750e+000 -5.000000e-002  1.535841e+000
      vertex  5.000000e+000 -1.387779e-017  1.535841e+000
    endloop
  endfacet
  facet normal  0.000000e+000  0.000000e+000  1.000000e+000
    outer loop
      vertex -1.000000e+000  1.732051e+000  4.316212e+000
      vertex  1.000000e+000  1.732051e+000  4.316212e+000
      vertex -3.673819e-016  2.000000e+000  4.316212e+000
    endloop
  endfacet
  facet normal  -0.000000e+000  0.000000e+000  1.000000e+000
    outer loop
      vertex  1.000000e+000  1.732051e+000  4.316212e+000
      vertex -1.000000e+000  1.732051e+000  4.316212e+000
      vertex  1.732051e+000  1.000000e+000  4.316212e+000
    endloop
  endfacet
  facet normal  0.000000e+000  0.000000e+000  1.000000e+000
    outer loop
      vertex  1.732051e+000  1.000000e+000  4.316212e+000
      vertex -1.000000e+000  1.732051e+000  4.316212e+000
      vertex -1.732051e+000  1.000000e+000  4.316212e+000
    endloop
  endfacet
  facet normal  -0.000000e+000  0.000000e+000  9.999999e-001
    outer loop
      vertex  1.732051e+000  1.000000e+000  4.316212e+000
      vertex -1.732051e+000  1.000000e+000  4.316212e+000
      vertex  2.000000e+000  0.000000e+000  4.316212e+000
    endloop
  endfacet
  facet normal  0.000000e+000  0.000000e+000  1.000000e+000
    outer loop
      vertex  2.000000e+000  0.000000e+000  4.316212e+000
      vertex -1.732051e+000  1.000000e+000  4.316212e+000
      vertex -2.000000e+000 -2.449213e-016  4.316212e+000
    endloop
  endfacet
  facet normal  -0.000000e+000  0.000000e+000  1.000000e+000
    outer loop
      vertex  2.000000e+000  0.000000e+000  4.316212e+000
      vertex -2.000000e+000 -2.449213e-016  4.316212e+000
      vertex  1.732051e+000 -1.000000e+000  4.316212e+000
    endloop
  endfacet
  facet normal  0.000000e+000  0.000000e+000  9.999999e-001
    outer loop
      vertex  1.732051e+000 -1.000000e+000  4.316212e+000
      vertex -2.000000e+000 -2.449213e-016  4.316212e+000
      vertex -1.732051e+000 -1.000000e+000  4.316212e+000
    endloop
  endfacet
  facet normal  -0.000000e+000  0.000000e+000  1.000000e+000
    outer loop
      vertex  1.732051e+000 -1.000000e+000  4.316212e+000
      vertex -1.732051e+000 -1.000000e+000  4.316212e+000
      vertex  1.000000e+000 -1.732051e+000  4.316212e+000
    endloop
  endfacet
  facet normal  0.000000e+000  0.000000e+000  1.000000e+000
    outer loop
      vertex  1.000000e+000 -1.732051e+000  4.316212e+000
      vertex -1.732051e+000 -1.000000e+000  4.316212e+000
      vertex -1.000000e+000 -1.732051e+000  4.316212e+000
    endloop
  endfacet
  facet normal  -0.000000e+000  0.000000e+000  1.000000e+000
    outer loop
      vertex  1.000000e+000 -1.732051e+000  4.316212e+000
      vertex -1.000000e+000 -1.732051e+000  4.316212e+000
      vertex  1.224606e-016 -2.000000e+000  4.316212e+000
    endloop
  endfacet
  facet normal -8.461855e-002  2.036576e-002 -9.962052e-001
    outer loop
      vertex  5.570138e+000 -1.945138e+000  3.108366e+000
      vertex  4.828077e+000 -1.299875e+000  3.184589e+000
      vertex  5.899788e+000 -5.000000e-002  3.119109e+000
    endloop
  endfacet
  facet normal -7.840028e-002  1.500224e-002 -9.968091e-001
    outer loop
      vertex  4.828077e+000 -1.299875e+000  3.184589e+000
      vertex  4.999750e+000 -5.000000e-002  3.189898e+000
      vertex  5.899788e+000 -5.000000e-002  3.119109e+000
    endloop
  endfacet
  facet normal -1.844867e-002  9.321437e-002 -9.954751e-001
    outer loop
      vertex  3.300363e+000 -3.756102e+000  3.127971e+000
      vertex  3.475478e+000 -4.767709e+000  3.030001e+000
      vertex  1.800000e+000 -4.664762e+000  3.070692e+000
    endloop
  endfacet
  facet normal -1.741732e-002  1.093572e-001 -9.938499e-001
    outer loop
      vertex  3.475478e+000 -4.767709e+000  3.030001e+000
      vertex  1.800000e+000 -5.618719e+000  2.965724e+000
      vertex  1.800000e+000 -4.664762e+000  3.070692e+000
    endloop
  endfacet
  facet normal -4.946886e-002  8.778984e-002 -9.949099e-001
    outer loop
      vertex  4.739646e+000 -3.513652e+000  3.077801e+000
      vertex  3.475478e+000 -4.767709e+000  3.030001e+000
      vertex  3.300363e+000 -3.756102e+000  3.127971e+000
    endloop
  endfacet
  facet normal -4.604837e-002  6.711774e-002 -9.966819e-001
    outer loop
      vertex  4.374371e+000 -2.421763e+000  3.168206e+000
      vertex  4.739646e+000 -3.513652e+000  3.077801e+000
      vertex  3.300363e+000 -3.756102e+000  3.127971e+000
    endloop
  endfacet
  facet normal -7.295562e-002  5.803050e-002 -9.956455e-001
    outer loop
      vertex  5.570138e+000 -1.945138e+000  3.108366e+000
      vertex  4.739646e+000 -3.513652e+000  3.077801e+000
      vertex  4.374371e+000 -2.421763e+000  3.168206e+000
    endloop
  endfacet
  facet normal -6.639495e-002  4.140922e-002 -9.969338e-001
    outer loop
      vertex  4.828077e+000 -1.299875e+000  3.184589e+000
      vertex  5.570138e+000 -1.945138e+000  3.108366e+000
      vertex  4.374371e+000 -2.421763e+000  3.168206e+000
    endloop
  endfacet
  facet normal  1.521725e-001  1.965211e-002 -9.881586e-001
    outer loop
      vertex -4.695065e+000 -1.719426e+000  2.814408e+000
      vertex -5.596465e+000 -1.868043e+000  2.672640e+000
      vertex -4.999750e+000 -5.000000e-002  2.800688e+000
    endloop
  endfacet
  facet normal  1.557225e-001  1.844962e-002 -9.876285e-001
    outer loop
      vertex -5.596465e+000 -1.868043e+000  2.672640e+000
      vertex -5.899788e+000 -5.000000e-002  2.658777e+000
      vertex -4.999750e+000 -5.000000e-002  2.800688e+000
    endloop
  endfacet
  facet normal  1.995517e-002  1.194371e-001 -9.926412e-001
    outer loop
      vertex -1.054723e-002 -5.899991e+000  2.895483e+000
      vertex  1.756709e-001 -4.996923e+000  3.007886e+000
      vertex  1.800000e+000 -5.618719e+000  2.965724e+000
    endloop
  endfacet
  facet normal  1.606553e-002  1.093596e-001 -9.938725e-001
    outer loop
      vertex  1.756709e-001 -4.996923e+000  3.007886e+000
      vertex  1.800000e+000 -4.664762e+000  3.070692e+000
      vertex  1.800000e+000 -5.618719e+000  2.965724e+000
    endloop
  endfacet
  facet normal  1.430055e-001  5.302810e-002 -9.883003e-001
    outer loop
      vertex -3.998791e+000 -3.001617e+000  2.842998e+000
      vertex -4.750280e+000 -3.499263e+000  2.707557e+000
      vertex -5.596465e+000 -1.868043e+000  2.672640e+000
    endloop
  endfacet
  facet normal  1.458999e-001  5.720609e-002 -9.876440e-001
    outer loop
      vertex -4.695065e+000 -1.719426e+000  2.814408e+000
      vertex -3.998791e+000 -3.001617e+000  2.842998e+000
      vertex -5.596465e+000 -1.868043e+000  2.672640e+000
    endloop
  endfacet
  facet normal  1.223665e-001  8.435628e-002 -9.888936e-001
    outer loop
      vertex -3.998791e+000 -3.001617e+000  2.842998e+000
      vertex -2.922495e+000 -4.056970e+000  2.886154e+000
      vertex -4.750280e+000 -3.499263e+000  2.707557e+000
    endloop
  endfacet
  facet normal  1.219951e-001  8.308983e-002 -9.890467e-001
    outer loop
      vertex -3.448205e+000 -4.787471e+000  2.759941e+000
      vertex -4.750280e+000 -3.499263e+000  2.707557e+000
      vertex -2.922495e+000 -4.056970e+000  2.886154e+000
    endloop
  endfacet
  facet normal  9.308205e-002  1.063055e-001 -9.899671e-001
    outer loop
      vertex -1.637373e+000 -4.724300e+000  2.936988e+000
      vertex -1.816919e+000 -5.613271e+000  2.824646e+000
      vertex -3.448205e+000 -4.787471e+000  2.759941e+000
    endloop
  endfacet
  facet normal  9.318443e-002  1.040228e-001 -9.901999e-001
    outer loop
      vertex -3.448205e+000 -4.787471e+000  2.759941e+000
      vertex -2.922495e+000 -4.056970e+000  2.886154e+000
      vertex -1.637373e+000 -4.724300e+000  2.936988e+000
    endloop
  endfacet
  facet normal  5.665208e-002  1.118044e-001 -9.921141e-001
    outer loop
      vertex  1.756709e-001 -4.996923e+000  3.007886e+000
      vertex -1.054723e-002 -5.899991e+000  2.895483e+000
      vertex -1.816919e+000 -5.613271e+000  2.824646e+000
    endloop
  endfacet
  facet normal  5.593711e-002  1.140518e-001 -9.918988e-001
    outer loop
      vertex -1.816919e+000 -5.613271e+000  2.824646e+000
      vertex -1.637373e+000 -4.724300e+000  2.936988e+000
      vertex  1.756709e-001 -4.996923e+000  3.007886e+000
    endloop
  endfacet
  facet normal  3.528648e-003 -1.115298e-001 -9.937547e-001
    outer loop
      vertex  1.800000e+000  4.664762e+000  3.060620e+000
      vertex  1.223423e+000  4.848017e+000  3.038006e+000
      vertex  1.800000e+000  5.618719e+000  2.953557e+000
    endloop
  endfacet
  facet normal  1.854070e-002 -1.225994e-001 -9.922830e-001
    outer loop
      vertex  1.223423e+000  4.848017e+000  3.038006e+000
      vertex  1.080690e-001  5.899010e+000  2.887312e+000
      vertex  1.800000e+000  5.618719e+000  2.953557e+000
    endloop
  endfacet
  facet normal  5.466747e-002 -1.257271e-001 -9.905574e-001
    outer loop
      vertex -6.104774e-001  4.962583e+000  2.966513e+000
      vertex -1.594831e+000  5.680362e+000  2.821084e+000
      vertex  1.080690e-001  5.899010e+000  2.887312e+000
    endloop
  endfacet
  facet normal  3.195204e-002 -1.085523e-001 -9.935771e-001
    outer loop
      vertex  1.080690e-001  5.899010e+000  2.887312e+000
      vertex  1.223423e+000  4.848017e+000  3.038006e+000
      vertex -6.104774e-001  4.962583e+000  2.966513e+000
    endloop
  endfacet
  facet normal  6.915521e-002 -1.061396e-001 -9.919435e-001
    outer loop
      vertex -2.141460e+000  4.518152e+000  2.907333e+000
      vertex -1.594831e+000  5.680362e+000  2.821084e+000
      vertex -6.104774e-001  4.962583e+000  2.966513e+000
    endloop
  endfacet
  facet normal  8.982576e-002 -1.156595e-001 -9.892191e-001
    outer loop
      vertex -3.163614e+000  4.980115e+000  2.760504e+000
      vertex -1.594831e+000  5.680362e+000  2.821084e+000
      vertex -2.141460e+000  4.518152e+000  2.907333e+000
    endloop
  endfacet
  facet normal  1.004206e-001 -9.266257e-002 -9.906207e-001
    outer loop
      vertex -3.386516e+000  3.678492e+000  2.859662e+000
      vertex -3.163614e+000  4.980115e+000  2.760504e+000
      vertex -2.141460e+000  4.518152e+000  2.907333e+000
    endloop
  endfacet
  facet normal  1.205599e-001 -9.591646e-002 -9.880614e-001
    outer loop
      vertex -4.464461e+000  3.857277e+000  2.710779e+000
      vertex -3.163614e+000  4.980115e+000  2.760504e+000
      vertex -3.386516e+000  3.678492e+000  2.859662e+000
    endloop
  endfacet
  facet normal  1.439145e-001 -6.798591e-002 -9.872521e-001
    outer loop
      vertex -4.351936e+000  2.461839e+000  2.823277e+000
      vertex -5.386677e+000  2.407013e+000  2.676215e+000
      vertex -4.464461e+000  3.857277e+000  2.710779e+000
    endloop
  endfacet
  facet normal  1.251334e-001 -6.969684e-002 -9.896889e-001
    outer loop
      vertex -4.464461e+000  3.857277e+000  2.710779e+000
      vertex -3.386516e+000  3.678492e+000  2.859662e+000
      vertex -4.351936e+000  2.461839e+000  2.823277e+000
    endloop
  endfacet
  facet normal  1.530311e-001 -3.834965e-002 -9.874770e-001
    outer loop
      vertex -4.834052e+000  1.277472e+000  2.805724e+000
      vertex -5.770226e+000  1.230644e+000  2.662462e+000
      vertex -5.386677e+000  2.407013e+000  2.676215e+000
    endloop
  endfacet
  facet normal  1.428352e-001 -4.348863e-002 -9.887906e-001
    outer loop
      vertex -5.386677e+000  2.407013e+000  2.676215e+000
      vertex -4.351936e+000  2.461839e+000  2.823277e+000
      vertex -4.834052e+000  1.277472e+000  2.805724e+000
    endloop
  endfacet
  facet normal  1.557489e-001 -4.840115e-004 -9.877966e-001
    outer loop
      vertex -5.000000e+000  2.166066e-012  2.800624e+000
      vertex -4.999750e+000 -5.000000e-002  2.800688e+000
      vertex -5.899788e+000 -5.000000e-002  2.658777e+000
    endloop
  endfacet
  facet normal  1.557540e-001 -5.777797e-004 -9.877957e-001
    outer loop
      vertex -5.000000e+000  2.166066e-012  2.800624e+000
      vertex -5.899788e+000 -5.000000e-002  2.658777e+000
      vertex -5.900000e+000 -7.225177e-016  2.658714e+000
    endloop
  endfacet
  facet normal  1.557400e-001 -1.341518e-002 -9.877070e-001
    outer loop
      vertex -5.000000e+000  2.166066e-012  2.800624e+000
      vertex -5.900000e+000 -7.225177e-016  2.658714e+000
      vertex -5.770226e+000  1.230644e+000  2.662462e+000
    endloop
  endfacet
  facet normal  1.520218e-001 -1.580339e-002 -9.882509e-001
    outer loop
      vertex -5.000000e+000  2.166066e-012  2.800624e+000
      vertex -5.770226e+000  1.230644e+000  2.662462e+000
      vertex -4.834052e+000  1.277472e+000  2.805724e+000
    endloop
  endfacet
  facet normal -7.533242e-003 -1.036134e-001 -9.945891e-001
    outer loop
      vertex  3.020882e+000  5.067966e+000  3.001685e+000
      vertex  2.811104e+000  4.134940e+000  3.100474e+000
      vertex  1.800000e+000  5.618719e+000  2.953557e+000
    endloop
  endfacet
  facet normal -1.926828e-002 -1.115098e-001 -9.935765e-001
    outer loop
      vertex  2.811104e+000  4.134940e+000  3.100474e+000
      vertex  1.800000e+000  4.664762e+000  3.060620e+000
      vertex  1.800000e+000  5.618719e+000  2.953557e+000
    endloop
  endfacet
  facet normal -6.942334e-002 -4.951963e-002 -9.963575e-001
    outer loop
      vertex  4.755151e+000  1.545515e+000  3.178697e+000
      vertex  4.317359e+000  2.522009e+000  3.160669e+000
      vertex  5.070344e+000  3.016887e+000  3.083607e+000
    endloop
  endfacet
  facet normal -7.315073e-002 -4.870651e-002 -9.961308e-001
    outer loop
      vertex  5.688583e+000  1.565256e+000  3.109185e+000
      vertex  4.755151e+000  1.545515e+000  3.178697e+000
      vertex  5.070344e+000  3.016887e+000  3.083607e+000
    endloop
  endfacet
  facet normal -5.903254e-002 -7.486928e-002 -9.954445e-001
    outer loop
      vertex  4.317359e+000  2.522009e+000  3.160669e+000
      vertex  3.604832e+000  3.464851e+000  3.132011e+000
      vertex  4.084807e+000  4.257271e+000  3.043947e+000
    endloop
  endfacet
  facet normal -5.320521e-002 -7.411421e-002 -9.958295e-001
    outer loop
      vertex  5.070344e+000  3.016887e+000  3.083607e+000
      vertex  4.317359e+000  2.522009e+000  3.160669e+000
      vertex  4.084807e+000  4.257271e+000  3.043947e+000
    endloop
  endfacet
  facet normal -3.477795e-002 -9.749195e-002 -9.946285e-001
    outer loop
      vertex  2.811104e+000  4.134940e+000  3.100474e+000
      vertex  3.020882e+000  5.067966e+000  3.001685e+000
      vertex  4.084807e+000  4.257271e+000  3.043947e+000
    endloop
  endfacet
  facet normal -3.562329e-002 -8.904244e-002 -9.953905e-001
    outer loop
      vertex  3.604832e+000  3.464851e+000  3.132011e+000
      vertex  2.811104e+000  4.134940e+000  3.100474e+000
      vertex  4.084807e+000  4.257271e+000  3.043947e+000
    endloop
  endfacet
  facet normal -7.385257e-002 -1.889778e-002 -9.970900e-001
    outer loop
      vertex  5.000000e+000 -7.077672e-016  3.189854e+000
      vertex  4.755151e+000  1.545515e+000  3.178697e+000
      vertex  5.688583e+000  1.565256e+000  3.109185e+000
    endloop
  endfacet
  facet normal -7.835262e-002 -1.690227e-002 -9.967824e-001
    outer loop
      vertex  5.000000e+000 -7.077672e-016  3.189854e+000
      vertex  5.688583e+000  1.565256e+000  3.109185e+000
      vertex  5.900000e+000 -3.469447e-018  3.119109e+000
    endloop
  endfacet
  facet normal -7.836381e-002  3.325643e-004 -9.969248e-001
    outer loop
      vertex  5.000000e+000 -7.077672e-016  3.189854e+000
      vertex  5.900000e+000 -3.469447e-018  3.119109e+000
      vertex  5.899788e+000 -5.000000e-002  3.119109e+000
    endloop
  endfacet
  facet normal -7.840909e-002 -4.876025e-004 -9.969211e-001
    outer loop
      vertex  5.000000e+000 -7.077672e-016  3.189854e+000
      vertex  5.899788e+000 -5.000000e-002  3.119109e+000
      vertex  4.999750e+000 -5.000000e-002  3.189898e+000
    endloop
  endfacet
  facet normal -6.178370e-001 -7.835007e-001 -6.636431e-002
    outer loop
      vertex  8.724272e-001  1.799686e+000  4.705378e+000
      vertex  1.000000e+000  1.732051e+000  4.316212e+000
      vertex  1.551511e+000  1.261982e+000  4.731423e+000
    endloop
  endfacet
  facet normal -9.659258e-001 -2.588191e-001  1.355190e-015
    outer loop
      vertex  1.732051e+000  1.000000e+000  4.316212e+000
      vertex  2.000000e+000  0.000000e+000  4.316212e+000
      vertex  2.000000e+000  2.269018e-015  4.749557e+000
    endloop
  endfacet
  facet normal -8.714672e-001 -2.117124e-002  4.899966e-001
    outer loop
      vertex  1.732051e+000  1.000000e+000  4.316212e+000
      vertex  2.000000e+000  2.269018e-015  4.749557e+000
      vertex  1.997418e+000  1.015950e-001  4.749355e+000
    endloop
  endfacet
  facet normal -9.507550e-001 -1.500877e-001  2.711799e-001
    outer loop
      vertex  1.732051e+000  1.000000e+000  4.316212e+000
      vertex  1.997418e+000  1.015950e-001  4.749355e+000
      vertex  1.929536e+000  5.262032e-001  4.746367e+000
    endloop
  endfacet
  facet normal -9.356897e-001 -3.500707e-001  4.399064e-002
    outer loop
      vertex  1.732051e+000  1.000000e+000  4.316212e+000
      vertex  1.929536e+000  5.262032e-001  4.746367e+000
      vertex  1.800000e+000  8.717798e-001  4.741148e+000
    endloop
  endfacet
  facet normal -8.428611e-001 -5.374337e-001 -2.738797e-002
    outer loop
      vertex  1.732051e+000  1.000000e+000  4.316212e+000
      vertex  1.800000e+000  8.717798e-001  4.741148e+000
      vertex  1.551511e+000  1.261982e+000  4.731423e+000
    endloop
  endfacet
  facet normal -7.004021e-001 -7.004021e-001  1.373820e-001
    outer loop
      vertex  1.732051e+000  1.000000e+000  4.316212e+000
      vertex  1.551511e+000  1.261982e+000  4.731423e+000
      vertex  1.000000e+000  1.732051e+000  4.316212e+000
    endloop
  endfacet
  facet normal  8.166892e-001 -5.657517e-001 -1.137703e-001
    outer loop
      vertex -1.837378e+000  7.899587e-001  4.604613e+000
      vertex -1.732051e+000  1.000000e+000  4.316212e+000
      vertex -1.378483e+000  1.449063e+000  4.621182e+000
    endloop
  endfacet
  facet normal  6.903860e-001 -6.903860e-001  2.161814e-001
    outer loop
      vertex -1.378483e+000  1.449063e+000  4.621182e+000
      vertex -1.732051e+000  1.000000e+000  4.316212e+000
      vertex -1.000000e+000  1.732051e+000  4.316212e+000
    endloop
  endfacet
  facet normal  5.688220e-001 -8.205858e-001 -5.550102e-002
    outer loop
      vertex -1.378483e+000  1.449063e+000  4.621182e+000
      vertex -1.000000e+000  1.732051e+000  4.316212e+000
      vertex -8.670344e-001  1.802319e+000  4.640039e+000
    endloop
  endfacet
  facet normal  2.574484e-001 -9.608105e-001  1.027790e-001
    outer loop
      vertex -8.670344e-001  1.802319e+000  4.640039e+000
      vertex -1.000000e+000  1.732051e+000  4.316212e+000
      vertex -3.673819e-016  2.000000e+000  4.316212e+000
    endloop
  endfacet
  facet normal  2.798952e-001 -9.443249e-001  1.729429e-001
    outer loop
      vertex -8.670344e-001  1.802319e+000  4.640039e+000
      vertex -3.673819e-016  2.000000e+000  4.316212e+000
      vertex -2.797078e-001  1.980408e+000  4.661922e+000
    endloop
  endfacet
  facet normal -2.502364e-001 -9.338949e-001 -2.553863e-001
    outer loop
      vertex -2.797078e-001  1.980408e+000  4.661922e+000
      vertex -3.673819e-016  2.000000e+000  4.316212e+000
      vertex  1.000000e+000  1.732051e+000  4.316212e+000
    endloop
  endfacet
  facet normal -1.582324e-001 -9.802659e-001  1.184961e-001
    outer loop
      vertex -2.797078e-001  1.980408e+000  4.661922e+000
      vertex  1.000000e+000  1.732051e+000  4.316212e+000
      vertex  8.724272e-001  1.799686e+000  4.705378e+000
    endloop
  endfacet
  facet normal  9.659258e-001 -2.588191e-001  0.000000e+000
    outer loop
      vertex -2.000000e+000 -2.449213e-016  4.316212e+000
      vertex -1.732051e+000  1.000000e+000  4.316212e+000
      vertex -2.000000e+000  7.586085e-013  4.599321e+000
    endloop
  endfacet
  facet normal  9.583231e-001 -1.986568e-001  2.053103e-001
    outer loop
      vertex -2.000000e+000  7.586085e-013  4.599321e+000
      vertex -1.732051e+000  1.000000e+000  4.316212e+000
      vertex -1.837378e+000  7.899587e-001  4.604613e+000
    endloop
  endfacet
  facet normal -9.999219e-001  1.250169e-002 -6.545951e-017
    outer loop
      vertex  2.000000e+000  2.269018e-015  4.749557e+000
      vertex  2.000000e+000  0.000000e+000  4.316212e+000
      vertex  1.999375e+000 -5.000000e-002  4.749586e+000
    endloop
  endfacet
  facet normal  9.659258e-001  2.588191e-001 -6.937467e-013
    outer loop
      vertex -1.732051e+000 -1.000000e+000  4.316212e+000
      vertex -2.000000e+000 -2.449213e-016  4.316212e+000
      vertex -2.000000e+000  7.586085e-013  4.599321e+000
    endloop
  endfacet
  facet normal  7.441847e-001  1.031705e-002  6.678942e-001
    outer loop
      vertex -1.732051e+000 -1.000000e+000  4.316212e+000
      vertex -2.000000e+000  7.586085e-013  4.599321e+000
      vertex -1.999375e+000 -5.000000e-002  4.599397e+000
    endloop
  endfacet
  facet normal  9.523704e-001  1.991535e-001  2.309299e-001
    outer loop
      vertex -1.732051e+000 -1.000000e+000  4.316212e+000
      vertex -1.999375e+000 -5.000000e-002  4.599397e+000
      vertex -1.854953e+000 -7.477818e-001  4.605558e+000
    endloop
  endfacet
  facet normal  7.854245e-001  5.915785e-001 -1.820529e-001
    outer loop
      vertex -1.732051e+000 -1.000000e+000  4.316212e+000
      vertex -1.854953e+000 -7.477818e-001  4.605558e+000
      vertex -1.216977e+000 -1.587155e+000  4.630424e+000
    endloop
  endfacet
  facet normal  6.979834e-001  6.979834e-001  1.601202e-001
    outer loop
      vertex -1.732051e+000 -1.000000e+000  4.316212e+000
      vertex -1.216977e+000 -1.587155e+000  4.630424e+000
      vertex -1.000000e+000 -1.732051e+000  4.316212e+000
    endloop
  endfacet
  facet normal -7.980998e-001  6.001679e-001 -5.324737e-002
    outer loop
      vertex  1.800000e+000 -8.717797e-001  4.742965e+000
      vertex  1.732051e+000 -1.000000e+000  4.316212e+000
      vertex  1.340551e+000 -1.484224e+000  4.726368e+000
    endloop
  endfacet
  facet normal -6.982415e-001  6.982415e-001  1.578530e-001
    outer loop
      vertex  1.340551e+000 -1.484224e+000  4.726368e+000
      vertex  1.732051e+000 -1.000000e+000  4.316212e+000
      vertex  1.000000e+000 -1.732051e+000  4.316212e+000
    endloop
  endfacet
  facet normal -4.981296e-001  8.605532e-001 -1.063720e-001
    outer loop
      vertex  1.340551e+000 -1.484224e+000  4.726368e+000
      vertex  1.000000e+000 -1.732051e+000  4.316212e+000
      vertex  6.324615e-001 -1.897332e+000  4.700226e+000
    endloop
  endfacet
  facet normal -2.552411e-001  9.525728e-001  1.657013e-001
    outer loop
      vertex  6.324615e-001 -1.897332e+000  4.700226e+000
      vertex  1.000000e+000 -1.732051e+000  4.316212e+000
      vertex  1.224606e-016 -2.000000e+000  4.316212e+000
    endloop
  endfacet
  facet normal -9.066688e-002  9.892027e-001 -1.151415e-001
    outer loop
      vertex  6.324615e-001 -1.897332e+000  4.700226e+000
      vertex  1.224606e-016 -2.000000e+000  4.316212e+000
      vertex -2.600227e-001 -1.983025e+000  4.666800e+000
    endloop
  endfacet
  facet normal  2.561335e-001  9.559030e-001  1.436845e-001
    outer loop
      vertex -2.600227e-001 -1.983025e+000  4.666800e+000
      vertex  1.224606e-016 -2.000000e+000  4.316212e+000
      vertex -1.000000e+000 -1.732051e+000  4.316212e+000
    endloop
  endfacet
  facet normal  3.826455e-001  9.106781e-001 -1.557164e-001
    outer loop
      vertex -2.600227e-001 -1.983025e+000  4.666800e+000
      vertex -1.000000e+000 -1.732051e+000  4.316212e+000
      vertex -1.216977e+000 -1.587155e+000  4.630424e+000
    endloop
  endfacet
  facet normal -9.490100e-001  3.098638e-001  5.800462e-002
    outer loop
      vertex  1.800000e+000 -8.717797e-001  4.742965e+000
      vertex  1.967180e+000 -3.608376e-001  4.748703e+000
      vertex  1.732051e+000 -1.000000e+000  4.316212e+000
    endloop
  endfacet
  facet normal -9.267404e-001  9.495412e-002  3.635051e-001
    outer loop
      vertex  1.732051e+000 -1.000000e+000  4.316212e+000
      vertex  1.967180e+000 -3.608376e-001  4.748703e+000
      vertex  1.999375e+000 -5.000000e-002  4.749586e+000
    endloop
  endfacet
  facet normal -9.655347e-001  2.587143e-001  2.845609e-002
    outer loop
      vertex  1.732051e+000 -1.000000e+000  4.316212e+000
      vertex  1.999375e+000 -5.000000e-002  4.749586e+000
      vertex  2.000000e+000  0.000000e+000  4.316212e+000
    endloop
  endfacet
  facet normal  1.649177e-001  9.853777e-001 -4.281474e-002
    outer loop
      vertex  1.800000e+000  5.618719e+000  2.953557e+000
      vertex  1.080690e-001  5.899010e+000  2.887312e+000
      vertex  9.724315e-001  5.819317e+000  4.382617e+000
    endloop
  endfacet
  facet normal  2.355735e-001  9.718565e-001 -1.922758e-008
    outer loop
      vertex  1.800000e+000  5.618719e+000  2.953557e+000
      vertex  9.724315e-001  5.819317e+000  4.382617e+000
      vertex  1.800000e+000  5.618719e+000  4.414092e+000
    endloop
  endfacet
  facet normal  4.152555e-001  9.097049e-001 -3.389328e-008
    outer loop
      vertex  1.800000e+000  5.618719e+000  2.953557e+000
      vertex  1.800000e+000  5.618719e+000  4.414092e+000
      vertex  3.065843e+000  5.040896e+000  4.462477e+000
    endloop
  endfacet
  facet normal  4.110640e-001  9.115967e-001  4.240639e-003
    outer loop
      vertex  1.800000e+000  5.618719e+000  2.953557e+000
      vertex  3.065843e+000  5.040896e+000  4.462477e+000
      vertex  3.020882e+000  5.067966e+000  3.001685e+000
    endloop
  endfacet
  facet normal  9.871466e-001  1.598170e-001  3.512607e-004
    outer loop
      vertex  5.899483e+000 -6.301177e-006  4.574594e+000
      vertex  5.900000e+000 -3.469447e-018  3.119109e+000
      vertex  5.597593e+000  1.864719e+000  4.561213e+000
    endloop
  endfacet
  facet normal  9.903846e-001  1.339883e-001  3.442816e-002
    outer loop
      vertex  5.597593e+000  1.864719e+000  4.561213e+000
      vertex  5.900000e+000 -3.469447e-018  3.119109e+000
      vertex  5.688583e+000  1.565256e+000  3.109185e+000
    endloop
  endfacet
  facet normal  8.977735e-001  4.391195e-001 -3.430476e-002
    outer loop
      vertex  5.597593e+000  1.864719e+000  4.561213e+000
      vertex  5.688583e+000  1.565256e+000  3.109185e+000
      vertex  4.904399e+000  3.279788e+000  4.533629e+000
    endloop
  endfacet
  facet normal  9.192829e-001  3.921165e-001  3.411169e-002
    outer loop
      vertex  4.904399e+000  3.279788e+000  4.533629e+000
      vertex  5.688583e+000  1.565256e+000  3.109185e+000
      vertex  5.070344e+000  3.016887e+000  3.083607e+000
    endloop
  endfacet
  facet normal  7.664234e-001  6.416972e-001 -2.863307e-002
    outer loop
      vertex  4.904399e+000  3.279788e+000  4.533629e+000
      vertex  5.070344e+000  3.016887e+000  3.083607e+000
      vertex  4.084761e+000  4.257315e+000  4.501721e+000
    endloop
  endfacet
  facet normal  7.829488e-001  6.220862e-001  5.865273e-006
    outer loop
      vertex  4.084761e+000  4.257315e+000  4.501721e+000
      vertex  5.070344e+000  3.016887e+000  3.083607e+000
      vertex  4.084807e+000  4.257271e+000  3.043947e+000
    endloop
  endfacet
  facet normal  6.096120e-001  7.926999e-001 -4.712077e-006
    outer loop
      vertex  4.084761e+000  4.257315e+000  4.501721e+000
      vertex  4.084807e+000  4.257271e+000  3.043947e+000
      vertex  3.065843e+000  5.040896e+000  4.462477e+000
    endloop
  endfacet
  facet normal  6.061773e-001  7.953200e-001 -3.919350e-003
    outer loop
      vertex  3.065843e+000  5.040896e+000  4.462477e+000
      vertex  4.084807e+000  4.257271e+000  3.043947e+000
      vertex  3.020882e+000  5.067966e+000  3.001685e+000
    endloop
  endfacet
  facet normal -9.944859e-001  1.048703e-001  5.789804e-014
    outer loop
      vertex -5.900000e+000 -7.225177e-016  2.658714e+000
      vertex -5.900000e+000 -8.120934e-013  4.128344e+000
      vertex -5.770226e+000  1.230644e+000  2.662462e+000
    endloop
  endfacet
  facet normal -9.912447e-001  1.302589e-001  2.160131e-002
    outer loop
      vertex -5.770226e+000  1.230644e+000  2.662462e+000
      vertex -5.900000e+000 -8.120934e-013  4.128344e+000
      vertex -5.699434e+000  1.525270e+000  4.134354e+000
    endloop
  endfacet
  facet normal -9.505579e-001  3.101161e-001 -1.635716e-002
    outer loop
      vertex -5.770226e+000  1.230644e+000  2.662462e+000
      vertex -5.699434e+000  1.525270e+000  4.134354e+000
      vertex -5.386677e+000  2.407013e+000  2.676215e+000
    endloop
  endfacet
  facet normal -9.241232e-001  3.807502e-001  3.202565e-002
    outer loop
      vertex -5.386677e+000  2.407013e+000  2.676215e+000
      vertex -5.699434e+000  1.525270e+000  4.134354e+000
      vertex -5.117160e+000  2.936780e+000  4.154979e+000
    endloop
  endfacet
  facet normal -8.427896e-001  5.368486e-001 -3.872032e-002
    outer loop
      vertex -5.386677e+000  2.407013e+000  2.676215e+000
      vertex -5.117160e+000  2.936780e+000  4.154979e+000
      vertex -4.464461e+000  3.857277e+000  2.710779e+000
    endloop
  endfacet
  facet normal -7.944310e-001  6.067236e-001  2.767163e-002
    outer loop
      vertex -4.464461e+000  3.857277e+000  2.710779e+000
      vertex -5.117160e+000  2.936780e+000  4.154979e+000
      vertex -4.175031e+000  4.168811e+000  4.189442e+000
    endloop
  endfacet
  facet normal -6.523839e-001  7.572196e-001 -3.183982e-002
    outer loop
      vertex -4.464461e+000  3.857277e+000  2.710779e+000
      vertex -4.175031e+000  4.168811e+000  4.189442e+000
      vertex -3.163614e+000  4.980115e+000  2.760504e+000
    endloop
  endfacet
  facet normal -6.115839e-001  7.910131e-001  1.622570e-002
    outer loop
      vertex -3.163614e+000  4.980115e+000  2.760504e+000
      vertex -4.175031e+000  4.168811e+000  4.189442e+000
      vertex -2.978807e+000  5.092780e+000  4.233838e+000
    endloop
  endfacet
  facet normal -4.069237e-001  9.132687e-001 -1.879447e-002
    outer loop
      vertex -3.163614e+000  4.980115e+000  2.760504e+000
      vertex -2.978807e+000  5.092780e+000  4.233838e+000
      vertex -1.594831e+000  5.680362e+000  2.821084e+000
    endloop
  endfacet
  facet normal -3.941609e-001  9.190332e-001 -3.894156e-003
    outer loop
      vertex -1.594831e+000  5.680362e+000  2.821084e+000
      vertex -2.978807e+000  5.092780e+000  4.233838e+000
      vertex -1.637878e+000  5.668099e+000  4.284033e+000
    endloop
  endfacet
  facet normal -1.275252e-001  9.918249e-001  4.561679e-003
    outer loop
      vertex -1.594831e+000  5.680362e+000  2.821084e+000
      vertex -1.637878e+000  5.668099e+000  4.284033e+000
      vertex  1.080690e-001  5.899010e+000  2.887312e+000
    endloop
  endfacet
  facet normal -2.217613e-001  9.680358e-001 -1.171694e-001
    outer loop
      vertex  1.080690e-001  5.899010e+000  2.887312e+000
      vertex -1.637878e+000  5.668099e+000  4.284033e+000
      vertex -1.042884e+000  5.807111e+000  4.306411e+000
    endloop
  endfacet
  facet normal -8.238409e-003  9.982846e-001  5.796617e-002
    outer loop
      vertex  1.080690e-001  5.899010e+000  2.887312e+000
      vertex -1.042884e+000  5.807111e+000  4.306411e+000
      vertex  9.724315e-001  5.819317e+000  4.382617e+000
    endloop
  endfacet
  facet normal -9.999909e-001 -4.243812e-003 -2.342974e-015
    outer loop
      vertex -5.900000e+000 -8.120934e-013  4.128344e+000
      vertex -5.900000e+000 -7.225177e-016  2.658714e+000
      vertex -5.899788e+000 -5.000000e-002  4.128405e+000
    endloop
  endfacet
  facet normal -9.999909e-001 -4.243813e-003  -0.000000e+000
    outer loop
      vertex -5.899788e+000 -5.000000e-002  4.128405e+000
      vertex -5.900000e+000 -7.225177e-016  2.658714e+000
      vertex -5.899788e+000 -5.000000e-002  2.658777e+000
    endloop
  endfacet
  facet normal -9.913044e-001 -1.315891e-001  0.000000e+000
    outer loop
      vertex -5.899788e+000 -5.000000e-002  4.128405e+000
      vertex -5.899788e+000 -5.000000e-002  2.658777e+000
      vertex -5.708526e+000 -1.490841e+000  4.137193e+000
    endloop
  endfacet
  facet normal -9.857879e-001 -1.647210e-001 -3.300350e-002
    outer loop
      vertex -5.708526e+000 -1.490841e+000  4.137193e+000
      vertex -5.899788e+000 -5.000000e-002  2.658777e+000
      vertex -5.596465e+000 -1.868043e+000  2.672640e+000
    endloop
  endfacet
  facet normal -9.293277e-001 -3.684881e-001  2.379763e-002
    outer loop
      vertex -5.708526e+000 -1.490841e+000  4.137193e+000
      vertex -5.596465e+000 -1.868043e+000  2.672640e+000
      vertex -5.177109e+000 -2.829680e+000  4.158790e+000
    endloop
  endfacet
  facet normal -8.862259e-001 -4.607529e-001 -4.806604e-002
    outer loop
      vertex -5.177109e+000 -2.829680e+000  4.158790e+000
      vertex -5.596465e+000 -1.868043e+000  2.672640e+000
      vertex -4.750280e+000 -3.499263e+000  2.707557e+000
    endloop
  endfacet
  facet normal -8.238775e-001 -5.664482e-001  1.903822e-002
    outer loop
      vertex -5.177109e+000 -2.829680e+000  4.158790e+000
      vertex -4.750280e+000 -3.499263e+000  2.707557e+000
      vertex -4.492468e+000 -3.824555e+000  4.185826e+000
    endloop
  endfacet
  facet normal -6.739272e-001 -7.374418e-001 -4.474039e-002
    outer loop
      vertex -4.492468e+000 -3.824555e+000  4.185826e+000
      vertex -4.750280e+000 -3.499263e+000  2.707557e+000
      vertex -3.417773e+000 -4.809225e+000  4.227623e+000
    endloop
  endfacet
  facet normal -7.033881e-001 -7.107945e-001  4.049489e-003
    outer loop
      vertex -3.417773e+000 -4.809225e+000  4.227623e+000
      vertex -4.750280e+000 -3.499263e+000  2.707557e+000
      vertex -3.448205e+000 -4.787471e+000  2.759941e+000
    endloop
  endfacet
  facet normal -4.775597e-001 -8.785937e-001 -3.120045e-003
    outer loop
      vertex -3.417773e+000 -4.809225e+000  4.227623e+000
      vertex -3.448205e+000 -4.787471e+000  2.759941e+000
      vertex -2.177976e+000 -5.483286e+000  4.275310e+000
    endloop
  endfacet
  facet normal -4.504028e-001 -8.922464e-001 -3.215264e-002
    outer loop
      vertex -2.177976e+000 -5.483286e+000  4.275310e+000
      vertex -3.448205e+000 -4.787471e+000  2.759941e+000
      vertex -1.816919e+000 -5.613271e+000  2.824646e+000
    endloop
  endfacet
  facet normal -2.832760e-001 -9.589145e-001  1.541745e-002
    outer loop
      vertex -2.177976e+000 -5.483286e+000  4.275310e+000
      vertex -1.816919e+000 -5.613271e+000  2.824646e+000
      vertex -1.144719e+000 -5.787889e+000  4.314748e+000
    endloop
  endfacet
  facet normal -1.548480e-001 -9.868763e-001 -4.579441e-002
    outer loop
      vertex -1.144719e+000 -5.787889e+000  4.314748e+000
      vertex -1.816919e+000 -5.613271e+000  2.824646e+000
      vertex -1.054723e-002 -5.899991e+000  2.895483e+000
    endloop
  endfacet
  facet normal -1.068153e-001 -9.942554e-001 -6.827364e-003
    outer loop
      vertex -1.144719e+000 -5.787889e+000  4.314748e+000
      vertex -1.054723e-002 -5.899991e+000  2.895483e+000
      vertex -1.137896e-001 -5.898913e+000  4.353861e+000
    endloop
  endfacet
  facet normal  1.444518e-001 -9.894512e-001  1.095694e-002
    outer loop
      vertex -1.137896e-001 -5.898913e+000  4.353861e+000
      vertex -1.054723e-002 -5.899991e+000  2.895483e+000
      vertex  1.800000e+000 -5.618718e+000  4.425879e+000
    endloop
  endfacet
  facet normal  1.535105e-001 -9.881471e-001  2.850969e-007
    outer loop
      vertex  1.800000e+000 -5.618718e+000  4.425879e+000
      vertex -1.054723e-002 -5.899991e+000  2.895483e+000
      vertex  1.800000e+000 -5.618719e+000  2.965724e+000
    endloop
  endfacet
  facet normal  3.908353e-001 -9.204606e-001  2.048662e-007
    outer loop
      vertex  1.800000e+000 -5.618718e+000  4.425879e+000
      vertex  1.800000e+000 -5.618719e+000  2.965724e+000
      vertex  2.792773e+000 -5.197178e+000  4.462902e+000
    endloop
  endfacet
  facet normal  4.538150e-001 -8.896677e-001 -5.043134e-002
    outer loop
      vertex  2.792773e+000 -5.197178e+000  4.462902e+000
      vertex  1.800000e+000 -5.618719e+000  2.965724e+000
      vertex  3.475478e+000 -4.767709e+000  3.030001e+000
    endloop
  endfacet
  facet normal  6.018286e-001 -7.971932e-001  4.780621e-002
    outer loop
      vertex  2.792773e+000 -5.197178e+000  4.462902e+000
      vertex  3.475478e+000 -4.767709e+000  3.030001e+000
      vertex  4.244995e+000 -4.097631e+000  4.516501e+000
    endloop
  endfacet
  facet normal  9.999909e-001 -4.243812e-003  3.551119e-004
    outer loop
      vertex  5.900000e+000 -3.469447e-018  3.119109e+000
      vertex  5.899483e+000 -6.301177e-006  4.574594e+000
      vertex  5.899788e+000 -5.000000e-002  3.119109e+000
    endloop
  endfacet
  facet normal  9.999815e-001  6.094634e-003  -0.000000e+000
    outer loop
      vertex  5.899788e+000 -5.000000e-002  3.119109e+000
      vertex  5.899483e+000 -6.301177e-006  4.574594e+000
      vertex  5.899788e+000 -5.000000e-002  4.574594e+000
    endloop
  endfacet
  facet normal  9.852064e-001 -1.713718e-001  0.000000e+000
    outer loop
      vertex  5.899788e+000 -5.000000e-002  3.119109e+000
      vertex  5.899788e+000 -5.000000e-002  4.574594e+000
      vertex  5.570138e+000 -1.945138e+000  3.108366e+000
    endloop
  endfacet
  facet normal  9.851775e-001 -1.715379e-001  2.211360e-004
    outer loop
      vertex  5.570138e+000 -1.945138e+000  3.108366e+000
      vertex  5.899788e+000 -5.000000e-002  4.574594e+000
      vertex  5.569487e+000 -1.947002e+000  4.564144e+000
    endloop
  endfacet
  facet normal  8.837659e-001 -4.679294e-001 -2.037827e-004
    outer loop
      vertex  5.570138e+000 -1.945138e+000  3.108366e+000
      vertex  5.569487e+000 -1.947002e+000  4.564144e+000
      vertex  4.739646e+000 -3.513652e+000  3.077801e+000
    endloop
  endfacet
  facet normal  9.034861e-001 -4.248629e-001 -5.660714e-002
    outer loop
      vertex  4.739646e+000 -3.513652e+000  3.077801e+000
      vertex  5.569487e+000 -1.947002e+000  4.564144e+000
      vertex  5.046642e+000 -3.056381e+000  4.545617e+000
    endloop
  endfacet
  facet normal  7.008907e-001 -7.093777e-001  7.440114e-002
    outer loop
      vertex  4.739646e+000 -3.513652e+000  3.077801e+000
      vertex  5.046642e+000 -3.056381e+000  4.545617e+000
      vertex  3.475478e+000 -4.767709e+000  3.030001e+000
    endloop
  endfacet
  facet normal  7.868474e-001 -6.019831e-001 -1.359684e-001
    outer loop
      vertex  3.475478e+000 -4.767709e+000  3.030001e+000
      vertex  5.046642e+000 -3.056381e+000  4.545617e+000
      vertex  4.244995e+000 -4.097631e+000  4.516501e+000
    endloop
  endfacet
  facet normal  4.528188e-002 -1.338686e-002  9.988846e-001
    outer loop
      vertex  5.899788e+000 -5.000000e-002  4.574594e+000
      vertex  1.967180e+000 -3.608376e-001  4.748703e+000
      vertex  5.569487e+000 -1.947002e+000  4.564144e+000
    endloop
  endfacet
  facet normal  4.481879e-002 -7.481758e-003  9.989671e-001
    outer loop
      vertex  5.899788e+000 -5.000000e-002  4.574594e+000
      vertex  1.999375e+000 -5.000000e-002  4.749586e+000
      vertex  1.967180e+000 -3.608376e-001  4.748703e+000
    endloop
  endfacet
  facet normal  9.560470e-002 -4.244995e-002  9.945139e-001
    outer loop
      vertex  1.800000e+000 -8.717797e-001  4.742965e+000
      vertex  2.792773e+000 -5.197178e+000  4.462902e+000
      vertex  1.967180e+000 -3.608376e-001  4.748703e+000
    endloop
  endfacet
  facet normal -8.909357e-003 -6.664687e-002  9.977368e-001
    outer loop
      vertex  1.800000e+000 -8.717797e-001  4.742965e+000
      vertex  1.800000e+000 -5.618718e+000  4.425879e+000
      vertex  2.792773e+000 -5.197178e+000  4.462902e+000
    endloop
  endfacet
  facet normal  6.925935e-003 -5.781190e-002  9.983035e-001
    outer loop
      vertex  2.792773e+000 -5.197178e+000  4.462902e+000
      vertex  4.244995e+000 -4.097631e+000  4.516501e+000
      vertex  1.967180e+000 -3.608376e-001  4.748703e+000
    endloop
  endfacet
  facet normal  2.474108e-002 -4.697023e-002  9.985899e-001
    outer loop
      vertex  1.967180e+000 -3.608376e-001  4.748703e+000
      vertex  4.244995e+000 -4.097631e+000  4.516501e+000
      vertex  5.046642e+000 -3.056381e+000  4.545617e+000
    endloop
  endfacet
  facet normal  3.629427e-002 -3.378511e-002  9.987699e-001
    outer loop
      vertex  1.967180e+000 -3.608376e-001  4.748703e+000
      vertex  5.046642e+000 -3.056381e+000  4.545617e+000
      vertex  5.569487e+000 -1.947002e+000  4.564144e+000
    endloop
  endfacet
  facet normal -1.198680e-001 -1.604446e-002  9.926602e-001
    outer loop
      vertex -5.899788e+000 -5.000000e-002  4.128405e+000
      vertex -1.854953e+000 -7.477818e-001  4.605558e+000
      vertex -1.999375e+000 -5.000000e-002  4.599397e+000
    endloop
  endfacet
  facet normal -1.188008e-001 -9.714552e-003  9.928706e-001
    outer loop
      vertex -5.899788e+000 -5.000000e-002  4.128405e+000
      vertex -5.708526e+000 -1.490841e+000  4.137193e+000
      vertex -1.854953e+000 -7.477818e-001  4.605558e+000
    endloop
  endfacet
  facet normal -2.647288e-002 -7.538822e-002  9.968028e-001
    outer loop
      vertex  1.800000e+000 -5.618718e+000  4.425879e+000
      vertex  1.340551e+000 -1.484224e+000  4.726368e+000
      vertex -1.137896e-001 -5.898913e+000  4.353861e+000
    endloop
  endfacet
  facet normal  5.272837e-002 -6.655680e-002  9.963884e-001
    outer loop
      vertex  1.800000e+000 -5.618718e+000  4.425879e+000
      vertex  1.800000e+000 -8.717797e-001  4.742965e+000
      vertex  1.340551e+000 -1.484224e+000  4.726368e+000
    endloop
  endfacet
  facet normal -1.149700e-001 -2.961730e-002  9.929273e-001
    outer loop
      vertex -1.854953e+000 -7.477818e-001  4.605558e+000
      vertex -5.708526e+000 -1.490841e+000  4.137193e+000
      vertex -5.177109e+000 -2.829680e+000  4.158790e+000
    endloop
  endfacet
  facet normal -1.042814e-001 -4.476318e-002  9.935399e-001
    outer loop
      vertex -5.177109e+000 -2.829680e+000  4.158790e+000
      vertex -4.492468e+000 -3.824555e+000  4.185826e+000
      vertex -1.216977e+000 -1.587155e+000  4.630424e+000
    endloop
  endfacet
  facet normal -1.029925e-001 -4.884922e-002  9.934818e-001
    outer loop
      vertex -1.216977e+000 -1.587155e+000  4.630424e+000
      vertex -1.854953e+000 -7.477818e-001  4.605558e+000
      vertex -5.177109e+000 -2.829680e+000  4.158790e+000
    endloop
  endfacet
  facet normal -9.378474e-002 -6.017618e-002  9.937721e-001
    outer loop
      vertex -1.216977e+000 -1.587155e+000  4.630424e+000
      vertex -4.492468e+000 -3.824555e+000  4.185826e+000
      vertex -3.417773e+000 -4.809225e+000  4.227623e+000
    endloop
  endfacet
  facet normal -6.958297e-002 -7.681222e-002  9.946145e-001
    outer loop
      vertex -1.216977e+000 -1.587155e+000  4.630424e+000
      vertex -3.417773e+000 -4.809225e+000  4.227623e+000
      vertex -2.600227e-001 -1.983025e+000  4.666800e+000
    endloop
  endfacet
  facet normal -7.607936e-002 -6.956270e-002  9.946722e-001
    outer loop
      vertex -2.600227e-001 -1.983025e+000  4.666800e+000
      vertex -3.417773e+000 -4.809225e+000  4.227623e+000
      vertex -2.177976e+000 -5.483286e+000  4.275310e+000
    endloop
  endfacet
  facet normal -5.912419e-002 -7.164461e-002  9.956764e-001
    outer loop
      vertex -2.177976e+000 -5.483286e+000  4.275310e+000
      vertex -1.144719e+000 -5.787889e+000  4.314748e+000
      vertex  6.324615e-001 -1.897332e+000  4.700226e+000
    endloop
  endfacet
  facet normal -2.805645e-002 -9.591266e-002  9.949943e-001
    outer loop
      vertex  6.324615e-001 -1.897332e+000  4.700226e+000
      vertex -2.600227e-001 -1.983025e+000  4.666800e+000
      vertex -2.177976e+000 -5.483286e+000  4.275310e+000
    endloop
  endfacet
  facet normal -4.614194e-002 -7.759860e-002  9.959164e-001
    outer loop
      vertex  6.324615e-001 -1.897332e+000  4.700226e+000
      vertex -1.144719e+000 -5.787889e+000  4.314748e+000
      vertex -1.137896e-001 -5.898913e+000  4.353861e+000
    endloop
  endfacet
  facet normal  1.517467e-002 -8.903319e-002  9.959131e-001
    outer loop
      vertex  6.324615e-001 -1.897332e+000  4.700226e+000
      vertex -1.137896e-001 -5.898913e+000  4.353861e+000
      vertex  1.340551e+000 -1.484224e+000  4.726368e+000
    endloop
  endfacet
  facet normal  1.003388e-001  8.859797e-002  9.910008e-001
    outer loop
      vertex  1.800000e+000  8.717798e-001  4.741148e+000
      vertex  9.724315e-001  5.819317e+000  4.382617e+000
      vertex  1.551511e+000  1.261982e+000  4.731423e+000
    endloop
  endfacet
  facet normal -2.127610e-002  6.871998e-002  9.974091e-001
    outer loop
      vertex  1.800000e+000  8.717798e-001  4.741148e+000
      vertex  1.800000e+000  5.618719e+000  4.414092e+000
      vertex  9.724315e-001  5.819317e+000  4.382617e+000
    endloop
  endfacet
  facet normal  6.443825e-002  1.293101e-001  9.895083e-001
    outer loop
      vertex -1.042884e+000  5.807111e+000  4.306411e+000
      vertex  8.724272e-001  1.799686e+000  4.705378e+000
      vertex  1.551511e+000  1.261982e+000  4.731423e+000
    endloop
  endfacet
  facet normal -3.812207e-002  7.144181e-002  9.967161e-001
    outer loop
      vertex -1.042884e+000  5.807111e+000  4.306411e+000
      vertex  1.551511e+000  1.261982e+000  4.731423e+000
      vertex  9.724315e-001  5.819317e+000  4.382617e+000
    endloop
  endfacet
  facet normal -1.854557e-002  1.204348e-001  9.925479e-001
    outer loop
      vertex -2.978807e+000  5.092780e+000  4.233838e+000
      vertex -2.797078e-001  1.980408e+000  4.661922e+000
      vertex  8.724272e-001  1.799686e+000  4.705378e+000
    endloop
  endfacet
  facet normal -6.555008e-002  6.591068e-002  9.956701e-001
    outer loop
      vertex -1.637878e+000  5.668099e+000  4.284033e+000
      vertex -2.978807e+000  5.092780e+000  4.233838e+000
      vertex  8.724272e-001  1.799686e+000  4.705378e+000
    endloop
  endfacet
  facet normal -5.452814e-002  7.308096e-002  9.958343e-001
    outer loop
      vertex -1.637878e+000  5.668099e+000  4.284033e+000
      vertex  8.724272e-001  1.799686e+000  4.705378e+000
      vertex -1.042884e+000  5.807111e+000  4.306411e+000
    endloop
  endfacet
  facet normal -6.625752e-002  9.648065e-002  9.931272e-001
    outer loop
      vertex -4.175031e+000  4.168811e+000  4.189442e+000
      vertex -8.670344e-001  1.802319e+000  4.640039e+000
      vertex -2.797078e-001  1.980408e+000  4.661922e+000
    endloop
  endfacet
  facet normal -8.536459e-002  6.273925e-002  9.943725e-001
    outer loop
      vertex -4.175031e+000  4.168811e+000  4.189442e+000
      vertex -2.797078e-001  1.980408e+000  4.661922e+000
      vertex -2.978807e+000  5.092780e+000  4.233838e+000
    endloop
  endfacet
  facet normal -8.514662e-002  7.022195e-002  9.938908e-001
    outer loop
      vertex -8.670344e-001  1.802319e+000  4.640039e+000
      vertex -4.175031e+000  4.168811e+000  4.189442e+000
      vertex -1.378483e+000  1.449063e+000  4.621182e+000
    endloop
  endfacet
  facet normal -1.034427e-001  5.131718e-002  9.933106e-001
    outer loop
      vertex -1.378483e+000  1.449063e+000  4.621182e+000
      vertex -4.175031e+000  4.168811e+000  4.189442e+000
      vertex -5.117160e+000  2.936780e+000  4.154979e+000
    endloop
  endfacet
  facet normal -1.146523e-001  3.278839e-002  9.928645e-001
    outer loop
      vertex -5.117160e+000  2.936780e+000  4.154979e+000
      vertex -5.699434e+000  1.525270e+000  4.134354e+000
      vertex -1.837378e+000  7.899587e-001  4.604613e+000
    endloop
  endfacet
  facet normal -1.047751e-001  4.797725e-002  9.933379e-001
    outer loop
      vertex -1.837378e+000  7.899587e-001  4.604613e+000
      vertex -1.378483e+000  1.449063e+000  4.621182e+000
      vertex -5.117160e+000  2.936780e+000  4.154979e+000
    endloop
  endfacet
  facet normal -1.175593e-001  1.754937e-002  9.929107e-001
    outer loop
      vertex -2.000000e+000  7.586085e-013  4.599321e+000
      vertex -1.837378e+000  7.899587e-001  4.604613e+000
      vertex -5.699434e+000  1.525270e+000  4.134354e+000
    endloop
  endfacet
  facet normal -1.198838e-001  1.185253e-002  9.927171e-001
    outer loop
      vertex -2.000000e+000  7.586085e-013  4.599321e+000
      vertex -5.699434e+000  1.525270e+000  4.134354e+000
      vertex -5.900000e+000 -8.120934e-013  4.128344e+000
    endloop
  endfacet
  facet normal -1.198922e-001  7.030933e-004  9.927867e-001
    outer loop
      vertex -2.000000e+000  7.586085e-013  4.599321e+000
      vertex -5.900000e+000 -8.120934e-013  4.128344e+000
      vertex -5.899788e+000 -5.000000e-002  4.128405e+000
    endloop
  endfacet
  facet normal -1.198834e-001  6.543539e-006  9.927880e-001
    outer loop
      vertex -2.000000e+000  7.586085e-013  4.599321e+000
      vertex -5.899788e+000 -5.000000e-002  4.128405e+000
      vertex -1.999375e+000 -5.000000e-002  4.599397e+000
    endloop
  endfacet
  facet normal -8.520706e-003  6.489107e-002  9.978560e-001
    outer loop
      vertex  1.800000e+000  5.618719e+000  4.414092e+000
      vertex  1.929536e+000  5.262032e-001  4.746367e+000
      vertex  3.065843e+000  5.040896e+000  4.462477e+000
    endloop
  endfacet
  facet normal  1.417398e-001  6.804157e-002  9.875627e-001
    outer loop
      vertex  1.800000e+000  5.618719e+000  4.414092e+000
      vertex  1.800000e+000  8.717798e-001  4.741148e+000
      vertex  1.929536e+000  5.262032e-001  4.746367e+000
    endloop
  endfacet
  facet normal  4.482005e-002  2.731668e-004  9.989950e-001
    outer loop
      vertex  5.899483e+000 -6.301177e-006  4.574594e+000
      vertex  1.999375e+000 -5.000000e-002  4.749586e+000
      vertex  5.899788e+000 -5.000000e-002  4.574594e+000
    endloop
  endfacet
  facet normal  3.440502e-002  3.632285e-002  9.987477e-001
    outer loop
      vertex  1.997418e+000  1.015950e-001  4.749355e+000
      vertex  5.597593e+000  1.864719e+000  4.561213e+000
      vertex  4.904399e+000  3.279788e+000  4.533629e+000
    endloop
  endfacet
  facet normal  2.006999e-002  4.942295e-002  9.985762e-001
    outer loop
      vertex  1.997418e+000  1.015950e-001  4.749355e+000
      vertex  4.904399e+000  3.279788e+000  4.533629e+000
      vertex  4.084761e+000  4.257315e+000  4.501721e+000
    endloop
  endfacet
  facet normal  1.344008e-001  2.845766e-002  9.905183e-001
    outer loop
      vertex  3.065843e+000  5.040896e+000  4.462477e+000
      vertex  1.929536e+000  5.262032e-001  4.746367e+000
      vertex  1.997418e+000  1.015950e-001  4.749355e+000
    endloop
  endfacet
  facet normal  5.264222e-003  5.684728e-002  9.983691e-001
    outer loop
      vertex  1.997418e+000  1.015950e-001  4.749355e+000
      vertex  4.084761e+000  4.257315e+000  4.501721e+000
      vertex  3.065843e+000  5.040896e+000  4.462477e+000
    endloop
  endfacet
  facet normal  4.482340e-002  1.121728e-005  9.989949e-001
    outer loop
      vertex  2.000000e+000  2.269018e-015  4.749557e+000
      vertex  1.999375e+000 -5.000000e-002  4.749586e+000
      vertex  5.899483e+000 -6.301177e-006  4.574594e+000
    endloop
  endfacet
  facet normal  4.481876e-002  1.442334e-002  9.988910e-001
    outer loop
      vertex  2.000000e+000  2.269018e-015  4.749557e+000
      vertex  5.899483e+000 -6.301177e-006  4.574594e+000
      vertex  5.597593e+000  1.864719e+000  4.561213e+000
    endloop
  endfacet
  facet normal  5.058648e-002  3.277853e-003  9.987143e-001
    outer loop
      vertex  2.000000e+000  2.269018e-015  4.749557e+000
      vertex  5.597593e+000  1.864719e+000  4.561213e+000
      vertex  1.997418e+000  1.015950e-001  4.749355e+000
    endloop
  endfacet
endsolid CATIA STL
